53051,Station Papineau (Dorion / Sainte-Catherine)
53045,De Lorimier / De Maisonneuve
53010,De Lorimier / Logan
52895,De Lorimier / Ontario
52813,De Lorimier / de Rouen
52718,De Lorimier / Sherbrooke
52637,De Lorimier / Gauthier
52561,De Lorimier / Rachel
52456,De Lorimier / Marie-Anne
52380,De Lorimier / du Mont-Royal
52267,De Lorimier / Gilford
52220,De Lorimier / Saint-Joseph
52181,De Lorimier / Laurier
52087,De Lorimier / Masson
51953,De Lorimier / Holt
51858,De Lorimier / Rosemont
51824,De Lorimier / de Bellechasse
51738,De Lorimier / Beaubien
51651,De Lorimier / Saint-Zotique
51579,De Lorimier / Bélanger
51497,De Lorimier / Jean-Talon
54320,De Lorimier / Everett
51351,De Lorimier / Villeray
51308,De Lorimier / Tillemont
51260,De Lorimier / Jarry
51233,De Lorimier / Crémazie
