51233,De Lorimier / Crémazie
51200,Crémazie / Chabot
51104,Fabre / Crémazie
51178,Crémazie / Papineau
51223,Crémazie / de Bordeaux
51262,De Lorimier / Jarry
51309,De Lorimier / Tillemont
51353,De Lorimier / Villeray
54321,De Lorimier / Everett
51499,De Lorimier / Jean-Talon
51581,De Lorimier / Bélanger
51652,De Lorimier / Saint-Zotique
51740,De Lorimier / Beaubien
51825,De Lorimier / de Bellechasse
51860,De Lorimier / Rosemont
51954,De Lorimier / Holt
52089,De Lorimier / Masson
52182,De Lorimier / Laurier
52222,De Lorimier / Saint-Joseph
52268,De Lorimier / Gilford
52382,De Lorimier / du Mont-Royal
52457,De Lorimier / Marie-Anne
52563,De Lorimier / Rachel
52614,Rachel / Parthenais
52685,Parthenais / Gauthier
52736,Parthenais / Sherbrooke
52830,Parthenais / de Rouen
52879,Parthenais / Larivière
52936,Parthenais / Ontario
53033,Parthenais / Logan
53063,Parthenais / De Maisonneuve
53046,De Maisonneuve / De Lorimier
53051,Station Papineau (Dorion / Sainte-Catherine)
