55923,Mega Bloks
55989,Hickmore / No 4500
55540,Montée de Liesse / Hickmore
55881,Montée de Liesse / No 110
55514,Montée de Liesse / Bourg
55478,Montée de Liesse / Côte-de-liesse
55851,Côte-de-Liesse / No 7520
55520,Côte-de-Liesse / Hickmore
55541,Côte-de-Liesse / Barr
55842,Passerelle Barr (Côte-de-Liesse / No 6600)
55844,Côte-de-Liesse / No 6400
55601,Côte-de-Liesse / Cavendish
55622,Côte-de-Liesse / Dalton
56110,Passerelle Isabey-Darnley (Côte-de-Liesse/Isabey)
56139,Côte-de-Liesse / No 5750
56120,Côte-de-Liesse / No 5430
56106,Côte-de-Liesse / Décarie
56140,Côte-de-Liesse / Décarie
56141,Côte-de-Liesse / Lucerne
56142,Côte-de-Liesse / Graham
56143,Côte-de-Liesse / Saint-Clare
56144,Côte-de-Liesse / MacNeil
56145,Côte-de-Liesse / Sunset
56115,Côte-de-Liesse / Parc Fleming
56118,Côte-de-Liesse / Villa Mont-Royal
56114,Côte-de-Liesse / Rockland
56119,Centre Rockland
50561,Crémazie / de l'Acadie
53948,Crémazie / de l'Acadie
50579,Crémazie / d'Outremont
50657,Crémazie / de l'Esplanade
50681,Crémazie / de Reims
50665,Crémazie / Clark
50671,Crémazie / Saint-Laurent
50720,Crémazie / Casgrain
50734,Crémazie / Henri-Julien
50769,Station Crémazie Sud (Crémazie / Berri)
