50767,Station Crémazie Nord (Crémazie / Berri)
53947,Crémazie / De Gaspé
50669,Crémazie / Saint-Laurent
50664,Crémazie / Clark
53985,Crémazie / de Reims
50656,Crémazie / de l'Esplanade
50621,Crémazie / Tolhurst
53949,Crémazie / de l'Acadie
55854,Côte-de-Liesse / No 1955
55772,Côte-de-Liesse Nord / Lebeau
55770,Côte-de-Liesse / Montpellier
55853,Office national du film du Canada
55767,Côte-de-Liesse Nord / Houde
55764,Côte-de-Liesse Nord / Laperrière
55761,Côte-de-Liesse Nord / Hébert
55757,Côte-de-Liesse / Sainte-Croix
55827,Décarie / No 255
61573,Saint-Louis / Gohier
55356,Côte-de-Liesse Nord / No 5415
55843,Côte-de-Liesse / No 5805
55655,Passerelle Isabey-Darnley (Côte-de-Liesse/Isabey)
55855,Côte-de-Liesse / No 6015
55602,Côte-de-Liesse / Cavendish
55779,Côte-de-Liesse / No 6395
55860,Passerelle Barr (Côte-de-Liesse / No 6665)
55521,Côte-de-Liesse Nord / McArthur
60711,Côte-de-Liesse / Griffith
55856,Côte-de-Liesse / Montée de Liesse
55479,Montée de Liesse / Côte-de-Liesse
55857,Montée de Liesse / No 180
55515,Montée de Liesse / Bourg
55858,Montée de Liesse / No 110
55539,Montée de Liesse / Hickmore
55538,Hickmore / No 4500
55988,Hickmore / No 4300
55923,Mega Bloks
