53986,Station Charlevoix / voie des bus
52473,Charlevoix / Augustin-Cantin
52377,Saint-Patrick / Thomas-Keefer
53735,Saint-Patrick / Atwater
53939,Saint-Patrick / No 3400
53940,Saint-Patrick / No 3500
53941,Saint-Patrick / No 3550
53942,Saint-Patrick / No 3620
52131,Saint-Patrick / Pitt
53943,Saint-Patrick / No 3826
52032,Saint-Patrick / Angers
52077,Angers / Dunn
52062,Angers / Cabot
52059,Angers / de l'Église
53904,de l'Église / Laurendeau
51908,de l'Église / Eadie
51845,de l'Église / Hadley
51771,de l'Église / No 2244
