53796,Station Vendôme / Terminus
51460,Décarie / Sherbrooke
51373,Côte-Saint-Antoine / Prud'homme
51350,Côte-Saint-Antoine / Botrel
51332,Côte-Saint-Antoine / Girouard
51291,Girouard / Notre-Dame-de-Grâce
51235,Girouard / Duquette
51201,Girouard / de Monkland
51089,Girouard / Côte-Saint-Luc
51015,Somerled / Oxford
50997,Somerled / Wilson
50968,Somerled / Draper
50928,Somerled / Hingston
50911,Somerled / Grand Boulevard
50881,Somerled / Madison
50844,Somerled / Borden
50823,Somerled / Cavendish
50783,Somerled / Walkley
50749,Somerled / King-Edward
50729,Somerled / Mariette
50695,Somerled / Coronation
50673,Somerled / Doherty
50649,Somerled / West Broadway
50576,West Broadway / Fielding
50525,West Broadway / Chester
50489,Connaught / Westmore
