50489,Connaught / Westmore
50526,Chester / West Broadway
50578,West Broadway / Fielding
50651,Somerled / O'Bryan
50674,Somerled / Doherty
50696,Somerled / Coronation
50730,Somerled / Mariette
50750,Somerled / King-Edward
50784,Somerled / Walkley
50825,Somerled / Cavendish
50845,Somerled / Borden
50882,Somerled / Madison
50913,Somerled / Grand Boulevard
50944,Somerled / Hampton
50967,Somerled / Draper
50998,Somerled / Wilson
51025,Somerled / Côte-Saint-Luc
51090,Côte-Saint-Luc / Girouard
51203,Girouard / de Monkland
51236,Girouard / Duquette
54072,Girouard / Notre-Dame-de-Grâce
51327,Notre-Dame-de-Grâce / Décarie
51372,Décarie / Côte-Saint-Antoine
54066,Décarie / Sherbrooke
53936,Station Vendôme (descente)
