56388,Côte-Saint-Luc / Hudson
56396,Côte-Saint-Luc / Sunnybrooke
56399,Côte-Saint-Luc / Robert-Burns
56406,Côte-Saint-Luc / Coronation
56410,Côte-Saint-Luc / Rosedale
56413,Côte-Saint-Luc / Walkley
50606,Côte-Saint-Luc / Cavendish
50627,Côte-Saint-Luc / Randall
56415,Côte-Saint-Luc / West Hill
56317,Côte-Saint-Luc / Grand Boulevard
50798,Grand Boulevard / Fielding
50912,Grand Boulevard / Somerled
50963,Grand Boulevard / de Terrebonne
51034,Grand Boulevard / de Monkland
51061,de Monkland / Hingston
51092,de Monkland / Royal
51122,de Monkland / de Melrose
51154,de Monkland / Harvard
51171,de Monkland / Marcil
51204,de Monkland / Girouard
51243,Décarie / de Monkland
