53799,Station Villa-Maria / Terminus
51202,de Monkland / Girouard
51170,de Monkland / Marcil
51153,de Monkland / Harvard
51121,de Monkland / de Melrose
51091,de Monkland / Royal
51060,de Monkland / Hingston
51033,de Monkland / Grand Boulevard
50962,Grand Boulevard / de Terrebonne
50910,Grand Boulevard / Somerled
50796,Grand Boulevard / Fielding
56318,Côte-Saint-Luc / Kensington
56414,Côte-Saint-Luc / West Hill
50626,Côte-Saint-Luc / Randall
50604,Côte-Saint-Luc / Cavendish
50570,Côte-Saint-Luc / Walkley
56409,Côte-Saint-Luc / Rosedale
56405,Côte-Saint-Luc / Silverson
53798,Côte-Saint-Luc / Saint-Ignatius
56398,Côte-Saint-Luc / Ashdale
56395,Côte-Saint-Luc / Sunnybrooke
56424,Côte-Saint-Luc / Westminster
56378,Côte-Saint-Luc / Wolseley
56418,Smart / Arcadian
56373,Arcadian / Westluke
56361,Westluke / Côte-Saint-Luc
56379,Côte-Saint-Luc / Wolseley
56388,Côte-Saint-Luc / Hudson
