56306,Station Atwater (Tupper / Atwater)
51990,Atwater / Lincoln
51952,Collège Dawson (Sherbrooke/No 3040)
56289,Sherbrooke / Wood
56285,Sherbrooke / Mount-Pleasant
56279,Sherbrooke / Kitchener
56277,Sherbrooke / Redfern
56273,Sherbrooke / Metcalfe
56266,Sherbrooke / Strathcona
56262,Sherbrooke / Lansdowne
56256,Sherbrooke / Victoria
56255,Claremont / Winchester
51558,Station Vendôme (De Maisonneuve / Marlowe)
51516,Upper-Lachine / Girouard
61603,Upper-Lachine / Oxford
61594,Upper-Lachine / Harvard
51409,Upper-Lachine / de Melrose
51378,Upper-Lachine / de Clifton
53814,Saint-Jacques / Beaconsfield
51272,Saint-Jacques / Madison
51405,Saint-Jacques / No 6340
51151,Saint-Jacques / Cavendish
51112,Cavendish / No 2525
51026,Cavendish / Sherbrooke
51030,Cavendish / Sherbrooke
50953,Cavendish / de Monkland
50889,Cavendish / de Terrebonne
50826,Cavendish / Somerled
50724,Cavendish / Fielding
50636,Cavendish / Chester
50603,Cavendish / Côte-Saint-Luc
56411,Cavendish / Merton
56401,Cavendish / Fleet
56392,Cavendish / Kildare
56427,Cavendish / L'Avenue
56356,Cavendish / Mackle
56359,Mackle / Cavendish
56350,Mackle / Centennial
56349,Mackle / Shalom
56342,Mackle / Caldwell
56336,Mackle / Parkhaven
56365,Parkhaven / stationnement
56370,Caldwell / Mapleridge
56421,Caldwell / des Maimonides
