56421,Caldwell / des Maimonides
56341,Caldwell / Mackle
56346,Mackle / Einstein
56351,Mackle / Centennial
56358,Mackle / Cavendish
56340,Collins / Cavendish
56357,Cavendish / Mackle
56419,Cavendish / L'Avenue
56390,Cavendish / Kildare
56400,Cavendish / Heywood
56402,Cavendish / Fleet
56412,Cavendish / Merton
50605,Cavendish / Côte-Saint-Luc
50638,Cavendish / Chester
50726,Cavendish / Fielding
50824,Cavendish / Somerled
50890,Cavendish / de Terrebonne
50955,Cavendish / de Monkland
51028,Cavendish / Sherbrooke
51111,Cavendish / de Maisonneuve
51152,Saint-Jacques / Cavendish
51404,Saint-Jacques / No 6360
51273,Saint-Jacques / Madison
53815,Saint-Jacques / Hingston
51379,Upper-Lachine / de Clifton
51410,Upper-Lachine / de Melrose
51447,Upper-Lachine / Oxford
51490,Upper-Lachine / Girouard
53935,Station Vendôme
56307,Claremont / Burton
56250,Claremont / Sherbrooke
56258,Sherbrooke / Grosvenor
56263,Sherbrooke / Lansdowne
56267,Sherbrooke / Strathcona
56274,Sherbrooke / Metcalfe
56278,Sherbrooke / Redfern
56281,Sherbrooke / Clarke
56286,Sherbrooke / Greene
56290,Sherbrooke / Wood
51951,Collège Dawson (Sherbrooke / Atwater)
52007,Atwater / De Maisonneuve
56301,Station Atwater
