50741,Gare Montréal-Ouest (Elmusrt/Sherbrooke)
53792,Sherbrooke / Westmore
50765,Sherbrooke / West Broadway
50831,Université Concordia / Campus Loyola
50855,Sherbrooke / Coronation
50900,Sherbrooke / Mariette
50946,Sherbrooke / King-Edward
50992,Sherbrooke / Walkley
51029,Sherbrooke / Cavendish
51078,Sherbrooke / Benny
51135,Sherbrooke / Madison
51163,Sherbrooke / Grand Boulevard
51212,Sherbrooke / Hingston
51268,Sherbrooke / de Clifton
51314,Sherbrooke / Wilson
51345,Sherbrooke / Oxford
51399,Sherbrooke / Girouard
51463,Sherbrooke / Décarie
53936,Station Vendôme (descente)
