53797,Station Vendôme / Terminus
51460,Décarie / Sherbrooke
51396,Sherbrooke / Girouard
51344,Sherbrooke / Oxford
51313,Sherbrooke / Wilson
51259,Sherbrooke / Royal
51211,Sherbrooke / Hingston
51162,Sherbrooke / Grand Boulevard
51134,Sherbrooke / Madison
51077,Sherbrooke / Benny
51027,Sherbrooke / Cavendish
50991,Sherbrooke / Walkley
50945,Sherbrooke / King-Edward
50899,Sherbrooke / Mariette
50854,Sherbrooke / Coronation
53806,Université Concordia / Campus Loyola
50763,Sherbrooke / West Broadway
50747,Sherbrooke / Patricia
50741,Gare Montréal-Ouest (Elmusrt/Sherbrooke)
