56759,Terminus Lafleur / Newman
56772,Lafleur / Airlie
61551,Lafleur / Centrale
56780,Centrale / Orchard
57074,Centrale / No 9504
57051,Centrale / No 9389
56793,Centrale / 90e Avenue
56801,90e Avenue / Red Cross
56805,90e Avenue / Airlie
56806,90e Avenue / Airlie
57047,90e Avenue / Boivin
57049,90e Avenue / Radisson
57083,90e Avenue / Newman
56834,Newman / Dollard
56835,Newman / Dollard
57075,CLSC de LaSalle (Newman / No 8550)
56853,Newman / Shevchenko
56863,Newman / Lise
56881,Newman / Thierry
56889,Newman / No 7700
56900,Newman / Lapierre
56726,Newman / No 7475
56920,Newman / Léger
56938,Newman / No 7214
56945,Newman / Senkus
56951,Newman / Guy-Bouchard
56960,Newman / Angrignon
60633,Angrignon / face aux tours Angrignon
54110,Station Angrignon / Terminus
