54346,des Pins / du Docteur-Penfield
52106,Peel / des Pins
52177,Peel / du Docteur-Penfield
52276,Peel / Sherbrooke
52338,Station Peel (Peel / De Maisonneuve)
52398,Peel / Sainte-Catherine
52484,Peel / René-Lévesque
52556,Station Bonaventure (Peel / De La Gauchetière)
52619,Peel / Saint-Antoine
52661,Peel / Saint-Jacques
52744,École de technologie supérieure (Peel/Notre-Dame)
53871,Peel / Ottawa
52920,Peel / Wellington
52898,Wellington / Murray
52925,Wellington / Bridge
53870,du Centre / De Condé
52829,du Centre / de la Sucrerie
52796,du Centre / Shearer
52716,du Centre / Island
52623,du Centre / Ropery
53699,Station Charlevoix (Charlevoix / de Châteauguay)
52599,Charlevoix / Grand Trunk
53868,d'Argenson / Voie ferrée
56606,LaSalle / Gibbons
56608,LaSalle / Henri-Duhamel
56602,de Verdun / Caisse
56598,de Verdun / Strathmore
56596,de Verdun / Régina
56594,de Verdun / Hickson
56592,de Verdun / de l'Église
56588,de Verdun / Galt
56686,Station Verdun (de Verdun / Willibrord)
56586,de Verdun / 2e Avenue
56585,de Verdun / 4e Avenue
56582,de Verdun / Desmarchais
56578,de Verdun / Woodland
56576,de Verdun / Beatty
56572,de Verdun / Manning
61320,de Verdun / No 5969
56704,LaSalle / Riverview
56565,LaSalle / Valiquette
56552,Stephens / LaSalle
