56552,Stephens / LaSalle
56566,LaSalle / Valiquette
56693,de Verdun / Brault
56573,de Verdun / Manning
56577,de Verdun / Beatty
56580,de Verdun / Woodland
56583,de Verdun / Desmarchais
56584,de Verdun / 5e Avenue
56587,de Verdun / 2e Avenue
56685,Station Verdun (de Verdun / Willibrord)
56590,de Verdun / Galt
56593,de Verdun / de l'Église
56595,de Verdun / Hickson
56597,de Verdun / Régina
56600,de Verdun / Strathmore
56603,de Verdun / Caisse
56605,de Verdun / Henri-Duhamel
56607,LaSalle / Gibbons
52505,D'Argenson / Grand Trunk
52460,D'Argenson / du Centre
52547,Station Charlevoix (Centre / Charlevoix)
52624,du Centre / Ropery
52717,du Centre / Island
52798,du Centre / Shearer
53676,du Centre / de la Sucrerie
54103,du Centre / Wellington
52926,Wellington / Bridge
52913,Wellington / Young
52921,Peel / Wellington
53872,Peel / Ottawa
52743,École de technologie supérieure (Peel/Notre-Dame)
52659,Peel / Saint-Jacques
52617,Peel / Saint-Antoine
52550,Station Bonaventure (Peel / De La Gauchetière)
52482,Place du Canada (René-Lévesque / Peel)
52397,Peel / Sainte-Catherine
52336,Station Peel (Peel / De Maisonneuve)
52275,Peel / Sherbrooke
52176,Peel / du Docteur-Penfield
53843,du Docteur-Penfield / Réservoir McTavish
54346,des Pins / du Docteur-Penfield
