56308,Station Atwater (Tupper / Atwater)
52086,Atwater / Dorchester
56304,Atwater / Saint-Antoine
61655,Atwater / Saint-Jacques
52245,Atwater / Notre-Dame
52289,Marché Atwater (Atwater / Sainte-Émilie)
56604,Henri-Duhamel / de Verdun
56709,LaSalle / Caisse
56624,de Rushbrooke / LaSalle
56688,Station LaSalle
56714,Caisse / de Verdun
56713,Joseph / Strathmore
56574,Joseph / Régina
56570,Dupuis / Claude
56563,Bannantyne / Hickson
56561,Bannantyne / de l'Église
56557,Bannantyne / Galt
56555,Bannantyne / Rielle
56553,Bannantyne / 1re Avenue
56550,Bannantyne / 4e Avenue
56548,Bannantyne / Desmarchais
56544,Bannantyne / Woodland
56542,Bannantyne / Moffat
56540,Bannantyne / Brown
56538,Bannantyne / Allard
56537,Bannantyne / Rolland
56703,Parc Hadley (Bannantyne / Stephens)
