56703,Parc Hadley (Bannantyne / Stephens)
56539,Bannantyne / Allard
56541,Bannantyne / Brault
56543,Bannantyne / Moffat
56546,Bannantyne / Woodland
56549,Bannantyne / Desmarchais
56551,Bannantyne / 4e Avenue
56554,Bannantyne / 1re Avenue
56556,Bannantyne / Rielle
56559,Bannantyne / Galt
56562,Bannantyne / de l'Église
56564,Bannantyne / Hickson
56569,Dupuis / Newmarch
56575,Joseph / Régina
56599,Strathmore / de Verdun
56622,Strathmore / LaSalle
56687,Station LaSalle
56601,Caisse / de Verdun
56605,de Verdun / Henri-Duhamel
53894,Atwater / du Centre
52290,Marché Atwater (Atwater / Sainte-Émilie)
52243,Atwater / Notre-Dame
54181,Station Lionel-Groulx (Atwater / L.-Groulx)
52193,Atwater / Saint-Jacques
56303,Atwater / Saint-Antoine
52085,Atwater / du Souvenir
56297,Station Atwater (Atwater / Sainte-Catherine)
