54112,Station Angrignon / Terminus
57110,Carr. Angrignon; entrée est (Angrignon/No 2221)
57111,Carr. Angrignon; entrée nord (Angrignon/No 2500)
60456,Angrignon / Cordner
61604,Angrignon / Saint-Patrick
57104,Senkus / Saint-Patrick
56904,Senkus / Brasserie Labatt
57112,Senkus / Cordner
56886,Cordner / No 7213
56901,Cordner / Léger
56856,Cordner / Lapierre
56845,Cordner / Shirley
56839,Cordner / Chopin
56859,Robidoux / Dufresne
56874,Robidoux / Juliette
56866,Juliette / Ménard
56723,Ménard / Dufresne
56841,Benoît / Armel
56838,Benoît / Lise
57069,Juliette / Préville
56852,Shevchenko / Newman
56869,Shevchenko / David-Boyer
56890,Shevchenko / Lemieux
56913,Shevchenko / Robert
56924,Shevchenko / Jean-Brillon
57043,Shevchenko / Jean-Chevalier
56949,Shevchenko / Bouvier
56963,Shevchenko / De La Vérendrye
57095,Champlain / Bishop-Power
57096,Gagné / Centre Lecavalier
57097,Gagné / George
56978,Gagné / Lévis-Sauvé
56987,Centrale / 16e Avenue
56997,Centrale / 12e Avenue
57006,Centrale / Bishop-Power
57010,Centrale / 8e Avenue
57011,Centrale / 5e Avenue
57012,Centrale / 2e Avenue
57013,Centrale / Lacharité
57103,Lacharité / Bannon
57023,Édouard / Alepin
