57023,Édouard / Alepin
57018,Édouard / 2e Avenue
57016,Édouard / 5e Avenue
57014,Édouard / 8e Avenue
57044,Bishop-Power / No 220
57004,Bishop-Power / No 506
56981,George / 11e Avenue
56976,George / Gagné
57094,Gagné / Champlain
56972,Champlain / Bishop-Power
56964,Shevchenko / De La Vérendrye
56948,Shevchenko / Bouvier
56728,Shevchenko / Jean-Chevalier
56922,Shevchenko / Jean-Brillon
56912,Shevchenko / Robert
56884,Shevchenko / Lefebvre
56868,Shevchenko / David-Boyer
56850,Shevchenko / Newman
56854,Shevchenko / Juliette
56849,Juliette / Lise
56837,Lise / Benoît
56842,Benoît / Rousseau
56724,Benoît / Ménard
56867,Ménard / Juliette
56875,Robidoux / Juliette
56855,Robidoux / Desaulniers
56840,Cordner / Chopin
56846,Cordner / Shirley
56857,Cordner / Lapierre
57036,Cordner / Léger
57042,Cordner / No 7213
56906,Cordner / Senkus
57109,Carr. Angrignon; entrée nord (Angrignon/No 2500)
57108,Carr. Angrignon; entrée est (Angrignon/No 2221)
60633,Angrignon / face aux tours Angrignon
54112,Station Angrignon / Terminus
