53833,Ridgewood / No 3635
53741,Ridgewood / No 3600
53742,Ridgewood / No 3550
53971,Ridgewood / No 3440
53743,Ridgewood / No 3360
54078,Ridgewood / No 3280
51428,Ridgewood / Côte-des-Neiges
51487,Côte-des-Neiges / Forest Hill
51544,Remembrance / Royal Canadian Hussars
53992,Lac aux Castors Ouest
54351,Remembrance / Cavalerie du SPVM
53744,Remembrance / Chemin du Chalet
53747,Observatoire Camillien-Houde
51879,du Mont-Royal / du Parc
51884,du Mont-Royal / Jeanne-Mance
51939,du Mont-Royal / Saint-Urbain
51966,du Mont-Royal / Saint-Laurent
52006,du Mont-Royal / De Bullion
52036,du Mont-Royal / Henri-Julien
52057,du Mont-Royal / Saint-Denis
52083,Station Mont-Royal (du Mont-Royal / Berri)
52101,du Mont-Royal / Resther
52138,du Mont-Royal / de Mentana
52247,Christophe-Colomb / Marie-Anne
52322,Christophe-Colomb / Rachel
