52322,Christophe-Colomb / Rachel
52271,De La Roche / Marie-Anne
52160,du Mont-Royal / Christophe-Colomb
52137,du Mont-Royal / de Mentana
52100,du Mont-Royal / Saint-Hubert
54005,Station Mont-Royal
52055,du Mont-Royal / Saint-Denis
52035,du Mont-Royal / Henri-Julien
52005,du Mont-Royal / De Bullion
51972,du Mont-Royal / Saint-Laurent
51937,du Mont-Royal / Saint-Urbain
51881,du Mont-Royal / du Parc
54159,du Mont-Royal / Côte-Sainte-Catherine
53748,Observatoire Camillien-Houde
53745,Remembrance / Chemin du Chalet
53838,Remembrance / Cavalerie du SPVM
54133,Lac aux Castors Ouest
51486,Côte-des-Neiges / Forest Hill
51426,Côte-des-Neiges / Ridgewood
51321,Côte-des-Neiges / Decelles
61393,Gatineau / Queen-Mary
