54106,Station Angrignon / Terminus
51688,des Trinitaires / Jogues
51762,des Trinitaires / Dumas
53897,Parc Angrignon
57000,De La Vérendrye / Ducas
56986,De La Vérendrye / Lapierre
57086,De La Vérendrye / Melatti
56973,Bishop-Power / George
56983,George / 9e Avenue
56990,9e Avenue / Broadway
57005,Centrale / Bishop-Power
56996,Centrale / 12e Avenue
56988,Centrale / Cyrenne
56984,Centrale / Blais
56975,Centrale / Raymond
56957,Centrale / 31e Avenue
56952,Centrale / 35e Avenue
56936,Centrale / 40e Avenue
56926,Centrale / 43e Avenue
56910,Centrale / 63e Avenue
56896,Champlain / No 8700
56897,Beyries / Champlain
56894,Latour / Centrale
56882,Centrale / 66e Avenue
56876,67e Avenue / LaSalle
56872,LaSalle / No 8912
57099,75e Avenue / LaSalle
57053,Centrale / 76e Avenue
56823,Centrale / Duquette
56814,Centrale / Cavelier-De LaSalle
56792,Centrale / 90e Avenue
57064,LaSalle / Orchard
56765,LaSalle / Lafleur
57088,Lafleur / Chatelle
60870,Terminus Lafleur / Newman
56772,Lafleur / Airlie
60871,Lafleur / Monette
56756,LaSalle / Bélanger
56753,LaSalle / des Oblats
57107,Parc des Saints-Anges
56751,LaSalle / Stirling
56737,LaSalle / Dupras
56742,Airlie / Riverview
56750,Airlie / Stirling
56747,Dalmany / Highlands
56745,Stirling / Beauchamp
56743,Stirling / Saint-Patrick
56739,Saint-Patrick / Dupras
56735,Saint-Patrick / Lacroix
56730,Saint-Patrick / Lyette
57347,Saint-Joseph / 8e Avenue
57250,10e Avenue / Saint-Louis
57251,10e Avenue / Notre-Dame
57361,10e Avenue / Victoria
57246,10e Avenue / Saint-Antoine
57242,10e Avenue / Provost
57240,Sherbrooke / 11e Avenue
57234,Sherbrooke / 14e Avenue
57233,Duff Court / Roy
57219,Duff Court / Esther-Blondin
57228,Duff Court / Roy
57209,Duff Court / 24e Avenue
57211,24e Avenue / Sherbrooke
57213,24e Avenue / Provost
60393,24e Avenue / Saint-Antoine
57331,Saint-Antoine / Place d'Accueil
60398,Saint-Antoine / Place d'Accueil
57358,28e Avenue / Remembrance
