57358,28e Avenue / Remembrance
57286,Remembrance / 32e Avenue
57198,32e Avenue / Saint-Antoine
57339,Saint-Antoine / Place d'Accueil
57282,Saint-Antoine / Holon
57206,25e Avenue / Provost
57205,25e Avenue / Sherbrooke
57342,25e Avenue / Autoroute 20
57210,Duff Court / 24e Avenue
57229,Duff Court / Roy
60425,Esther-Blondin / Duff Court
57222,Esther-Blondin / Provost
57231,Provost / 16e Avenue
57237,Provost / 12e Avenue
57244,Provost / 10e Avenue
57245,10e Avenue / Saint-Antoine
57248,10e Avenue / Victoria
57252,10e Avenue / Notre-Dame
57254,Notre-Dame / 8e Avenue
57260,Notre-Dame / 6e Avenue
57315,6e Avenue / Saint-Louis
57263,6e Avenue / Saint-Joseph
57054,Saint-Patrick / Lyette
56736,Saint-Patrick / Lacroix
56740,Saint-Patrick / Dupras
56744,Stirling / Saint-Patrick
56746,Stirling / Beauchamp
56748,Stirling / William-Fleming
56749,Stirling / Airlie
56741,Airlie / Riverview
56738,Airlie / Dupras
56752,LaSalle / Stirling
57106,Parc des Saints-Anges
56754,LaSalle / des Oblats
57091,LaSalle / Bélanger
56768,Lafleur / Chatelle
60869,Terminus Lafleur / Newman
56769,Lafleur / Centrale
56766,LaSalle / Lafleur
56774,LaSalle / Orchard
56791,90e Avenue / Centrale
56813,Centrale / Cavelier-De LaSalle
56824,Centrale / Duquette
56725,Centrale / Terrasse Centrale
57098,75e Avenue / LaSalle
56870,LaSalle / No 8912
56871,68e Avenue / LaSalle
57093,68e Avenue / Centrale
56883,Centrale / 66e Avenue
56895,Latour / Centrale
56898,Latour / Beyries
57092,Champlain / No 8700
56911,Centrale / 63e Avenue
56927,Centrale / 43e Avenue
56937,Centrale / 40e Avenue
56954,Centrale / 35e Avenue
56958,Centrale / 31e Avenue
56974,Centrale / Raymond
56985,Centrale / Murphy
56987,Centrale / 16e Avenue
56997,Centrale / 12e Avenue
57006,Centrale / Bishop-Power
57004,Bishop-Power / No 506
56979,Bishop-Power / George
56971,Bishop-Power / Champlain
57081,Bourdeau / Shevchenko
57087,Bourdeau / No 7675
57079,Bourdeau / Thierry
57080,Bourdeau / Lapierre
57001,De La Vérendrye / Ducas
53896,Parc Angrignon
51785,des Trinitaires / D'Aragon
51687,des Trinitaires / Jogues
51611,des Trinitaires / Lamont
54106,Station Angrignon / Terminus
