54101,Station Jolicoeur (Drake / Jolicoeur)
56534,Champlain / 5e Avenue
56530,Champlain / Desmarchais
56527,Champlain / Woodland
56522,Beurling / Moffat
56520,Beurling / Brown
56518,Beurling / Allard (O)
56517,Beurling / Rolland
56513,Rolland / No 1411
56511,Rolland / Champlain
56508,Champlain / Stephens
56668,Hôpital Douglas (Champlain / No 7070)
56667,Champlain / No 7100
56499,Champlain / Crawford
56497,Champlain / Fayolle
57008,Champlain / Centrale
57003,Champlain / Allion
56998,Broadway / 2e Avenue
56994,Broadway / 4e Avenue
56992,Broadway / 6e Avenue
56989,Broadway / 9e Avenue
56982,9e Avenue / George
56981,George / 11e Avenue
56976,George / Gagné
56959,George / Raymond
56946,Raymond / 30e Avenue
57040,Champlain / No 8398
56929,Champlain / 35e Avenue
56917,Dollard / Champlain
56903,Dollard / De La Vérendrye
57062,Salley / Dollard
56865,Salley / 75e Avenue
56861,75e Avenue / Beauport
56848,Airlie / 76e Avenue
56828,Airlie / 80e Avenue
56819,Airlie / Place Airlie
57076,Airlie / 90e Avenue
57038,Airlie / Labatt
60874,Airlie / Newman
