60874,Airlie / Newman
56772,Lafleur / Airlie
61551,Lafleur / Centrale
56780,Centrale / Orchard
56790,Behrens / Airlie
57077,Airlie / 90e Avenue
57039,Place Airlie (Airlie / No 9189)
56829,Airlie / 80e Avenue
56847,Airlie / 76e Avenue
56860,75e Avenue / Beauport
56864,75e Avenue / Salley
56893,Salley / Dollard
56902,Bibliothèque L'Octogone (Dollard/De La Vérendrye)
56916,Hôpital de LaSalle
56930,Champlain / 35e Avenue
56933,Champlain / No 8398
56947,Champlain / Raymond
56967,George / Gamelin
56977,George / Gagné
56980,George / Bishop-Power
56983,George / 9e Avenue
56991,Broadway / 8e Avenue
56993,Broadway / 6e Avenue
56995,Broadway / 4e Avenue
56999,Broadway / 2e Avenue
57002,Broadway / Alepin
57009,Champlain / Centrale
56498,Champlain / Parkdale
56501,Champlain / No 7100
56502,Hôpital Douglas
56507,Champlain / Stephens
56512,Stephens / No 1482
56516,Stephens / Beurling
56519,Beurling / Allard (E)
56521,Beurling / Brown
56523,Beurling / Moffat
56528,Champlain / Woodland
56531,Champlain / Desmarchais
56533,Champlain / 5e Avenue
54101,Station Jolicoeur (Drake / Jolicoeur)
