60875,Terminus Lafleur / Newman
57055,Lafleur / Wanklyn
56778,Lafleur / Wanklyn
56784,Jean-Milot / Lafleur
56764,Jean-Milot / Louis-Fortier
56761,Bergevin / des Oblats
56733,Bergevin / No 318
56755,Bergevin / Jean-Milot
57066,Bergevin / No 411
56757,Bergevin / Clément
56776,Clément / Louis-Fortier
56788,Clément / Lafleur
56799,Clément / d'Amour
56810,Clément / Trudeau
56803,Trudeau / Jean-Milot
56817,Newman / 90e Boulevard
56834,Newman / Dollard
56832,Dollard / Gloria
56844,Dollard / Réjane
57105,Dollard / Chartrand
56873,Dollard / Saguenay
57067,Jean-Brillon / Marie-Claire
56888,Jean-Brillon / Rancourt
56909,Jean-Brillon / Patrice
56914,Jean-Brillon / Boursier
56925,Jean-Brillon / Shevchenko
56932,Jean-Brillon / Bernie
56940,Jean-Brillon / Thierry
56941,Jean-Brillon / Lapierre
56956,Lapierre / Jean-Chevalier
56966,Lapierre / Leclerc
57058,Cégep André-Laurendeau
57001,De La Vérendrye / Ducas
53896,Parc Angrignon
51785,des Trinitaires / D'Aragon
51687,des Trinitaires / Jogues
51611,des Trinitaires / Lamont
54107,Station Angrignon / Terminus
