54107,Station Angrignon / Terminus
51688,des Trinitaires / Jogues
51762,des Trinitaires / Dumas
53897,Parc Angrignon
57000,De La Vérendrye / Ducas
57059,Cégep André-Laurendeau
56965,Lapierre / Leclerc
56955,Lapierre / Jean-Chevalier
56942,Jean-Brillon / Lapierre
56939,Jean-Brillon / Thierry
56931,Jean-Brillon / Bernie
56923,Jean-Brillon / Shevchenko
57056,Jean-Brillon / Maurice
56908,Jean-Brillon / Patrice
56887,Jean-Brillon / Rancourt
56878,Jean-Brillon / Dollard
56858,Dollard / David-Boyer
56843,Dollard / Réjane
56836,Newman / Dollard
57065,Newman / No 9100
56811,Newman / Jean-Milot
56802,Jean-Milot / Trudeau
56809,Trudeau / Clément
56798,Clément / d'Amour
56787,Clément / Lafleur
56775,Clément / Louis-Fortier
56758,Bergevin / Clément
57068,Bergevin / No 398
57057,Jean-Milot / Bergevin
56732,Bergevin / No 318
56762,Bergevin / des Oblats
56763,Jean-Milot / des Oblats
56782,Jean-Milot / Lafleur
56777,Lafleur / Wanklyn
56734,Lafleur / Distillerie Seagram
60875,Terminus Lafleur / Newman
