56146,Kraft-Heinz / Entrée nord
56148,Kraft-Heinz / Entrée sud
56014,Devonshire / No 8335
56016,Devonshire / Royalmount
56013,Royalmount / Montview
53887,Royalmount / Paramax (descente)
53889,Royalmount / Pharmascience
53891,Royalmount / No 6150
50397,Royalmount / Biotech
53890,Royalmount / D.S.M.
53888,Royalmount / Paramax
56135,Royalmount / Montview
56108,Ferrier / Montview
56021,Ferrier / Devonshire
56026,Paré / Devonshire
56109,Paré / No 5530
56010,Paré / No 5420
50478,Paré / Décarie
54195,Station Namur (Jean-Talon / Décarie)
