54262,Station Namur (Décarie / Jean-Talon)
50479,Paré / Décarie
56009,Paré / No 5415
56011,Paré / No 5525
56025,Paré / Devonshire
56022,Ferrier / Devonshire
56107,Ferrier / Montview
56012,Montview / Royalmount
53887,Royalmount / Paramax (descente)
53889,Royalmount / Pharmascience
53891,Royalmount / No 6150
50397,Royalmount / Biotech
53890,Royalmount / D.S.M.
53888,Royalmount / Paramax
56135,Royalmount / Montview
56017,Royalmount / Devonshire
56018,Devonshire / No 8335
56149,Kraft-Heinz / Entrée sud
56147,Kraft-Heinz / Entrée nord
56146,Kraft-Heinz / Entrée nord
