57115,Claire / Croissant Claire
57116,Claire / Claire Crescent
57235,Norman / No 1400
57241,Norman / No 1100
57320,Norman / No 435
56452,Norman / Richer
56453,Norman / No 360
56490,Norman / No 255
56493,Norman / No 230
56491,Norman / Émile-Pominville
56465,Milton / de l'Union
56477,Milton / Mount-Vernon
56446,Ronald / Avon
56478,Saint-Jacques / Ouellette
56467,Saint-Jacques / Boyer
56475,Saint-Pierre / Notre-Dame
57100,Dollard / No 850
60502,Elmslie / Luno
57102,Lafleur / Larente
56789,Lafleur / Clément
56781,Lafleur / Jean-Milot
56777,Lafleur / Wanklyn
56734,Lafleur / Distillerie Seagram
60876,Terminus Lafleur / Newman
