60876,Terminus Lafleur / Newman
57055,Lafleur / Wanklyn
56778,Lafleur / Wanklyn
56783,Lafleur / Jean-Milot
56786,Lafleur / Clément
57101,Lafleur / Larente
60500,Elmslie / Luno
56797,Dollard / Saint-Patrick
56471,Saint-Pierre / Notre-Dame
56469,Saint-Jacques / Boyer
56479,Saint-Jacques / Duranceau
56487,Saint-Jacques / No 92
56444,Avon / Ronald
56476,Milton / Mount-Vernon
56464,Milton / de l'Union
56486,des Érables / Émile-Pominville
56494,Norman / No 230
56454,Norman / No 255
56489,Norman / No 360
56451,Norman / Richer
57114,Norman / No 435
57319,Norman / No 1100
57318,Norman / No 1400
61382,Norman / Claire
57340,Norman / Claire
57115,Claire / Croissant Claire
