55922,Station du Collège Sud (Saint-Louis / Ouimet)
55703,Station du Collège Nord (Décarie / du Collège)
55714,du Collège / Saint-Germain
55726,du Collège / Filiatrault
55697,Sainte-Croix / de l'Église
55684,Sainte-Croix / Decelles
55663,Sainte-Croix / Côte-Vertu
55634,Rochon / O'Brien
55612,Tassé / Sainte-Croix
55637,Dutrisac / Tassé
55608,Dutrisac / Deguire
55585,Dutrisac / Poirier
55832,Dutrisac / du Ruisseau
55546,Dutrisac / Cléroux
55525,Henri-Bourassa / Filion
55507,Henri-Bourassa / Dépatie
55834,O'Brien / Voie ferrée C.P.
50213,O'Brien / Dudemaine
53854,O'Brien / de Louisbourg
50195,O'Brien / De Salaberry
53852,O'Brien / Forbes
53863,Forbes / Saint-Évariste
50164,Saint-Évariste / Gouin
50169,Gouin / O'Brien
