50169,Gouin / O'Brien
53853,O'Brien / Forbes
50197,O'Brien / De Salaberry
53855,O'Brien / de Louisbourg
50215,O'Brien / Dudemaine
55833,O'Brien / Voie ferrée C.P.
55509,Henri-Bourassa / Dépatie
55526,Henri-Bourassa / Filion
55547,Henri-Bourassa / Norman
55567,Dutrisac / du Ruisseau
55586,Dutrisac / Poirier
55610,Dutrisac / Deguire
55636,Dutrisac / Tassé
55611,Tassé / Sainte-Croix
55635,O'Brien / Rochon
55657,O'Brien / Côte-Vertu
55664,Sainte-Croix / Côte-Vertu
55685,Sainte-Croix / Decelles
55698,Sainte-Croix / de l'Église
55725,Sainte-Croix / du Collège
55732,Sainte-Croix / Cartier
55922,Station du Collège Sud (Saint-Louis / Ouimet)
