51157,Station Côte-des-Neiges Est / Lacombe
51167,Decelles / Édouard-Montpetit
51214,Édouard-Montpetit / McKenna
51248,Édouard-Montpetit / Louis-Colin
53877,Station Université-de-Montréal
51287,Édouard-Montpetit / Woodbury
51319,Édouard-Montpetit / de Stirling
51388,Station Édouard-Montpetit
56184,Vincent-d'Indy / Willowdale
56175,Vincent-d'Indy / Côte-Sainte-Catherine
56188,Côte-Sainte-Catherine / Dunlop
56196,Côte-Sainte-Catherine / Courcelette
56201,McEachran / Côte-Sainte-Catherine
56189,McEachran / Bernard
56182,McEachran / Lajoie
56171,McEachran / Van Horne
56165,McEachran / Ducharme
56159,McEachran / Rockland
56111,Rockland / No 189
56112,Rockland / Monmouth
56090,Rockland / Lockhart
56089,Rockland / Fernlea
56082,Rockland / Vivian
56080,Rockland / Beverley
56063,Rockland / Melbourne
56056,Rockland / Revere
56049,Rockland / Brittany
56048,Brittany / Ainsley
56042,Brittany / Sheridan
56137,Parc Ernest-B.-Jubien (Brittany / Douglas)
56043,Brittany / Sheridan
56045,Brittany / Laird
56052,Laird / Ainsley
56129,Laird / Dumfries
56059,Laird / Melbourne
56060,Laird / Jasper
59676,Laird / Canora
