59676,Laird / Canora
56065,Graham / Dunkirk
56062,Lombard / Graham
56072,Laird / Dunkirk
56075,Regent / Cornwall
60679,Laird / Beverley
56058,Laird / Melbourne
56053,Laird / Highfield
56051,Laird / Ainsley
56044,Laird / Brittany
56113,Brittany / Résidence Douglas
56151,Brittany / Sheridan
56150,Brittany / Iroquois
56050,Brittany / Rockland
56057,Rockland / Revere
56064,Rockland / Melbourne
56081,Rockland / Beverley
56083,Rockland / Vivian
56086,Rockland / Dunrae
56091,Rockland / Lockhart
56130,Rockland / Graham
56099,Rockland / Beaumont
56219,Rockland / No 1000
56162,Rockland / Ducharme
56169,Rockland / Van Horne
56179,Rockland / Lajoie
56183,Rockland / Bernard
56195,Rockland / Côte-Sainte-Catherine
56187,Côte-Sainte-Catherine / Claude-Champagne
56178,Vincent-d'Indy / Côte-Sainte-Catherine
51387,Station Édouard-Montpetit
50114,CEPSUM (Édouard-Montpetit / No 2141)
51318,Édouard-Montpetit / de Stirling
51286,Édouard-Montpetit / Woodbury
53878,Station Université-de-Montréal
51247,Édouard-Montpetit / Louis-Colin
51213,Édouard-Montpetit / McKenna
51168,Édouard-Montpetit / Decelles
51230,Decelles / Jean-Brillant
51188,Jean-Brillant / Côte-des-Neiges
54327,Jean-Brillant / Légaré
54328,Lavoie / Isabella
54329,Lacombe / Légaré
51157,Station Côte-des-Neiges Est / Lacombe
