60699,Terminus de la Pointe-Sud
60693,de la Pointe-Sud / des Parulines
60694,de la Pointe-Sud / des Sommets
56654,de l'Île-des-Soeurs / De Gaspé
56656,de l'Île-des-Soeurs / François
56663,de l'Île-des-Soeurs / Darwin
56661,de l'Ile-des-Soeurs / Berlioz
56657,de l'Île-des-Soeurs / Abélard
56721,Marguerite-Bourgeoys / de l'Île-des-Soeurs
56698,Marguerite-Bourgeoys / Marie-Le Ber
56681,Marguerite-Bourgeoys / du Club-Marin
56679,du Golf / No 1060
56677,du Golf / No 1050
56675,du Golf / No 800
56673,du Golf / William-Paul
56671,du Golf / No 500
56652,du Golf / No 210
60196,Place du Commerce / Provigo
56683,Place du Commerce / Centre Le Village
56496,Place du Commerce / Cité de l'Île
56695,René-Lévesque / Berlioz
56702,René-Lévesque / Levert
60748,Campus Bell (de la Pointe-Nord/J.-Le Ber)
61562,Gaétan-Laberge / Gilberte-Dubé
61563,Gaétan-Laberge / Rhéaume
61571,Stade Ronald-Piché (Gaétan-Laberge / No 3750)
61572,Gaétan-Laberge / Hickson
56645,de l'Église / LaSalle
61564,Station de l'Église / Ross
