61564,Station de l'Église / Ross
56630,Station de l'Église (Galt / Wellington)
56648,Galt / LaSalle
61566,Gaétan-Laberge / de l'Église
61567,Gaétan-Laberge / Hickson
61568,Stade Ronald-Piché (Gaétan-Laberge / No 3750)
61569,Gaétan-Laberge / Rhéaume
61570,Gaétan-Laberge / Gilberte-Dubé
56670,du Golf / No 300
56672,du Golf / No 500
56674,du Golf / William-Paul
56676,du Golf / No 800
56678,du Golf / No 1050
56680,du Golf / No 1060
56495,Marguerite-Bourgeoys / du Club-Marin
56699,Marguerite-Bourgeoys / de la Forêt
56720,Marguerite-Bourgeoys / de l'Île-des-Soeurs
56655,de l'Île-des-Soeurs / Abélard
56700,de l'Île-des-Soeurs / Berlioz
56660,de l'Île-des-Soeurs / Elgar
56653,de l'Île-des-Soeurs / De Gaspé
60400,de l'Île-des-Soeurs / Hall
60696,de la Pointe-Sud / de l'Orée-du-Bois
60697,de la Pointe-Sud / des Parulines
60699,Terminus de la Pointe-Sud
