55934,Beaulac / Thimens
55936,Beaulac / Thimens
55349,Thimens / Place Vertu
55454,Thimens / Cavendish
55892,Cavendish / Place Vertu
55503,Côte-Vertu / Hocquart
55516,Côte-Vertu / Hills
55898,Côte-Vertu / No 2308
55556,Côte-Vertu / Alexis-Nihon
55581,Côte-Vertu / Marlatt
55596,Côte-Vertu / Marcel-Laurin
55604,Côte-Vertu / Leduc
55624,Côte-Vertu / Cardinal
55639,Station Côte-Vertu (Côte-Vertu / Décarie)
55650,Côte-Vertu / Saint-Germain
55662,Côte-Vertu / Sainte-Croix
55688,Côte-Vertu / Dutrisac
55712,Côte-Vertu / Montpellier
55720,Côte-Vertu / Muir
55730,Côte-Vertu / Jules-Poitras
55734,Côte-Vertu / Grimard
55865,Côte-Vertu / No 100
53682,Sauvé / Elzéar-Soucy
50328,Sauvé / de l'Acadie
50342,Sauvé / Meilleur
50354,Sauvé / Tolhurst
50370,Sauvé / Waverly
50382,Sauvé / Clark
50393,Sauvé / Grande Allée
50404,Sauvé / Laverdure
50438,Station Sauvé Sud (Sauvé / Berri)
50443,Sauvé / Lajeunesse
50447,Sauvé / Millen
50469,Sauvé / Saint-Hubert
50488,Sauvé / Georges-Baril
50493,Sauvé / Chambord
50505,Sauvé / Christophe-Colomb
50528,Sauvé / Curotte
50543,Sauvé / Garnier
50558,Sauvé / Papineau
50572,Sauvé / Charton
50595,Sauvé / De Lorimier
50617,Sauvé / Parthenais
50634,Sauvé / de Lille
50667,Sauvé / D'Iberville
50686,Sauvé / Sackville
50719,Sauvé / Larose
54216,Saint-Michel / Sauvé
