54216,Saint-Michel / Sauvé
50802,Charland / J.-J.-Gagnier
50754,Charland / Sackville
50731,Charland / D'Iberville
50704,Charland / de Lille
50625,Sauvé / Rancourt
50616,Sauvé / Parthenais
50594,Sauvé / De Lorimier
50571,Sauvé / Charton
50556,Sauvé / Papineau
50542,Sauvé / Garnier
50527,Sauvé / Curotte
50503,Sauvé / Christophe-Colomb
50492,Sauvé / Chambord
50487,Sauvé / Georges-Baril
50467,Sauvé / Saint-Hubert
50446,Sauvé / Millen
50442,Sauvé / Lajeunesse
50439,Station Sauvé Nord (Sauvé / Berri)
50403,Sauvé / Laverdure
50391,Sauvé / Saint-Laurent
50373,Sauvé / Saint-Urbain
50365,Sauvé / de l'Esplanade
50353,Sauvé / Tolhurst
50346,Sauvé / Verville
50341,Sauvé / Meilleur
50325,Sauvé / de l'Acadie
50330,Sauvé / de l'Acadie ouest
53681,Sauvé / Elzéar-Soucy
55736,Côte-Vertu / Lebeau
55733,Côte-Vertu / Grimard
55728,Côte-Vertu / Jules-Poitras
55718,Côte-Vertu / Muir
55707,Côte-Vertu / Champigny
55696,Côte-Vertu / Barré
55689,Côte-Vertu / Dutrisac
55661,Côte-Vertu / Sainte-Croix
55649,Côte-Vertu / Saint-Germain
55641,Station Côte-Vertu (Côte-Vertu / Décarie)
55803,Côte-Vertu / Crevier
55594,Côte-Vertu / Leduc
55597,Côte-Vertu / Tait
55580,Côte-Vertu / Marlatt
55554,Côte-Vertu / Alexis-Nihon
55802,Côte-Vertu / Bourgoin
55518,Côte-Vertu / Bertrand
55517,Côte-Vertu / Duguay
55502,Côte-Vertu / Hocquart
55486,Côte-Vertu / Cavendish
55801,Place Vertu; entrée sud-est (Côte-Vertu/No 3131)
55467,Beaulac / Côte-Vertu
55934,Beaulac / Thimens
