57061,Gagné / Centre Lecavalier
57097,Gagné / George
60242,George / Albert-Couture
56962,Raymond / Lévis-Sauvé
57027,Raymond / Mongeau
56975,Centrale / Raymond
56957,Centrale / 31e Avenue
56952,Centrale / 35e Avenue
57029,35e Avenue / 39e Avenue
56934,35e Avenue / George
56928,35e Avenue / Champlain
56915,Champlain / Dollard
56917,Dollard / Champlain
56903,Dollard / De La Vérendrye
56891,Dollard / Salley
56877,Dollard / Jean-Brillon
56858,Dollard / David-Boyer
56843,Dollard / Réjane
56825,Dollard / Newman
56827,Dollard / Newman
56820,Dollard / Hardy
56815,Dollard / Trudeau
56807,Dollard / Hull
56795,Dollard / Elmslie
56797,Dollard / Saint-Patrick
56471,Saint-Pierre / Notre-Dame
56469,Saint-Jacques / Boyer
56479,Saint-Jacques / Duranceau
56487,Saint-Jacques / No 92
56444,Avon / Ronald
56448,Avon / Brynmor
54035,Elmhurst / Saint-Jacques
50800,Elmhurst / Harley
54160,Elmhurst / Sherbrooke
50743,Elmhurst / Coffee
