50743,Elmhurst / Coffee
50801,Elmhurst / Harley
50850,Elmhurst / Saint-Jacques
56447,Avon / Brynmor
56445,Saint-Jacques / Avon
56478,Saint-Jacques / Ouellette
56467,Saint-Jacques / Boyer
56475,Saint-Pierre / Notre-Dame
57100,Dollard / No 850
56796,Dollard / Elmslie
56808,Dollard / Hull
56816,Dollard / Trudeau
56821,Dollard / Bédard
56826,Dollard / Newman
56832,Dollard / Gloria
56844,Dollard / Réjane
57105,Dollard / Chartrand
56873,Dollard / Saguenay
56879,Dollard / Jean-Brillon
56892,Dollard / Salley
56902,Bibliothèque L'Octogone (Dollard/De La Vérendrye)
56916,Hôpital de LaSalle
56930,Champlain / 35e Avenue
56935,35e Avenue / George
57030,35e Avenue / 39e Avenue
56953,35e Avenue / Centrale
56958,Centrale / 31e Avenue
57026,Raymond / Mongeau
56961,Raymond / Lévis-Sauvé
56967,George / Gamelin
56977,George / Gagné
56980,George / Bishop-Power
56983,George / 9e Avenue
56990,9e Avenue / Broadway
57005,Centrale / Bishop-Power
57004,Bishop-Power / No 506
56979,Bishop-Power / George
57095,Champlain / Bishop-Power
57061,Gagné / Centre Lecavalier
