61371,Stinson / Montpellier
55762,Stinson / Hodge
55758,Hodge / Montpellier
55753,Hodge / Houde
55750,Hodge / Laperrière
55744,Hodge / Hébert
55740,Hodge / Sainte-Croix
55747,Sainte-Croix / Dion
55755,Sainte-Croix / Saint-Philippe
56029,Lucerne / Glengarry
56034,Lucerne / Algonquin
56038,Lucerne / Powell
56128,Lucerne / Kindersley
50534,Kindersley / Ostell-Crescent
50548,Kindersley / de la Savane
50560,de la Savane / Victoria
61187,Victoria / No 7361
50582,Victoria / Jean-Talon
50655,Victoria / Mackenzie
50691,Victoria / Bouchette
50737,Station Plamondon Nord (Victoria / Plamondon)
50818,Station Plamondon Sud (Victoria / Van Horne)
50875,Victoria / De La Peltrie
50925,Station Côte-Sainte-Catherine
50972,Victoria / Saint-Kevin
51014,Victoria / Lacombe
51059,Victoria / Jean-Brillant
51118,Victoria / Queen-Mary
51195,Victoria / Mira
53809,Victoria / No 4826
53807,Victoria / No 4701
56225,Victoria / The Boulevard
56227,The Boulevard / Grosvenor
56230,The Boulevard / Lansdowne
56245,Lansdowne / Westmount
56239,Westmount / Grosvenor
56231,Collège Marianopolis (Westmount / NDG)
56236,Claremont / Côte-Saint-Antoine
56244,Claremont / Windsor
56249,Claremont / Sherbrooke
54104,Station Vendôme / Terminus
