54104,Station Vendôme / Terminus
56307,Claremont / Burton
56254,Claremont / Sherbrooke
56243,Claremont / Windsor
56237,Claremont / Côte-Saint-Antoine
56232,Westmount / Claremont
56235,Westmount / Victoria
56242,Westmount / Roslyn
56246,Lansdowne / Westmount
56229,The Boulevard / Lansdowne
56226,The Boulevard / Grosvenor
56223,Sunnyside / Victoria
53808,Victoria / No 4690
53810,Victoria / No 4811
51194,Victoria / Mira
51116,Victoria / Queen-Mary
51120,Victoria / Dornal
51058,Victoria / Jean-Brillant
51013,Victoria / Lacombe
50971,Victoria / Saint-Kevin
50923,Station Côte-Sainte-Catherine Ouest
50874,Victoria / De La Peltrie
50817,Station Plamondon Sud (Victoria / Van Horne)
50736,Station Plamondon Nord (Victoria / Plamondon)
50690,Victoria / Bouchette
50654,Victoria / Mackenzie
50580,Victoria / Jean-Talon
54144,Victoria / de la Savane
50547,de la Savane / Kindersley
50533,Kindersley / Ostell-Crescent
56041,Lucerne / Lazard
56037,Lucerne / Powell
56033,Lucerne / Algonquin
56027,Lucerne / Glengarry
56024,Lucerne / Côte-de-Liesse
55756,Sainte-Croix / Côte-de-Liesse
55746,Sainte-Croix / Dion
55739,Sainte-Croix / Hodge
55745,Hodge / Hébert
55751,Hodge / Laperrière
55754,Hodge / Houde
55895,Hodge / Harris
55759,Hodge / Montpellier
61371,Stinson / Montpellier
