54200,Station Viau
53117,Pierre-De Coubertin / Viau
61588,Viau / Hochelaga
61589,Viau / de Rouen
61590,Viau / Ontario
53245,Ontario / Leclaire
53231,Ontario / Bennett
54213,Ontario / William-David
53216,Ontario / Letourneux
53189,Ontario / Pie-IX
53169,Ontario / d'Orléans
53154,Place Simon-Valois (Ontario / Valois)
53140,Ontario / De Chambly
53122,Ontario / Aylwin
53113,Ontario / Davidson
53108,Ontario / Saint-Germain
53089,Ontario / Moreau
61355,Ontario / Lespérance
53058,Ontario / Wurtele
53027,Ontario / Bercy
53007,Station Frontenac (Ontario / Frontenac)
52993,Ontario / Dufresne
52964,Ontario / Fullum
52935,Ontario / Parthenais
52896,Ontario / De Lorimier
52868,Ontario / Dorion
52841,Ontario / Papineau
52820,Ontario / De Champlain
52808,Ontario / Alexandre-DeSève
52762,Ontario / de la Visitation
52729,Marché St-Jacques (Ontario / Amherst)
52680,Ontario / Saint-Hubert
52663,Ontario / Berri
52645,Ontario / Saint-Denis
52629,Cégep du Vieux-Montréal (Ontario / Hôtel-de-ville)
52611,Ontario / Saint-Laurent
52580,Ontario / Saint-Urbain
52540,Station Place-des-Arts Nord / du Président-Kennedy
52516,Station Place-des-Arts Ouest / De Bleury
52438,du Président-Kennedy / Aylmer
52433,Station McGill (De Maisonneuve / Robert-Bourassa)
52439,du Président-Kennedy / Aylmer
52517,Station Place-des-Arts Ouest / De Bleury
