52517,Station Place-des-Arts Ouest / De Bleury
61049,Jeanne-Mance / du Président-Kennedy
52612,Ontario / Saint-Laurent
52630,Ontario / de l'Hôtel-de-Ville
52646,Ontario / Saint-Denis
52664,Ontario / Berri
52681,Ontario / Saint-Hubert
52731,Ontario / Amherst
52763,Ontario / de la Visitation
52809,Ontario / Alexandre-DeSève
52821,Ontario / De Champlain
52843,Ontario / Papineau
52869,Ontario / Dorion
52897,Ontario / De Lorimier
52937,Ontario / Parthenais
52965,Ontario / Fullum
52994,Ontario / Dufresne
53015,Station Frontenac (Ontario / du Havre)
53028,Ontario / Bercy
53059,Ontario / Wurtele
61359,Ontario / Lespérance
54091,Ontario / Préfontaine
53109,Ontario / Saint-Germain
53115,Ontario / Davidson
53123,Ontario / Aylwin
53141,Ontario / De Chambly
53155,Ontario / Valois
53170,Ontario / d'Orléans
53191,Ontario / Pie-IX
53217,Ontario / Letourneux
54214,Ontario / William-David
54309,Ontario / Aird
53246,Ontario / Leclaire
53262,Ontario / Saint-Clément
53274,Viau / Ontario
53223,Viau / de Rouen
53166,Viau / Hochelaga
54200,Station Viau
