55796,Muir / Montpellier
55711,Montpellier / Côte-Vertu
55795,Muir / Robertson
55708,Muir / Rochon
55686,Muir / Raimbault
55941,Muir / Tassé
55919,Deguire / Champigny
55626,Deguire / Barré
55609,Deguire / Dutrisac
55585,Dutrisac / Poirier
55577,Poirier / Guertin
55559,Poirier / O'Brien
55536,Poirier / Décarie
55917,Poirier / Patricia
55506,Grenet / Poirier
55867,Grenet / Bombardier
55532,Grenet / Deguire
55914,Tassé / Grenet
55576,Tassé / Cardinal
55918,Tassé / Décarie
55614,Décarie / Rochon
55890,Station Côte-Vertu
55650,Côte-Vertu / Saint-Germain
55664,Sainte-Croix / Côte-Vertu
55685,Sainte-Croix / Decelles
55700,de l'Église / Sainte-Croix
55690,de l'Église / Saint-Germain
55676,de l'Église / Décarie
55665,de l'Église / Cardinal
55653,de l'Église / Buchanan
55630,de l'Église / Marcel-Laurin
55619,de l'Église / Saint-Aubin
55606,de l'Église / Gratton
55592,de l'Église / Alexis-Nihon
55570,Alexis-Nihon / Decelles
55557,Alexis-Nihon / Côte-Vertu
55522,Alexis-Nihon / Lucien-Thimens
55500,Thimens / Varin
61280,École Saint-Laurent
60853,Thimens / Samson
55797,Thimens / Todd
55893,Cavendish / Thimens
55892,Cavendish / Place Vertu
55503,Côte-Vertu / Hocquart
55516,Côte-Vertu / Hills
55534,Bertrand / Decelles
55550,Bertrand / Major
55564,Bertrand / Stevens
55583,Bertrand / Nantel
55599,Bertrand / Badeaux
55920,Bertrand / Saint-Louis
55618,Saint-Louis / Abbott
55629,Saint-Louis / Fraser
55646,Saint-Louis / Alexis-Nihon
55670,Saint-Louis / Gratton
55680,Saint-Louis / Tait
55683,Marcel-Laurin / Hartenstein
55894,du Collège / Lindsay
55682,du Collège / Buchanan
55694,du Collège / Cardinal
55705,Station du Collège Nord (du Collège / Décarie)
55714,du Collège / Saint-Germain
55726,du Collège / Filiatrault
55742,Hodge / Sainte-Croix
55745,Hodge / Hébert
55751,Hodge / Laperrière
55754,Hodge / Houde
55895,Hodge / Harris
55759,Hodge / Montpellier
61371,Stinson / Montpellier
