61371,Stinson / Montpellier
55762,Stinson / Hodge
55771,Stinson / Côte-de-Liesse
55770,Côte-de-Liesse / Montpellier
55853,Office national du film du Canada
55765,Houde / Grou
55752,Houde / Hodge
55750,Hodge / Laperrière
55744,Hodge / Hébert
55740,Hodge / Sainte-Croix
55727,du Collège / Sainte-Croix
55713,du Collège / Saint-Germain
55704,Station du Collège Nord (du Collège / Décarie)
55693,du Collège / Cardinal
55681,du Collège / Buchanan
55667,du Collège / Lindsay
55692,Marcel-Laurin / Saint-Louis
55679,Saint-Louis / Tait
55669,Saint-Louis / Gratton
55896,Saint-Louis / Alexis-Nihon
55628,Saint-Louis / Fraser
55617,Saint-Louis / Abbott
55598,Bertrand / Badeaux
55582,Bertrand / Nantel
55563,Bertrand / Stevens
55549,Bertrand / Major
55533,Bertrand / Decelles
55517,Côte-Vertu / Duguay
55502,Côte-Vertu / Hocquart
55486,Côte-Vertu / Cavendish
55886,Cavendish / Place Vertu
55773,Cavendish / Thimens
55798,Thimens / Todd
60855,Thimens / No 2600
55885,École Saint-Laurent
55501,Thimens / Varin
55927,Thimens / Alexis-Nihon
55529,Alexis-Nihon / Hufford
55555,Alexis-Nihon / Bourgoin
55571,Alexis-Nihon / Decelles
55593,Alexis-Nihon / Cushing
55607,de l'Église / Gratton
55620,de l'Église / Saint-Aubin
55631,de l'Église / Marcel-Laurin
55632,de l'Église / Lindsay
55654,de l'Église / Buchanan
55666,de l'Église / Cardinal
55678,de l'Église / Décarie
55699,de l'Église / Sainte-Croix
55684,Sainte-Croix / Decelles
55649,Côte-Vertu / Saint-Germain
55640,Station Côte-Vertu (Décarie / Côte-Vertu)
55613,Décarie / Rochon
55912,Tassé / Gohier
55575,Tassé / Cardinal
55913,Tassé / Grenet
55530,Grenet / Deguire
55868,Grenet / Bombardier
55504,Grenet / Poirier
55915,Poirier / Laval
55916,Poirier / Décarie
55561,Poirier / O'Brien
55578,Poirier / Guertin
55587,Poirier / Dutrisac
55610,Dutrisac / Deguire
55627,Deguire / Barré
55643,Deguire / Champigny
55652,Muir / Deguire
55940,Muir / Tassé
55687,Muir / Raimbault
55709,Muir / Rochon
55719,Muir / Robertson
55721,Muir / Côte-Vertu
55911,Muir / Fortier
55796,Muir / Montpellier
