54322,Décarie / Lucy
50846,Côte-Sainte-Catherine / Trans Island
50873,Côte-Sainte-Catherine / Westbury
50885,Côte-Sainte-Catherine / Lemieux
50926,Station Côte-Sainte-Catherine Ouest
50960,Côte-Sainte-Catherine / Lavoie
51005,Côte-Sainte-Catherine / Légaré
51048,Côte-Sainte-Catherine / Côte-des-Neiges
51088,Côte-Sainte-Catherine / Decelles
53818,Hôpital Sainte-Justine (Côte-Ste-Catherine/Hudson)
51161,Côte-Sainte-Catherine / Hudson
51193,Côte-Sainte-Catherine / Darlington
51222,Côte-Sainte-Catherine / Woodbury
56167,Côte-Sainte-Catherine / Wilderton
56174,Côte-Sainte-Catherine / Hazelwood
56177,Côte-Sainte-Catherine / Vincent-d'Indy
56188,Côte-Sainte-Catherine / Dunlop
56196,Côte-Sainte-Catherine / Courcelette
56199,Côte-Sainte-Catherine / Pagnuelo
56205,Côte-Sainte-Catherine / Stuart
56207,Côte-Sainte-Catherine / Outremont
56209,Côte-Sainte-Catherine / Laurier
56213,Côte-Sainte-Catherine / Saint-Joseph
56214,Côte-Sainte-Catherine / McNider
56217,Côte-Sainte-Catherine / du Mont-Royal
53703,Monument sir George-Étienne Cartier
60664,du Parc / des Pins
52250,du Parc / Léo-Pariseau
52298,du Parc / Prince-Arthur
52365,du Parc / Milton
52443,du Parc / Sherbrooke
52534,Station Place-des-Arts Ouest / De Bleury
52608,De Bleury / Sainte-Catherine
52679,De Bleury / René-Lévesque
52779,De Bleury / Viger
59308,Saint-Antoine / Saint-Urbain
60541,Saint-Antoine / Champ-de-Mars
59309,Saint-Antoine / de l'Hôtel-de-Ville
52968,Palais de justice (Notre-Dame/St-Gabriel)
