59309,Saint-Antoine / de l'Hôtel-de-Ville
52968,Palais de justice (Notre-Dame/St-Gabriel)
52918,Saint-Laurent / Saint-Antoine
52780,Saint-Laurent / René-Lévesque
61049,Jeanne-Mance / du Président-Kennedy
52442,Sherbrooke / De Bleury
50111,du Parc / Milton
50112,du Parc / Prince-Arthur
50115,du Parc / Léo-Pariseau
60663,du Parc / des Pins
53702,Monument sir George-Étienne Cartier
56216,Côte-Sainte-Catherine / du Mont-Royal
56215,Côte-Sainte-Catherine / McNider
56212,Côte-Sainte-Catherine / Saint-Joseph
56208,Côte-Sainte-Catherine / Laurier
56206,Côte-Sainte-Catherine / Outremont
56204,Côte-Sainte-Catherine / Stuart
56200,Côte-Sainte-Catherine / Les Hautvilliers
56194,Côte-Sainte-Catherine / Rockland
56187,Côte-Sainte-Catherine / Claude-Champagne
56176,Côte-Sainte-Catherine / Vincent-d'Indy
51271,Côte-Sainte-Catherine / Déom
56166,Côte-Sainte-Catherine / Wilderton
51221,Côte-Sainte-Catherine / Woodbury
51192,Côte-Sainte-Catherine / Darlington
51160,Côte-Sainte-Catherine / Hudson
53819,Hôpital Sainte-Justine (Côte-Ste-Catherine/Hudson)
51087,Côte-Sainte-Catherine / Decelles
51046,Côte-Sainte-Catherine / Côte-des-Neiges
51049,Hôpital général juif
51004,Côte-Sainte-Catherine / Légaré
50959,Côte-Sainte-Catherine / Lavoie
50924,Station Côte-Sainte-Catherine Ouest
50884,Côte-Sainte-Catherine / Lemieux
50872,Côte-Sainte-Catherine / Westbury
50847,Côte-Sainte-Catherine / Décarie
53881,Décarie / Dupuis
50832,Earnscliffe / Dupuis
50917,Earnscliffe / Isabella
50898,Clanranald / Isabella
