51660,Station Rosemont
51685,Rosemont / Saint-Hubert
51729,Christophe-Colomb / Rosemont
51644,Christophe-Colomb / de Bellechasse
51583,Christophe-Colomb / Beaubien
51506,Christophe-Colomb / Saint-Zotique
51431,Christophe-Colomb / Bélanger
51355,Christophe-Colomb / Jean-Talon
51294,Christophe-Colomb / Everett
51207,Christophe-Colomb / Villeray
54217,Christophe-Colomb / Jarry
54218,Christophe-Colomb / Mistral
54219,Christophe-Colomb / Crémazie
51066,Rousselot / Crémazie
54222,Rousselot / Jarry
