53083,Station Assomption (de l'Assomption / Chauveau)
53039,de l'Assomption / Sherbrooke
53043,École Marguerite-De Lajemmerais
61679,de l'Assomption / No 5105
52862,Polyclinique Maisonneuve-Rosemont
52784,Hôpital Maisonneuve-Rosemont (Assomption/Sapins)
52691,de l'Assomption / Rosemont
52641,de l'Assomption / de Bellechasse
52512,de l'Assomption / Beaubien
52385,de l'Assomption / Saint-Zotique
52253,de l'Assomption / Bélanger
54983,de l'Assomption / des Becquets
54964,de l'Assomption / Jean-Talon
54952,des Angevins / de Lisieux
