54952,des Angevins / de Lisieux
54960,de Lisieux / Jean-Talon
54967,de l'Assomption / Jean-Talon
54984,de l'Assomption / des Becquets
52255,de l'Assomption / Bélanger
52386,de l'Assomption / Saint-Zotique
52514,de l'Assomption / Beaubien
52642,de l'Assomption / de Bellechasse
52693,de l'Assomption / Rosemont
52695,de l'Assomption / No 5780
52785,Hôpital Maisonneuve-Rosemont (Assomption/Sapins)
52863,Polyclinique Maisonneuve-Rosemont
61680,de l'Assomption / No 5150
53041,de l'Assomption / Sherbrooke
53081,Chauveau / de l'Assomption
54288,Chauveau / Dickson
53139,Dickson / de Marseille
53875,de l'Assomption / de Marseille
53083,Station Assomption (de l'Assomption / Chauveau)
