55997,Dutrisac / Henri-Bourassa
54389,Collège de Bois-de-Boulogne
50298,Saint-Laurent / Henri-Bourassa
50392,Saint-Laurent / Sauvé
50458,de Louvain / No 7
50405,Meilleur / de Louvain
54125,Meilleur / Chabanel
50451,Meilleur / No 9200
50554,du Parc / De Beauharnois
60248,Guizot / de l'Esplanade
50740,de Liège / de l'Esplanade
50715,de Liège / Jeanne-Mance
50657,Crémazie / de l'Esplanade
60249,Crémazie / de Reims
50665,Crémazie / Clark
50769,Station Crémazie Sud (Crémazie / Berri)
