50105,Station Viau
53118,Viau / Pierre-De Coubertin
50107,Viau / de Marseille
53987,Viau / Boulangerie POM
52984,Viau / Sherbrooke
52988,Viau / Village olympique
52706,Viau / des Sorbiers
52571,Viau / Rosemont
52493,Viau / de Bellechasse
52357,Viau / Beaubien
52234,Viau / Saint-Zotique
52116,Institut de cardiologie (Viau / Bélanger)
54945,Viau / Jean-Talon
54931,Viau / Burel
54918,Viau / Viterbe
55009,Viau / Métropolitain
54864,Viau / Jarry
54846,Viau / Jean-Rivard
54828,Viau / D'Artagnan
54826,Viau / Jean-Nicolet
54817,Viau / Robert
54807,Viau / Valéry
54785,Viau / Lavoisier
54767,Couture / Viau
54759,Couture / Pierre-Elliott-Trudeau
54757,Couture / Lionel-Groulx
54752,Lionel-Groulx / des Grandes-Prairies
54749,des Grandes-Prairies / No 4840
54754,des Grandes-Prairies / Viau
54760,des Grandes-Prairies / Saguenay
54763,des Grandes-Prairies / Salvaye
54764,des Grandes-Prairies / Puyseaux
54774,des Grandes-Prairies / Lacordaire
54775,des Grandes-Prairies / Lacordaire
54776,des Grandes-Prairies / Lacordaire
