54776,des Grandes-Prairies / Lacordaire
54793,des Grandes-Prairies / du Prado
54810,du Prado / Couture
54801,Couture / Périnault
54795,Couture / Lacordaire
54790,Couture / Puyseaux
54782,Couture / Salvaye
54768,Couture / François-1er
54765,Couture / Long-Sault
54787,Viau / Lavoisier
54808,Viau / Valéry
54819,Viau / Robert
54827,Viau / Jean-Nicolet
54829,Viau / D'Artagnan
54847,Viau / Jean-Rivard
54866,Viau / Jarry
55010,Viau / Métropolitain
54919,Viau / Viterbe
54932,Viau / Millet
54947,Viau / Jean-Talon
52118,Institut de cardiologie (Viau / Bélanger)
52235,Viau / Saint-Zotique
52359,Viau / Beaubien
52494,Viau / de Bellechasse
52573,Viau / Rosemont
52707,Viau / des Sorbiers
52986,Viau / Sherbrooke
53988,Stade Saputo
50108,Centre sportif Pierre-Charbonneau
53116,Viau / Pierre-De Coubertin
50105,Station Viau
