56421,Caldwell / des Maimonides
56341,Caldwell / Mackle
56346,Mackle / Einstein
56351,Mackle / Centennial
56358,Mackle / Cavendish
56340,Collins / Cavendish
56357,Cavendish / Mackle
56419,Cavendish / L'Avenue
56390,Cavendish / Kildare
56400,Cavendish / Heywood
56402,Cavendish / Fleet
56412,Cavendish / Merton
50605,Cavendish / Côte-Saint-Luc
50638,Cavendish / Chester
50726,Cavendish / Fielding
50824,Cavendish / Somerled
50890,Cavendish / de Terrebonne
50955,Cavendish / de Monkland
51078,Sherbrooke / Benny
54173,Notre-Dame-de-Grâce / Grand Boulevard
51183,Notre-Dame-de-Grâce / Hampton
51225,Notre-Dame-de-Grâce / de Melrose
51250,Notre-Dame-de-Grâce / Harvard
51270,Notre-Dame-de-Grâce / Marcil
51293,Notre-Dame-de-Grâce / Girouard
51327,Notre-Dame-de-Grâce / Décarie
51346,Notre-Dame-de-Grâce / Marlowe
51376,Notre-Dame-de-Grâce / Grey
56228,Claremont / Westmount
56236,Claremont / Côte-Saint-Antoine
56244,Claremont / Windsor
56249,Claremont / Sherbrooke
56258,Sherbrooke / Grosvenor
56263,Sherbrooke / Lansdowne
56267,Sherbrooke / Strathcona
56274,Sherbrooke / Metcalfe
56278,Sherbrooke / Redfern
56281,Sherbrooke / Clarke
56286,Sherbrooke / Greene
56290,Sherbrooke / Wood
51951,Collège Dawson (Sherbrooke / Atwater)
52007,Atwater / De Maisonneuve
56301,Station Atwater
