61545,Carrefour Henri-Bourassa / Pie-IX
61628,Station Amos
55085,Pie-IX / Martial
55103,Pie-IX / Monselet
55120,Pie-IX / Prieur
55134,Pie-IX / Forest
55150,Pie-IX / Fleury
55309,Pie-IX / Larin
55179,Pie-IX / Industriel
50993,Pie-IX / 55e Rue
51036,Pie-IX / des Grandes-Prairies
51115,Pie-IX / 46e Rue
51185,Pie-IX / 43e Rue
51246,Pie-IX / 39e Rue
51299,Pie-IX / Denis-Papin
51367,Pie-IX / Robert
51425,Pie-IX / Jean-Rivard
51480,Pie-IX / D'Hérelle
51531,Pie-IX / Jarry
51658,Pie-IX / Villeray
51736,Pie-IX / Everett
51793,Pie-IX / Jean-Talon
51867,Pie-IX / Bélair
51912,Pie-IX / Bélanger
52015,Pie-IX / Saint-Zotique
52128,Pie-IX / Beaubien
52242,Pie-IX / de Bellechasse
52311,Pie-IX / Rosemont
52402,Pie-IX / Dandurand
52496,Pie-IX / Masson
52596,Pie-IX / Laurier
52703,Pie-IX / Saint-Joseph
52832,Pie-IX / du Mont-Royal
52951,Pie-IX / Rachel
53018,Station Pie-IX (Pie-IX / Pierre-de-Coubertin)
53087,Pie-IX / Hochelaga
53126,Pie-IX / de Rouen
53157,Pie-IX / No 2050
53190,Pie-IX / Ontario
53222,Pie-IX / La Fontaine
53238,Pie-IX / Adam
53270,Pie-IX / Sainte-Catherine
53296,Pie-IX / Notre-Dame
