53296,Pie-IX / Notre-Dame
53259,Sainte-Catherine / Jeanne-d'Arc
53272,Pie-IX / Sainte-Catherine
53237,Pie-IX / Adam
53221,Pie-IX / La Fontaine
53188,Pie-IX / Ontario
53125,Pie-IX / de Rouen
53085,Pie-IX / Hochelaga
61373,Pie-IX / Pierre-De Coubertin
53019,Station Pie-IX (Pie-IX / Pierre-de-Coubertin)
52959,Parc olympique de Montréal (Pie-IX / Sherbrooke)
52950,Pie-IX / Rachel
52831,Pie-IX / du Mont-Royal
52702,Pie-IX / Saint-Joseph
52594,Pie-IX / Laurier
52495,Pie-IX / Masson
52401,Pie-IX / Dandurand
52309,Pie-IX / Rosemont
52241,Pie-IX / de Bellechasse
52126,Pie-IX / Beaubien
52014,Pie-IX / Saint-Zotique
51910,Pie-IX / Bélanger
51866,Pie-IX / Bélair
51791,Pie-IX / Jean-Talon
51735,Pie-IX / Everett
51656,Pie-IX / Villeray
51529,Pie-IX / Jarry
51479,Pie-IX / D'Hérelle
51424,Pie-IX / Jean-Rivard
51366,Pie-IX / Robert
51298,Pie-IX / Denis-Papin
51245,Pie-IX / 39e Rue
51184,Pie-IX / 43e Rue
54238,Pie-IX / 45e Rue
51100,Pie-IX / 48e Rue
51037,Pie-IX / 53e Rue
54189,Pie-IX / 56e Rue
55181,Pie-IX / Industriel
55157,Pie-IX / Majeau
55132,Pie-IX / Forest
55112,Pie-IX / d'Amiens
55096,Pie-IX / de Castille
55084,Pie-IX / de Charleroi
55076,Pie-IX / No 11171
61543,Pie-IX / No 11209
61544,Carrefour Henri-Bourassa / Pie-IX
61545,Carrefour Henri-Bourassa / Pie-IX
