53674,Station Champ-de-Mars (Saint-Antoine / Gosford )
52976,Berri / Viger
52904,Berri / René-Lévesque
52931,René-Lévesque / Saint-Hubert
52983,Amherst / René-Lévesque
54042,Amherst / Sainte-Catherine
52872,Amherst / De Maisonneuve
52800,Amherst / Robin
52728,Amherst / Ontario
52634,Amherst / Sherbrooke
52593,Amherst / Cherrier
52479,du Parc La Fontaine / Roy
52440,du Parc La Fontaine / Napoléon
52393,du Parc La Fontaine / Duluth
52315,du Parc La Fontaine / Rachel
52356,De La Roche / Bureau
52271,De La Roche / Marie-Anne
52183,De La Roche / du Mont-Royal
52079,De La Roche / Gilford
52017,Saint-Joseph / Christophe-Colomb
52001,Saint-Joseph / de Mentana
60366,Station Laurier (Berri / Saint-Joseph)
