51965,Station Laurier Sud (Rivard / Gilford)
52002,Saint-Joseph / de Mentana
52019,Saint-Joseph / Christophe-Colomb
52061,Christophe-Colomb / Gilford
52161,Christophe-Colomb / du Mont-Royal
52247,Christophe-Colomb / Marie-Anne
52323,du Parc La Fontaine / Rachel
52394,du Parc La Fontaine / Duluth
52441,du Parc La Fontaine / Napoléon
54209,du Parc-La Fontaine / Roy
52591,du Parc La Fontaine / Cherrier
54210,du Parc-La Fontaine / Sherbrooke
52730,Amherst / Ontario
52801,Amherst / Robin
52874,Amherst / De Maisonneuve
52915,Amherst / Sainte-Catherine
52981,Amherst / René-Lévesque
52954,René-Lévesque / Saint-André
52930,René-Lévesque / Saint-Hubert
54013,Saint-Denis / De La Gauchetière
52995,Saint-Denis / Saint-Antoine
53698,Notre-Dame / de Bonsecours
52968,Palais de justice (Notre-Dame/St-Gabriel)
53674,Station Champ-de-Mars (Saint-Antoine / Gosford )
