50440,Station Sauvé Sud (Sauvé / Berri)
50474,Berri / No 9592
53760,Lajeunesse / de Louvain
50441,Station Sauvé Sud (Lajeunesse / Sauvé)
50402,Lajeunesse / Sauriol
50360,Lajeunesse / Fleury
50369,Fleury / Millen
50386,Fleury / Saint-Hubert
50396,Fleury / Georges-Baril
50407,Fleury / Chambord
50419,Fleury / Christophe-Colomb
50425,Fleury / Hamel
50434,Fleury / Francis
50459,Fleury / Fabre
50473,Fleury / Papineau
50486,Fleury / Charton
50497,Fleury / De Lorimier
50522,Hôpital Fleury (Fleury / Parthenais)
50541,Fleury / de Lille
50568,Fleury / André-Jobin
50593,Fleury / Larose
55060,Fleury / Saint-Michel
55061,Fleury / Audoin
55066,Fleury / Lausanne
55082,Fleury / de Cobourg
55091,Fleury / Saint-Vital
55099,Fleury / de Rome
55122,Fleury / des Récollets
55151,Fleury / Pie-IX
55132,Pie-IX / Forest
55114,d'Amiens / Pie-IX
55124,d'Amiens / Hébert
55137,d'Amiens / Garon
55165,Armand-Lavergne / d'Amiens
55148,Armand-Lavergne / de Castille
55118,Armand-Lavergne / de Charleroi
55143,de Charleroi / Drapeau
55173,de Charleroi / L'Archevêque
55196,de Charleroi / Sainte-Gertrude
55176,Sainte-Gertrude / d'Amos
55144,Sainte-Gertrude / Henri-Bourassa
55125,Sainte-Gertrude / des Ardennes
55110,Sainte-Gertrude / Perras
55100,Léger / Hénault
55097,Léger / L'Archevêque
55083,L'Archevêque / Gouin
55087,Gouin / Hénault
