55083,L'Archevêque / Gouin
55087,Gouin / Hénault
55107,Sainte-Gertrude / Léger
55111,Sainte-Gertrude / Perras
55126,Sainte-Gertrude / des Ardennes
55146,Sainte-Gertrude / Henri-Bourassa
55154,Sainte-Gertrude / de Bayonne
55177,Sainte-Gertrude / d'Amos
55195,Sainte-Gertrude / de Charleroi
55172,de Charleroi / L'Archevêque
55142,de Charleroi / Drapeau
55119,de Charleroi / Armand-Lavergne
55149,Armand-Lavergne / de Castille
55163,Armand-Lavergne / d'Amiens
55136,d'Amiens / Garon
55123,d'Amiens / Hébert
55113,d'Amiens / Pie-IX
55120,Pie-IX / Prieur
55134,Pie-IX / Forest
55150,Pie-IX / Fleury
55121,Fleury / des Récollets
55101,Fleury / Plaza
55090,Fleury / Saint-Vital
55081,Fleury / de Cobourg
55065,Fleury / Lausanne
55058,Fleury / Saint-Michel
50592,Fleury / Larose
50567,Fleury / André-Jobin
50540,Fleury / de Lille
50521,Fleury / Parthenais
50496,Fleury / De Lorimier
50485,Fleury / Charton
50471,Fleury / Papineau
50452,Fleury / Garnier
50433,Fleury / Francis
50424,Fleury / Hamel
50417,Fleury / Christophe-Colomb
50406,Fleury / Chambord
50395,Fleury / Georges-Baril
50384,Fleury / Saint-Hubert
50368,Fleury / Millen
50357,Fleury / Lajeunesse
50394,Berri / Sauriol
50437,Station Sauvé Nord (Berri / Sauvé)
