54184,Station Saint-Michel Est / Shaughnessy
51663,Jean-Talon / 13e Avenue
51693,Jean-Talon / 15e Avenue
51707,Jean-Talon / 17e Avenue
51758,Jean-Talon / 20e Avenue
51794,Jean-Talon / Pie-IX
51818,Jean-Talon / 24e Avenue
54925,Jean-Talon / Daudet
54930,Jean-Talon / Provencher
54936,Jean-Talon / Buies
54948,Jean-Talon / Viau
54951,Jean-Talon / Michelet
54954,Jean-Talon / Dollier
54961,Jean-Talon / de Lisieux
54966,Jean-Talon / de l'Assomption
54971,Jean-Talon / Lacordaire
54973,Jean-Talon / Mainville
54978,Jean-Talon / Valdombre
54986,Jean-Talon / Villanelle
54990,Jean-Talon / De Bellefeuille
54994,Jean-Talon / Langelier
54710,Jean-Talon / No 6695
55017,Jean-Talon / No 6875
54577,Jean-Talon / des Halles
54582,Jean-Talon / des Galeries-d'Anjou
54712,Métropolitain / des Galeries d'Anjou
54714,Bourgneuf / Bertin
54600,Bourgneuf / Bodinier
54601,Châteauneuf / Goncourt
54606,Châteauneuf / Joseph-Renaud
54609,Châteauneuf / Talcy
54610,Châteauneuf / Rabelais
54612,Châteauneuf / de la Loire
54621,Châteauneuf / de Fougeray
54623,Châteauneuf / Des Ormeaux
54649,Des Ormeaux / Georges
54658,Des Ormeaux / Chaumont
54666,Des Ormeaux / Yves-Prévost
54671,Des Ormeaux / Éric
53210,Des Ormeaux / Sentennes
53234,Des Ormeaux / Tiffin
53264,Des Ormeaux / De Grosbois
53292,Des Ormeaux / De Forbin-Janson
53313,Des Ormeaux / Sherbrooke
53301,Sherbrooke / Baldwin
53287,Sherbrooke / Saint-Donat
54237,Station Honoré-Beaugrand / Terminus Sud
