53876,Station Honoré-Beaugrand / Terminus Sud
53279,Sherbrooke / Liébert
53289,Sherbrooke / Saint-Donat
53302,Sherbrooke / Baldwin
53315,Des Ormeaux / Sherbrooke
53291,Des Ormeaux / De Forbin-Janson
53263,Des Ormeaux / De Grosbois
53233,Des Ormeaux / Tiffin
53209,Des Ormeaux / Sentennes
54670,Des Ormeaux / Éric
54665,Des Ormeaux / Yves-Prévost
54657,Des Ormeaux / Chaumont
54648,Des Ormeaux / Georges
54624,Châteauneuf / Azilda
54613,Châteauneuf / Roi-René
54614,Châteauneuf / de Fougeray
54611,Châteauneuf / de la Loire
54608,Châteauneuf / de Vaujours
54604,Châteauneuf / Boreau
54711,Châteauneuf / Louis-H.-La Fontaine
61264,Louis-H.-La Fontaine / No 7755
54718,des Galeries-d'Anjou / Jean-Talon
54583,Jean-Talon / des Galeries-d'Anjou
54576,Jean-Talon / des Halles
54998,Jean-Talon / No 6875
54995,Jean-Talon / No 6695
54992,Jean-Talon / Langelier
54989,Jean-Talon / De Bellefeuille
54985,Jean-Talon / Villanelle
54977,Jean-Talon / Valdombre
54972,Jean-Talon / Mainville
54969,Jean-Talon / Lacordaire
54974,Jean-Talon / de Pontoise
54965,Jean-Talon / de l'Assomption
54959,Jean-Talon / de Lisieux
54953,Jean-Talon / Dollier
54950,Jean-Talon / Michelet
54946,Jean-Talon / Viau
54943,Jean-Talon / Cannes
54935,Jean-Talon / Buies
54929,Jean-Talon / Provencher
54926,Jean-Talon / Daudet
51817,Jean-Talon / 24e Avenue
51792,Jean-Talon / Pie-IX
51757,Jean-Talon / 20e Avenue
51706,Jean-Talon / 17e Avenue
51692,Jean-Talon / 15e Avenue
51662,Jean-Talon / 13e Avenue
51631,Jean-Talon / Saint-Michel
54294,Saint-Michel / Shaughnessy
