52560,Station Sherbrooke Ouest (De Rigaud / Berri)
52411,des Pins / Drolet
52353,des Pins / De Bullion
52313,des Pins / Saint-Laurent
52281,des Pins / Saint-Urbain
52219,des Pins / du Parc (coin nord-est)
60682,des Pins / du Parc (coin nord-ouest)
52173,Stade Percival-Molson (des Pins / Aylmer)
52153,des Pins / University
52141,des Pins / du Docteur-Penfield
52105,des Pins / Peel
52051,des Pins / Redpath
52042,des Pins / No 1305
52013,des Pins / Steyning
53866,des Pins / No 1550
53867,Hôpital général (des Pins/Côte-des-Neiges)
51924,Atwater / Saint-Sulpice
51894,Atwater / Picquet
54185,Atwater / Sherbrooke
52007,Atwater / De Maisonneuve
56301,Station Atwater
