53827,Station Henri-Bourassa / Terminus
50335,Henri-Bourassa / Chambord
50351,Henri-Bourassa / Christophe-Colomb
50375,Christophe-Colomb / Prieur
50418,Christophe-Colomb / Fleury
50461,Christophe-Colomb / Sauriol
50504,Christophe-Colomb / Sauvé
50575,Christophe-Colomb / de Louvain
50640,Christophe-Colomb / Chabanel
50713,Christophe-Colomb / Legendre
50774,Christophe-Colomb / Émile-Journault
53789,Complexe sportif Claude-Robillard
50708,Émile-Journault / Marcel-Cadieux
54357,Crémazie / De Chateaubriand
50812,Crémazie / Foucher
54205,Station Crémazie Nord (Crémazie / Lajeunesse)
53947,Crémazie / De Gaspé
50669,Crémazie / Saint-Laurent
50619,Saint-Laurent / De Beauharnois
54120,Legendre / Clark
50545,Legendre / de Reims
50529,Legendre / Meunier
50523,Legendre / Jeanne-Mance
50511,Legendre / du Parc
50498,Meilleur / No 9200
50449,Meilleur / Chabanel
54122,Meilleur / de Louvain
50371,Meilleur / de Port-Royal
50340,Meilleur / Sauvé
50308,Meilleur / du Mont-Cassin
54123,Meilleur / Fleury
54150,du Mont-Cassin / Meilleur
