54150,du Mont-Cassin / Meilleur
54338,Parc Saint-Benoît
50343,Meilleur / Sauvé
50372,Meilleur / de Port-Royal
50405,Meilleur / de Louvain
54125,Meilleur / Chabanel
50451,Meilleur / No 9200
50512,Legendre / du Parc
50524,Legendre / Jeanne-Mance
50530,Legendre / Meunier
50546,Legendre / de Reims
50565,Legendre / Saint-Laurent (coin sud-ouest)
50566,Legendre / Saint-Laurent (coin sud-est)
53700,Centre de transport Legendre
50590,Legendre / Henri-Julien
50602,Legendre / Berri
50672,Berri / Émile-Journault
50792,Station Crémazie Nord / voie des bus
50678,Lajeunesse / Émile-Journault
50687,Émile-Journault / Millen
50710,Émile-Journault / Saint-Hubert
53788,Complexe sportif Claude-Robillard
50775,Christophe-Colomb / Émile-Journault
50712,Christophe-Colomb / Legendre
50639,Christophe-Colomb / Chabanel
50574,Christophe-Colomb / de Louvain
50502,Christophe-Colomb / Sauvé
50460,Christophe-Colomb / Sauriol
50416,Christophe-Colomb / Fleury
50374,Christophe-Colomb / Prieur
50349,Christophe-Colomb / Henri-Bourassa
50333,Henri-Bourassa / De La Roche
54127,Station Henri-Bourassa (descente)
