52069,Station Atwater (Sainte-Catherine / Atwater)
52130,Sainte-Catherine / du Fort
52197,Sainte-Catherine / Saint-Mathieu
52237,Sainte-Catherine / Guy
52325,Sainte-Catherine / de la Montagne
52399,Sainte-Catherine / Peel
52434,Sainte-Catherine / Mansfield
52498,Sainte-Catherine / Robert-Bourassa
52627,Basilique St-Patrick (R.-Lévesque/St-Alexandre)
60683,René-Lévesque / Jeanne-Mance
52782,René-Lévesque / Saint-Laurent
52835,René-Lévesque / de l'Hôtel-de-Ville
52861,Sainte-Catherine / Saint-Hubert
52883,Sainte-Catherine / Saint-André
52916,Sainte-Catherine / Amherst
52963,Station Beaudry (Ste-Catherine / de la Visitation)
53003,Sainte-Catherine / Alexandre-DeSève
53024,Sainte-Catherine / Papineau
53047,Station Papineau (Cartier / Sainte-Catherine)
