53047,Station Papineau (Cartier / Sainte-Catherine)
54399,De Maisonneuve / De Champlain
52933,De Maisonneuve / Panet
52903,De Maisonneuve / Beaudry
61656,De Maisonneuve / Amherst
52849,De Maisonneuve / Saint-André
52814,Station Berri-UQAM (De Maisonneuve / St-Hubert)
52792,Station Berri-UQAM (De Maisonneuve / Berri)
52761,Station Berri-UQAM (De Maisonneuve / Saint-Denis)
52698,De Maisonneuve / No 205
52650,Station Saint-Laurent (De Maisonneuve / Clark)
52589,De Maisonneuve / Saint-Urbain
52553,Station Place-des-Arts Sud / Jeanne-Mance
52533,Station Place-des-Arts Ouest / De Bleury
52474,De Maisonneuve / City Councillors
52433,Station McGill (De Maisonneuve / Robert-Bourassa)
52384,De Maisonneuve / Mansfield
52337,Station Peel (De Maisonneuve / Peel)
52269,De Maisonneuve / de la Montagne
52229,De Maisonneuve / Bishop
52202,Station Guy-Concordia (De Maisonneuve / Guy)
52148,Station Guy-Concordia (De Maisonneuve/St-Mathieu)
53775,De Maisonneuve / du Fort
54166,De Maisonneuve / Chomedey
54034,Lambert-Closse / Sainte-Catherine
52069,Station Atwater (Sainte-Catherine / Atwater)
