54117,Station Papineau (Dorion / Sainte-Catherine)
53065,Sainte-Catherine / De Lorimier
53105,De Lorimier / René-Lévesque
53845,René-Lévesque / De Champlain
53031,René-Lévesque / Panet
52980,René-Lévesque / Amherst
52954,René-Lévesque / Saint-André
52930,René-Lévesque / Saint-Hubert
52905,René-Lévesque / Berri
52881,René-Lévesque / Saint-Denis
52834,René-Lévesque / de l'Hôtel-de-Ville
52783,René-Lévesque / Clark
52745,René-Lévesque / Saint-Urbain
52697,René-Lévesque / Jeanne-Mance
52625,Place du Frère-André
52587,René-Lévesque / Robert-Bourassa
52529,René-Lévesque / Mansfield
52483,Square Dorchester (René-Lévesque / Peel)
52463,René-Lévesque / Stanley
52416,René-Lévesque / de la Montagne
52373,René-Lévesque / Bishop
52327,René-Lévesque / Guy
52284,René-Lévesque / Saint-Mathieu
52198,René-Lévesque / Seymour
52149,René-Lévesque / du Sussex
52078,René-Lévesque / Atwater
56297,Station Atwater (Atwater / Sainte-Catherine)
54148,Station Atwater (Sainte-Catherine/Lambert-Closse)
