54148,Station Atwater (Sainte-Catherine/Lambert-Closse)
52150,du Sussex / René-Lévesque
52227,René-Lévesque / du Fort
52286,René-Lévesque / Saint-Mathieu
52329,René-Lévesque / Guy
52374,René-Lévesque / Bishop
52437,René-Lévesque / Drummond
52485,René-Lévesque / Peel
52530,René-Lévesque / Mansfield
53918,René-Lévesque / Union
52627,Basilique St-Patrick (R.-Lévesque/St-Alexandre)
60683,René-Lévesque / Jeanne-Mance
52782,René-Lévesque / Saint-Laurent
52835,René-Lévesque / de l'Hôtel-de-Ville
52882,René-Lévesque / Saint-Denis
54041,René-Lévesque / Berri
52931,René-Lévesque / Saint-Hubert
52982,René-Lévesque / Amherst
53032,Maison de Radio-Canada (René-Lévesque / Panet)
53073,René-Lévesque / Papineau
53064,De Lorimier / Sainte-Catherine
53045,De Lorimier / De Maisonneuve
53034,Logan / Parthenais
54117,Station Papineau (Dorion / Sainte-Catherine)
