55545,Decelles / Abbott
55568,Abbott / Paton
55584,Brunet / Stevens
55605,Beaudet / Alexis-Nihon
55591,Alexis-Nihon / de l'Église
55607,de l'Église / Gratton
55620,de l'Église / Saint-Aubin
55631,de l'Église / Marcel-Laurin
55632,de l'Église / Lindsay
55654,de l'Église / Buchanan
55666,de l'Église / Cardinal
55678,de l'Église / Décarie
55699,de l'Église / Sainte-Croix
55725,Sainte-Croix / du Collège
55741,Sainte-Croix / Hodge
55747,Sainte-Croix / Dion
55755,Sainte-Croix / Saint-Philippe
55760,Lucerne / Côte-de-Liesse
56030,Glengarry / Lucerne
56032,Glengarry / Graham
56036,Graham / Saint-Clare
56040,Graham / Mitchell
56047,Graham / Kenaston
56055,Graham / Kindersley
56134,Graham / Lombard
56072,Laird / Dunkirk
56133,Graham / Regent
56085,Graham / Dunrae
56088,Graham / Lockhart
56094,Clyde / Brookfield
56122,Dresden / Rockland
56095,Graham / Rockland
56100,Graham / Markham
51065,Station Acadie (Jean-Talon / de l'Acadie)
51057,Ogilvy / Bloomfield
51095,Station Parc (Ogilvy / Hutchison)
