51095,Station Parc (Ogilvy / Hutchison)
51126,Querbes / Jean-Talon
51113,Jean-Talon / Bloomfield
51084,Jean-Talon / Wiseman
51063,Station Acadie (Jean-Talon / de l'Acadie)
56123,Graham / Markham
56096,Graham / Rockland
56092,Graham / Trenton
56087,Graham / Simcoe
56084,Graham / Dunrae
56132,Graham / Regent
56065,Graham / Dunkirk
56061,Graham / Lombard
56054,Graham / Kindersley
56046,Graham / Kenaston
56039,Graham / Hanover
56035,Graham / Saint-Clare
56031,Graham / Glengarry
56028,Glengarry / Lucerne
56024,Lucerne / Côte-de-Liesse
55756,Sainte-Croix / Côte-de-Liesse
55746,Sainte-Croix / Dion
55739,Sainte-Croix / Hodge
55724,Sainte-Croix / du Collège
55700,de l'Église / Sainte-Croix
55690,de l'Église / Saint-Germain
55676,de l'Église / Décarie
55665,de l'Église / Cardinal
55653,de l'Église / Buchanan
55630,de l'Église / Marcel-Laurin
55619,de l'Église / Saint-Aubin
55606,de l'Église / Gratton
55592,de l'Église / Alexis-Nihon
55572,Decelles / Alexis-Nihon
55545,Decelles / Abbott
