54141,Vézina / Coolbrook
50607,McLynn / Plamondon
50630,Plamondon / Décarie
50631,Plamondon / Trans Island
50680,Plamondon / Barclay
50697,Plamondon / Lemieux
50738,Station Plamondon Nord (Plamondon / Victoria)
50791,Plamondon / Lavoie
50836,Plamondon / Légaré
50883,Plamondon / Côte-des-Neiges
50863,Côte-des-Neiges / Barclay
50839,Goyer / Côte-des-Neiges
50886,Goyer / Decelles
50927,Goyer / Hudson
50969,Goyer / Darlington
51023,Goyer / Wilderton
51002,Wilderton / de Bedford
50952,Wilderton / Bates
50116,Bates / No 240
56097,Bates / de Vimy
56157,Bates / Pratt
56158,Bates / Rockland
56219,Rockland / No 1000
56162,Rockland / Ducharme
56222,Rockland / Van Horne
56173,Van Horne / Dollard
56221,Station Outremont (Van Horne / Wiseman)
56193,Outremont / Lajoie
56198,Outremont / Bernard
56203,Bernard / De L'Épée
51476,Bernard / Durocher
51504,Bernard / du Parc
51526,Bernard / de l'Esplanade
51556,Bernard / Saint-Urbain
51571,Bernard / Saint-Laurent
60676,de Bellechasse / Saint-Dominique
60677,de Bellechasse / Henri-Julien
51508,Station Beaubien (Saint-Denis / Beaubien)
54014,Station Beaubien / de Saint-Vallier
