51533,Station Beaubien (de Chateaubriand / Beaubien)
51509,Beaubien / Saint-Denis
51481,Beaubien / Alma
51441,Beaubien / Saint-Laurent
51411,Clark / Beaubien
53790,Clark / Voie ferrée
51555,Saint-Urbain / Bernard
51525,Bernard / de l'Esplanade
51502,Bernard / du Parc
51475,Bernard / Durocher
56202,Bernard / Bloomfield
56197,Bernard / Outremont
56192,Outremont / Lajoie
56180,Outremont / Van Horne
56220,Station Outremont (Van Horne / Wiseman)
56172,Van Horne / McEachran
56165,McEachran / Ducharme
56159,McEachran / Rockland
56218,Bates / Rockland
56156,Bates / Pratt
56098,de Vimy / Bates
51103,Barclay / de Vimy
51054,Barclay / Wilderton
50994,Barclay / Darlington
50947,Barclay / Hudson
50916,Barclay / Decelles
50864,Barclay / Côte-des-Neiges
50807,Barclay / Légaré
50753,Barclay / Lavoie
50721,Station Plamondon Nord (Barclay / Victoria)
50683,Barclay / Lemieux
50663,Barclay / Westbury
50629,Plamondon / Décarie
54141,Vézina / Coolbrook
