56338,Kildare / Westminster
56345,Kildare / McMurray
56348,Kildare / Melling
56360,Kildare / Trinity
56366,Kildare / Parkhaven
56369,Kildare / Wildwood
56375,Kildare / Einstein
56383,Kildare / Kellert
56391,Kildare / Cavendish
56400,Cavendish / Heywood
56404,Fleet / Randall
56408,Fleet / Pinedale
56310,Fleet / Netherwood
56312,Fleet / Queen-Mary
56329,Fleet / Netherwood
56315,Fleet / Finchley
50643,Fleet / Macdonald
50660,Van Horne / Clanranald
50703,Van Horne / Décarie
50722,Van Horne / Décarie
50745,Van Horne / Westbury
50778,Van Horne / Lemieux
50819,Station Plamondon Sud (Van Horne / Victoria)
50867,Van Horne / Lavoie
50902,Van Horne / Légaré
50943,Van Horne / Côte-des-Neiges
50974,Van Horne / Decelles
51022,Van Horne / Hudson
53975,Van Horne / Linton
51083,Van Horne / Darlington
51124,Van Horne / Wilderton
51148,Van Horne / du Boisé
54135,Van Horne / de Vimy
56161,Van Horne / Pratt
56164,Van Horne / Hartland
56170,Van Horne / Rockland
56173,Van Horne / Dollard
56221,Station Outremont (Van Horne / Wiseman)
56186,Van Horne / Bloomfield
56191,Van Horne / Querbes
51390,Van Horne / Hutchison
51423,Van Horne / Jeanne-Mance
51449,Van Horne / Waverly
51648,Station Rosemont (Rosemont / De Saint-Vallier)
