51648,Station Rosemont (Rosemont / De Saint-Vallier)
51448,Van Horne / Waverly
51407,Van Horne / du Parc
56190,Van Horne / Querbes
56185,Van Horne / Bloomfield
56220,Station Outremont (Van Horne / Wiseman)
56172,Van Horne / McEachran
56168,Van Horne / Rockland
56163,Van Horne / Hartland
56160,Van Horne / Pratt
54134,Van Horne / de Vimy
51147,Van Horne / Northcrest
51123,Van Horne / Wilderton
51082,Van Horne / Darlington
53976,Van Horne / Linton
51021,Van Horne / Hudson
50973,Van Horne / Decelles
50941,Van Horne / Côte-des-Neiges
50901,Van Horne / Légaré
50866,Van Horne / Lavoie
50820,Station Plamondon Sud (Van Horne / Victoria)
50777,Van Horne / Lemieux
50744,Van Horne / Westbury
50701,Van Horne / Décarie
50684,Van Horne / Coolbrook
50659,Van Horne / Clanranald
50641,Van Horne / Macdonald
56314,Fleet / Finchley
56313,Fleet / Netherwood
56311,Fleet / Queen-Mary
56330,Fleet / Netherwood
56407,Fleet / Pinedale
56403,Fleet / Randall
56393,Kildare / Cavendish
56382,Kildare / Kellert
56374,Kildare / Einstein
56368,Kildare / Caldwell
56364,Kildare / Parkhaven
56380,Guelph / Kincourt
56376,Guelph / Whitehorne
56371,Guelph / Melling
56362,Guelph / McMurray
56353,Guelph / Westminster
56343,Guelph / Westluke
56337,Guelph / Wentworth
56334,Kildare / Davies
56335,Kildare / Westluke
56338,Kildare / Westminster
