60247,Station Villa-Maria / Terminus
51202,de Monkland / Girouard
51170,de Monkland / Marcil
51153,de Monkland / Harvard
51121,de Monkland / de Melrose
51091,de Monkland / Royal
51060,de Monkland / Hingston
51033,de Monkland / Grand Boulevard
51008,de Monkland / Madison
50988,de Monkland / Benny
50954,de Monkland / Cavendish
50929,de Monkland / Walkley
50887,de Monkland / Rosedale
54015,de Monkland / Coronation
53806,Université Concordia / Campus Loyola
50763,Sherbrooke / West Broadway
50747,Sherbrooke / Patricia
50723,Sherbrooke / Connaught
56442,Sherbrooke / Westminster
56440,Westminster / Curzon
56438,Westminster / Nelson
56436,Westminster / Parkside
56435,Westminster / Northview
56433,Westminster / Garden
56431,Westminster / Westover
56423,Westminster / Côte-Saint-Luc
56352,Westminster / Guelph
56363,Guelph / Léger
56372,Guelph / Melling
56377,Guelph / Jellicoe
56381,Guelph / Parkhaven
56384,Guelph / Einstein
56394,Heywood / Redwood
56397,Heywood / Sabin
56422,Heywood / No 5690
56428,Kildare / Rembrandt
56430,Kildare / Merrimac
56426,Kildare / Kildare
56429,Kildare / Merrimac
56389,Kildare / Cavendish
56425,Kildare / Cavendish
