56425,Kildare / Cavendish
56382,Kildare / Kellert
56374,Kildare / Einstein
56368,Kildare / Caldwell
56367,Kildare / Parkhaven
56355,Kildare / Glenarden
56347,Kildare / Melling
56344,Kildare / McMurray
56339,Westminster / Kildare
56354,Westminster / Guelph
56387,Westminster / Côte-Saint-Luc
56432,Westminster / Westover
56434,Westminster / Radcliffe
56437,Westminster / Parkside
56439,Westminster / Nelson
56441,Westminster / Curzon
56443,Westminster / Milner
54143,Sherbrooke / Elmurst
53792,Sherbrooke / Westmore
50765,Sherbrooke / West Broadway
50831,Université Concordia / Campus Loyola
50855,Sherbrooke / Coronation
50888,de Monkland / Rosedale
50930,de Monkland / Walkley
50956,de Monkland / Cavendish
50987,de Monkland / Benny
51009,de Monkland / Madison
51035,de Monkland / Grand Boulevard
51061,de Monkland / Hingston
51092,de Monkland / Royal
51122,de Monkland / de Melrose
51154,de Monkland / Harvard
51171,de Monkland / Marcil
51204,de Monkland / Girouard
51243,Décarie / de Monkland
