53793,Station Henri-Bourassa / Terminus
50301,Station Henri-Bourassa / Saint-Denis
50299,Henri-Bourassa / Laverdure
50295,Henri-Bourassa / Saint-Laurent
50287,Henri-Bourassa / Waverly
50285,Henri-Bourassa / Meunier
50283,Henri-Bourassa / Jeanne-Mance
50279,Henri-Bourassa / Tanguay
50277,Henri-Bourassa / Meilleur
53727,SAAQ (Henri-Bourassa / No 750)
50268,Henri-Bourassa / du Bois-de-Boulogne
50255,du Bois-de-Boulogne / Marie-Rollet
50250,Dudemaine / Laforest
50247,Dudemaine / de l'Acadie
50244,Dudemaine / Pasteur
50240,Dudemaine / James-Morrice
50236,Dudemaine / De Poutrincourt
50228,Dudemaine / Élie-Blanchard
50222,Dudemaine / Guertin
50214,Dudemaine / O'Brien
50211,Dudemaine / Saint-Évariste
50207,Dudemaine / Robert-Giffard
50201,Dudemaine / Michel-Sarrazin
50194,Dudemaine / Grenet
50186,de Louisbourg / Grenet
55820,de Louisbourg / Laurentien
53795,Keller / Laurentien
55957,Keller / No 1947
55435,Keller / Somerset
55429,Keller / Carroll
55421,Keller / Jean-Bouillet
55413,Keller / de Beauséjour
55407,Keller / Toupin
55408,Toupin / Keller
55416,Toupin / Marcel
55424,Toupin / Henri-Bourassa
55417,Henri-Bourassa / Vermandère
55411,Henri-Bourassa / Marette
55402,Henri-Bourassa / Sartelon
55392,Henri-Bourassa / Félix-Leclerc
55386,Guénette / Henri-Bourassa
55776,Guénette / Cousens
55887,Centre de transport St-Laurent (Guénette/Cousens)
60890,Guénette / Bois-Franc
60857,Guénette / Dobrin
60860,Guénette / No 2260
60861,Steinberg / No 4200
60891,Thimens / Bois-Franc
60504,Centre de transport St-Laurent (Guénette/Cousens)
