60504,Centre de transport St-Laurent (Guénette/Cousens)
55883,Guénette / Bois-Franc
60856,Guénette / Dobrin
60858,Guénette / No 2260
60859,Steinberg / No 4200
55394,Thimens / Bois-Franc
55387,Thimens / Cousens
55910,Thimens / Henri-Bourassa
55385,Henri-Bourassa / Guénette
55393,Henri-Bourassa / Félix-Leclerc
55403,Henri-Bourassa / Sartelon
55412,Henri-Bourassa / Marette
55418,Henri-Bourassa / Vermandère
55931,Toupin / Henri-Bourassa
55420,Toupin / Saint-Charles
55415,Toupin / Marcel
55793,Toupin / Marcel
55406,Toupin / Keller
55414,Keller / de Beauséjour
55422,Keller / Jean-Bouillet
55430,Keller / Carroll
55434,Keller / Somerset
55956,Keller / No 1947
53794,Keller / Laurentien
50182,de Louisbourg / Ranger
50185,de Louisbourg / Grenet
50193,Dudemaine / Grenet
50202,Dudemaine / Michel-Sarrazin
50208,Dudemaine / Robert-Giffard
50212,Dudemaine / Saint-Évariste
50216,Dudemaine / O'Brien
50223,Dudemaine / Guertin
50227,Dudemaine / Élie-Blanchard
50237,Dudemaine / De Poutrincourt
50241,Dudemaine / James-Morrice
50245,Dudemaine / Pasteur
50248,Dudemaine / de l'Acadie
54297,Dudemaine / Laforest
50256,du Bois-de-Boulogne / Marie-Rollet
50269,du Bois-de-Boulogne / Henri-Bourassa
50270,Collège de Bois-de-Boulogne
50278,Henri-Bourassa / Meilleur
50280,Henri-Bourassa / Tanguay
50284,Henri-Bourassa / Jeanne-Mance
50286,Henri-Bourassa / Meunier
50288,Henri-Bourassa / Waverly
50296,Henri-Bourassa / Saint-Laurent
50297,Henri-Bourassa / Saint-Laurent
50300,Henri-Bourassa / Laverdure
50303,Station Henri-Bourassa Ouest / Berri
54127,Station Henri-Bourassa (descente)
