52201,Station Guy-Concordia (Guy / De Maisonneuve)
52113,Guy / Sherbrooke
52044,Côte-des-Neiges / Summerhill
51984,Côte-des-Neiges / du Docteur-Penfield
53761,Hôpital général (des Pins/Côte-des-Neiges)
51840,Côte-des-Neiges / Cedar
51732,Côte-des-Neiges / The Boulevard
51664,Côte-des-Neiges / Hill Park
51626,Côte-des-Neiges / Blueridge
51545,Côte-des-Neiges / Remembrance
51486,Côte-des-Neiges / Forest Hill
53837,Cimetière Notre-Dame-des-Neiges
51426,Côte-des-Neiges / Ridgewood
51321,Côte-des-Neiges / Decelles
51251,Côte-des-Neiges / Queen-Mary
51186,Côte-des-Neiges / Jean-Brillant
51155,Station Côte-des-Neiges (Côte-des-Neiges/Lacombe)
51101,Côte-des-Neiges / Saint-Kevin
51045,Côte-des-Neiges / Côte-Sainte-Catherine
53864,Côte-des-Neiges / de La Peltrie
50940,Côte-des-Neiges / Van Horne
50903,Côte-des-Neiges / Carlton
50863,Côte-des-Neiges / Barclay
50789,Côte-des-Neiges / Mackenzie
50692,Côte-des-Neiges / Jean-Talon
56078,Laird / Glencoe
56076,Laird / Geneva
56073,Laird / Caledonia
56069,Laird / Moncrieff
56066,Laird / Alexander
56136,Gare Mont-Royal (Dunkirk / Cornwall)
