50544,Vézina / Macdonald
50584,Macdonald / Plamondon
50642,MacDonald / Fleet
50714,Macdonald / Hampstead
50795,MacDonald / Langhorne
56416,Macdonald / Isabella
56417,Macdonald / Queen-Mary
50986,Queen-Mary / Earnscliffe
51020,Queen-Mary / Décarie
51032,Queen-Mary / Trans Island
51051,Station Snowdon (Queen-Mary / Circle)
51086,Queen-Mary / Lemieux
51119,Queen-Mary / Victoria
51146,Queen-Mary / Roslyn
51175,Institut de gériatrie (Queen-Mary/Cedar Crescent)
53677,Oratoire Saint-Joseph (Queen-Mary/du Frère-André)
51267,Queen-Mary / Gatineau
51279,Place du 6-décembre-1989 (Queen-Mary / Decelles)
51391,Côte-des-Neiges / No 4858
51429,Ridgewood / Côte-des-Neiges
53972,Ridgewood / No 3360
53836,Ridgewood / No 3440
53835,Ridgewood / No 3550
53834,Ridgewood / No 3600
53833,Ridgewood / No 3635
53741,Ridgewood / No 3600
53742,Ridgewood / No 3550
53971,Ridgewood / No 3440
53743,Ridgewood / No 3360
54078,Ridgewood / No 3280
51428,Ridgewood / Côte-des-Neiges
51487,Côte-des-Neiges / Forest Hill
51546,Côte-des-Neiges / Remembrance
51627,Côte-des-Neiges / Blueridge
51653,Côte-des-Neiges / Gage
51715,McDougall / The Boulevard
51841,Côte-des-Neiges / Cedar
51923,du Docteur-Penfield / Côte-des-Neiges
51985,du Docteur-Penfield / Côte-des-Neiges
52045,Côte-des-Neiges / Summerhill
52096,Saint-Mathieu / Sherbrooke
52147,Station Guy-Concordia (St-Mathieu/De Maisonneuve)
52196,Saint-Mathieu / Sainte-Catherine
53762,Saint-Mathieu / Baile
52285,Saint-Mathieu / René-Lévesque
54163,René-Lévesque / Amesbury
52236,Guy / Sainte-Catherine
52195,Station Guy-Concordia (Guy / De Maisonneuve)
