52195,Station Guy-Concordia (Guy / De Maisonneuve)
52113,Guy / Sherbrooke
52044,Côte-des-Neiges / Summerhill
51984,Côte-des-Neiges / du Docteur-Penfield
53761,Hôpital général (des Pins/Côte-des-Neiges)
51840,Côte-des-Neiges / Cedar
51732,Côte-des-Neiges / The Boulevard
51664,Côte-des-Neiges / Hill Park
51626,Côte-des-Neiges / Blueridge
51545,Côte-des-Neiges / Remembrance
51486,Côte-des-Neiges / Forest Hill
53837,Cimetière Notre-Dame-des-Neiges
51426,Côte-des-Neiges / Ridgewood
51290,Decelles / Troie
51252,Queen-Mary / Côte-des-Neiges
51254,Queen-Mary / Côte-des-Neiges
53678,Oratoire Saint-Joseph (Queen-Mary/No 3800)
51176,Institut de gériatrie (Queen-Mary/Cedar Crescent)
51145,Queen-Mary / Roslyn
51117,Queen-Mary / Victoria
51081,Queen-Mary / Ponsard
51050,Station Snowdon (Queen-Mary / Westbury)
51031,Queen-Mary / Trans Island
51003,Queen-Mary / Coolbrook
50966,Queen-Mary / Clanranald
50897,Clanranald / Isabella
54208,Clanranald / Dupuis
50728,Clanranald / Bourret
50658,Clanranald / Van Horne
50598,Clanranald / Plamondon
50550,Clanranald / Vézina
50544,Vézina / Macdonald
