60700,Terminus de la Pointe-Sud
60693,de la Pointe-Sud / des Parulines
60694,de la Pointe-Sud / des Sommets
56654,de l'Île-des-Soeurs / De Gaspé
56656,de l'Île-des-Soeurs / François
56663,de l'Île-des-Soeurs / Darwin
56661,de l'Ile-des-Soeurs / Berlioz
56657,de l'Île-des-Soeurs / Abélard
56721,Marguerite-Bourgeoys / de l'Île-des-Soeurs
56698,Marguerite-Bourgeoys / Marie-Le Ber
56681,Marguerite-Bourgeoys / du Club-Marin
56679,du Golf / No 1060
56677,du Golf / No 1050
56675,du Golf / No 800
56673,du Golf / William-Paul
56671,du Golf / No 500
56652,du Golf / No 210
56692,René-Lévesque / No 3000
56695,René-Lévesque / Berlioz
56702,René-Lévesque / Levert
56712,René-Lévesque / Golf-Cité
60748,Campus Bell (de la Pointe-Nord/J.-Le Ber)
54314,des Moulins Est / Pierre-Dupuy
52973,Duke / Wellington
52880,Duke / William
52804,Duke / Notre-Dame
52752,Robert-Bourassa / Saint-Jacques
52666,Robert-Bourassa / De La Gauchetière
52588,Robert-Bourassa / René-Lévesque
52499,Robert-Bourassa / Sainte-Catherine
52412,Robert-Bourassa / du Président-Kennedy
