52451,Station McGill (Union / De Maisonneuve)
52527,Union / Sainte-Catherine
52626,René-Lévesque / du Beaver Hall
52669,du Beaver Hall / Belmont
52705,Station Square-Victoria-OACI / Viger
52732,Robert-Bourassa / Viger
52754,Robert-Bourassa / Saint-Jacques
52790,de Nazareth / Saint-Maurice
53919,de Nazareth / William
54372,de Nazareth / Ottawa
52971,de Nazareth / Wellington
53920,des Moulins / No 950
54312,des Moulins Ouest / Pierre-Dupuy
60196,Place du Commerce / Provigo
56683,Place du Commerce / Centre Le Village
56496,Place du Commerce / Cité de l'Île
56711,Place du Commerce / René-Lévesque
56691,Berlioz / Terry-Fox
56665,Berlioz / Place du Soleil
56666,Berlioz / Place de la Fontaine
56664,Berlioz / Landreville
56662,Berlioz / de l'Île-des-Soeurs
56700,de l'Île-des-Soeurs / Berlioz
56660,de l'Île-des-Soeurs / Elgar
56653,de l'Île-des-Soeurs / De Gaspé
60400,de l'Île-des-Soeurs / Hall
60696,de la Pointe-Sud / de l'Orée-du-Bois
60697,de la Pointe-Sud / des Parulines
60700,Terminus de la Pointe-Sud
