51986,Station Place-Saint-Henri / Saint-Ferdinand
51916,Saint-Ferdinand / Saint-Antoine
51885,Saint-Antoine / Sainte-Marguerite
51851,Saint-Antoine / Lenoir
51789,Saint-Antoine / De Courcelle
51701,Saint-Jacques / Saint-Rémi
51523,Décarie / De Maisonneuve
51460,Décarie / Sherbrooke
51396,Sherbrooke / Girouard
51334,Girouard / Côte-Saint-Antoine
51291,Girouard / Notre-Dame-de-Grâce
51235,Girouard / Duquette
51201,Girouard / de Monkland
51128,Girouard / de Terrebonne
51136,de Terrebonne / Côte-Saint-Luc
51169,Décarie / Jacques-Grenier
51073,Décarie / Snowdon
51018,Décarie / Queen-Mary
50950,Décarie / Isabella
50905,Décarie / Édouard-Montpetit
50835,Décarie / Côte-Sainte-Catherine
50790,Décarie / Bourret
50700,Décarie / Van Horne
50628,Décarie / Plamondon
50591,Décarie / Vézina
50506,Station Namur (Décarie / Jean-Talon)
50510,Station Namur (Décarie / Jean-Talon)
50475,Décarie / Paré
50435,Décarie / Ferrier
50410,Décarie / de la Savane
50377,Station De la Savane (Décarie / de Sorel)
56023,Décarie / Duncan
56140,Côte-de-Liesse / Décarie
55827,Décarie / No 255
55717,Station du Collège Sud (Décarie / Cartier)
55703,Station du Collège Nord (Décarie / du Collège)
55675,Décarie / de l'Église
55658,Décarie / Decelles
61233,Station Côte-Vertu (Gohier / Édouard-Laurin)
