61233,Station Côte-Vertu (Gohier / Édouard-Laurin)
55677,Décarie / de l'Église
55825,Décarie / Beaudet
55706,Station du Collège Nord (Décarie / du Collège)
55723,Station du Collège Sud (Décarie / Saint-Louis)
55826,Décarie / No 290
56116,Décarie / Côte-de-Liesse
56105,Décarie / No 8400
50398,Station de la Savane (Décarie / Royalmount)
50436,Décarie / Ferrier
50477,Décarie / Paré
50508,Station Namur (Décarie / Jean-Talon)
50599,Décarie / Vézina
53831,Décarie / Kenmore
50702,Décarie / Van Horne
54226,Décarie / Cochrane
50806,Décarie / Lucy
53881,Décarie / Dupuis
50906,Décarie / Édouard-Montpetit
50951,Décarie / Isabella
51019,Décarie / Queen-Mary
51074,Décarie / Snowdon
51180,Décarie / Côte-Saint-Luc
51137,de Terrebonne / Earnscliffe
51129,Girouard / Guillaume-Couture
51203,Girouard / de Monkland
51236,Girouard / Duquette
51292,Girouard / Notre-Dame-de-Grâce
51333,Girouard / Côte-Saint-Antoine
54215,Girouard / Sherbrooke
51491,Girouard / Upper-Lachine
51559,Girouard / Saint-Jacques
51615,Saint-Jacques / Décarie
51702,Saint-Jacques / Saint-Rémi
51826,Saint-Jacques / Delinelle
51870,Saint-Jacques / Lenoir
51925,Saint-Jacques / Sainte-Marguerite
51986,Station Place-Saint-Henri / Saint-Ferdinand
