53795,Keller / Laurentien
55957,Keller / No 1947
55435,Keller / Somerset
55429,Keller / Carroll
55421,Keller / Jean-Bouillet
55413,Keller / de Beauséjour
55407,Keller / Toupin
55404,Toupin / Robitaille
55400,Toupin / Machabée
55390,Toupin / L'Heureux
55398,L'Heureux / de Beauséjour
50131,de Beauséjour / Gouin
50130,Toupin / Gouin
55391,Toupin / L'Heureux
55399,Toupin / Métivier
55401,Toupin / Trépanier
55405,Toupin / Baker
55414,Keller / de Beauséjour
55422,Keller / Jean-Bouillet
55430,Keller / Carroll
55434,Keller / Somerset
55956,Keller / No 1947
53794,Keller / Laurentien
50182,de Louisbourg / Ranger
50185,de Louisbourg / Grenet
50192,Grenet / Ranger
55461,Henri-Bourassa / de Londres
55475,Henri-Bourassa / de Londres
55493,Henri-Bourassa / de la Sorbonne
55508,Henri-Bourassa / O'Brien
55528,O'Brien / Cléroux
55560,O'Brien / Poirier
55537,Décarie / Poirier
55566,Décarie / Deguire
55589,Décarie / Tassé
55614,Décarie / Rochon
61654,Station Côte-Vertu
