55817,Thimens / No 3075
55454,Thimens / Cavendish
55798,Thimens / Todd
60855,Thimens / No 2600
55885,École Saint-Laurent
55501,Thimens / Varin
55927,Thimens / Alexis-Nihon
55529,Alexis-Nihon / Hufford
55935,Alexis-Nihon / Bourgoin
55581,Côte-Vertu / Marlatt
55596,Côte-Vertu / Marcel-Laurin
55604,Côte-Vertu / Leduc
55624,Côte-Vertu / Cardinal
55901,Station Côte-Vertu (Côte-Vertu / Décarie)
55650,Côte-Vertu / Saint-Germain
55662,Côte-Vertu / Sainte-Croix
55688,Côte-Vertu / Dutrisac
55712,Côte-Vertu / Montpellier
55720,Côte-Vertu / Muir
55731,Jules-Poitras / Côte-Vertu
55715,Jules-Poitras / Thompson
55695,Jules-Poitras / No 1385
55659,Jules-Poitras / Deguire
55647,Jules-Poitras / Crépeau
50262,Henri-Bourassa / de l'Acadie
50263,Henri-Bourassa / de l'Acadie
50265,Henri-Bourassa / Marcelin-Wilson
50270,Collège de Bois-de-Boulogne
50278,Henri-Bourassa / Meilleur
50280,Henri-Bourassa / Tanguay
50284,Henri-Bourassa / Jeanne-Mance
50286,Henri-Bourassa / Meunier
50288,Henri-Bourassa / Waverly
50296,Henri-Bourassa / Saint-Laurent
50297,Henri-Bourassa / Saint-Laurent
50300,Henri-Bourassa / Laverdure
50303,Station Henri-Bourassa Ouest / Berri
54127,Station Henri-Bourassa (descente)
