54114,Station Henri-Bourassa / Terminus
50301,Station Henri-Bourassa / Saint-Denis
50299,Henri-Bourassa / Laverdure
50295,Henri-Bourassa / Saint-Laurent
50287,Henri-Bourassa / Waverly
50285,Henri-Bourassa / Meunier
50283,Henri-Bourassa / Jeanne-Mance
50279,Henri-Bourassa / Tanguay
50277,Henri-Bourassa / Meilleur
53727,SAAQ (Henri-Bourassa / No 750)
50268,Henri-Bourassa / du Bois-de-Boulogne
50264,Henri-Bourassa / Marcelin-Wilson
50260,Henri-Bourassa / de l'Acadie
55648,Jules-Poitras / Crépeau
55660,Jules-Poitras / Deguire
55815,Jules-Poitras / No 1385
55716,Jules-Poitras / Thompson
55729,Jules-Poitras / Côte-Vertu
55718,Côte-Vertu / Muir
55707,Côte-Vertu / Champigny
55696,Côte-Vertu / Barré
55689,Côte-Vertu / Dutrisac
55661,Côte-Vertu / Sainte-Croix
55649,Côte-Vertu / Saint-Germain
55945,Station Côte-Vertu (Côte-Vertu / Décarie)
55803,Côte-Vertu / Crevier
55594,Côte-Vertu / Leduc
55597,Côte-Vertu / Tait
55580,Côte-Vertu / Marlatt
55554,Côte-Vertu / Alexis-Nihon
55522,Alexis-Nihon / Lucien-Thimens
55500,Thimens / Varin
61280,École Saint-Laurent
60853,Thimens / Samson
55797,Thimens / Todd
55453,Thimens / Cavendish
55816,Cavendish / No 12000
61625,Sears / Thimens
