57584,Côte-Vertu / Air Canada
57585,Air Canada / Côte-Vertu
57594,Côte-Vertu / Air Canada
57595,Côte-Vertu / No 7373
57586,Côte-Vertu / Stationnement Bombardier
57587,Côte-Vertu / Centre de Formation
59931,Côte-Vertu / Canadair
57588,Côte-Vertu / Bombardier
57583,Côte-Vertu / Percival-Reid
57590,Côte-Vertu / Pitfield
55831,Côte-Vertu / Saint-Amour
55811,Côte-Vertu / Montée de Liesse
55446,Côte-Vertu / Bégin
55778,Côte-Vertu / No 3695
55466,Côte-Vertu / Beaulac
55487,Côte-Vertu / Cavendish
60289,Station Côte-Vertu
