55921,Station du Collège Sud (Ouimet / Saint-Louis)
55701,Saint-Louis / Crevier
55691,Saint-Louis / Marcel-Laurin
55679,Saint-Louis / Tait
55669,Saint-Louis / Gratton
55645,Saint-Louis / Vincent
55674,Alexis-Nihon / Ward
55843,Côte-de-Liesse / No 5805
55656,Transcanadienne / Ward
55579,Transcanadienne / No 6363
55573,Transcanadienne / Dr.-Frederik-Philips
55543,Griffith / Migneron
55511,Griffith / Locke
55494,Griffith / McArthur
55484,McArthur / No 555
55455,McArthur / Seré
55447,Seré / McCaffrey
55444,McCaffrey / No 815
55345,McCaffrey / Gougeon
55436,McCaffrey / Montée de Liesse
55810,Côte-Vertu / Montée de Liesse
55351,Montée de Liesse / No 1235
55409,Saint-François / Saint-Amour
55813,Saint-François / No 5400
55862,Saint-François / Donahue
55374,Saint-François / Vanden-Abeele
55877,Saint-François / Halpern
55814,Halpern / No 2200
55879,Halpern / Vanden-Abeele
55783,Halpern / Abrams
55362,Halpern / Bessette
55818,Bessette / Sabourin
55809,Sabourin / De Miniac
55367,De Miniac / Bessette
55938,De Miniac / Diab
56007,De Miniac / No 3167
56005,Cypihot / No 5789
56004,Cypihot / Douglas-B.-Floreani
55999,Douglas-B.-Floreani / Kieran
60581,Douglas-B.-Floreani / No 3425
56001,Douglas-B.-Floreani / Grass Valley
56008,Douglas-B.-Floreani / L'Oréal
55998,Douglas-B.-Floreani / Grass Valley
