55998,Douglas-B.-Floreani / Grass Valley
56000,Douglas-B.-Floreani / Kieran
56002,Douglas-B.-Floreani / Etingin
56003,Cypihot / No 5859
56006,Cypihot / De Miniac
55360,De Miniac / Henri-Bourassa
55939,De Miniac / Diab
55370,De Miniac / Sabourin
55363,Bessette / No 5825
55784,Halpern / Abrams
55880,Halpern / Vanden-Abeele
55348,Halpern / No 2200
55878,Halpern / Saint-François
55375,Saint-François / Vanden-Abeele
55863,Saint-François / Donahue
55342,Saint-François / No 5400
55410,Saint-François / Saint-Amour
55812,Montée de Liesse / No 1235
55431,Montée de Liesse / Côte-Vertu
55811,Côte-Vertu / Montée de Liesse
55438,McCaffrey / Montée de Liesse
55850,McCaffrey / Gougeon
55347,McCaffrey / No 815
55448,Seré / McCaffrey
55456,Seré / McArthur
55861,McArthur / No 350
55495,Griffith / McArthur
55513,Griffith / Locke
55544,Griffith / Migneron
55553,Cavendish / Griffith
55600,Cavendish / Côte-de-Liesse
55621,Dalton / Côte-de-Liesse
56110,Passerelle Isabey-Darnley (Côte-de-Liesse/Isabey)
56139,Côte-de-Liesse / No 5750
55937,Transcanadienne / Alexis-Nihon
55671,Alexis-Nihon / Ward
55644,Saint-Louis / Alexis-Nihon
55670,Saint-Louis / Gratton
55680,Saint-Louis / Tait
55702,Saint-Louis / Crevier
55921,Station du Collège Sud (Ouimet / Saint-Louis)
