60284,Guénette / Bois-Franc
55883,Guénette / Bois-Franc
55395,Bois-Franc / Thimens
55387,Thimens / Cousens
55910,Thimens / Henri-Bourassa
55899,Henri-Bourassa / No 8585
55371,Brabant-Marineau / De Baene
55378,Brabant-Marineau / Botham
55869,Cousens / No 4600
55774,Cousens / Thimens
55864,Thimens / Bois-Franc
55397,Thimens / No 5550
55870,Thimens / Dobrin
55872,Thimens / Poirier
55871,Thimens / Poirier
55433,Thimens / Garand
55800,Thimens / Pomba
55925,Thimens / Tees
55441,Thimens / Bégin
55955,Côte-Vertu / Bégin
55778,Côte-Vertu / No 3695
55466,Côte-Vertu / Beaulac
55463,Côte-Vertu / No 3200
55487,Côte-Vertu / Cavendish
55556,Côte-Vertu / Alexis-Nihon
55596,Côte-Vertu / Marcel-Laurin
60288,Station Côte-Vertu
