60295,Station Côte-Vertu
55594,Côte-Vertu / Leduc
55554,Côte-Vertu / Alexis-Nihon
55486,Côte-Vertu / Cavendish
55488,Côte-Vertu / Cavendish
55464,Côte-Vertu / Beaulac
55355,Côte-Vertu / No 3695
55445,Côte-Vertu / Bégin
55933,Bégin / Thimens
55924,Thimens / Tees
55426,Thimens / Pomba
55790,Thimens / Garand
55874,Thimens / Poirier
55875,Thimens / Steinberg
55873,Thimens / Dobrin
55876,Thimens / No 5555
55394,Thimens / Bois-Franc
55388,Centre de transport St-Laurent (Thimens/Cousens)
55389,Cousens / Thimens
55837,Cousens / No 4600
55377,Brabant-Marineau / Botham
55372,Brabant-Marineau / De Baene
55897,Henri-Bourassa / No 7900
55379,Henri-Bourassa / Thimens
55385,Henri-Bourassa / Guénette
55776,Guénette / Cousens
60284,Guénette / Bois-Franc
