60302,Station Acadie (Beaumont / de l'Acadie)
56138,Beaumont / Fleet
56101,Beaumont / Rockland
56111,Rockland / No 189
56095,Graham / Rockland
56100,Graham / Markham
51064,Station Acadie (Jean-Talon / de l'Acadie)
51085,Jean-Talon / Wiseman
51055,Champagneur / Ogilvy
50964,Champagneur / Saint-Roch
50896,Champagneur / Ball
50829,Champagneur / Jarry
50808,Jarry / Wiseman
50782,Jarry / de l'Acadie
50698,de l'Acadie / d'Anvers
50632,de l'Acadie / de Liège
50573,de l'Acadie / Crémazie
53823,Marché Central (de l'Acadie / Crémazie)
50481,de l'Acadie / Legendre
50428,de l'Acadie / Chabanel
50380,de l'Acadie / de Louvain
50324,de l'Acadie / Sauvé
50329,de l'Acadie / Sauvé
54082,de l'Acadie / Arthur-Lismer
50292,de l'Acadie / du Liban
53822,de l'Acadie / Persillier
54350,de l'Acadie / Place de l'Acadie
50259,de l'Acadie / Henri-Bourassa
50251,Aréna Marcelin-Wilson (de l'Acadie/C.-Gill)
50246,de l'Acadie / Dudemaine
50242,de l'Acadie / de Louisbourg
50229,de l'Acadie / De Salaberry
50224,Valmont / Viel
50221,de l'Acadie / Viel
50231,de l'Acadie / De Salaberry
