50231,de l'Acadie / De Salaberry
50233,de l'Acadie / De Salaberry
50243,de l'Acadie / de Louisbourg
50249,de l'Acadie / Dudemaine
50252,de l'Acadie / Charles-Gill
50261,de l'Acadie / Henri-Bourassa
53978,de l'Acadie / Place de l'Acadie
53821,de l'Acadie / No 10500
50273,de l'Acadie / Persillier
50293,de l'Acadie / Olivier-Berthelet
54083,de l'Acadie / Arthur-Lismer
50326,de l'Acadie / Sauvé
50331,de l'Acadie / de Port-Royal
50378,de l'Acadie / de Louvain
54341,de l'Acadie / Mazurette
50427,de l'Acadie / Chabanel
50482,de l'Acadie / Legendre
50539,Marché Central (de l'Acadie / Crémazie)
53828,de l'Acadie / Crémazie
50633,de l'Acadie / de Liège
50699,de l'Acadie / d'Anvers
50781,Jarry / de l'Acadie
50809,Jarry / Wiseman
50838,Jarry / Bloomfield
50907,Bloomfield / Ball
50970,Bloomfield / Saint-Roch
51062,Bloomfield / Ogilvy
54355,Bloomfield / Jean-Talon
51084,Jean-Talon / Wiseman
60302,Station Acadie (Beaumont / de l'Acadie)
