54398,Saint-Laurent / Saint-Zotique
51377,Saint-Dominique / Saint-Zotique
51445,Saint-Dominique / Beaubien
51482,Beaubien / Alma
51511,Beaubien / Saint-Denis
53851,Station Beaubien
51551,Beaubien / Saint-Hubert
51586,Beaubien / Christophe-Colomb
51598,Beaubien / De Normanville
51629,Beaubien / De Lanaudière
51655,Beaubien / Fabre
51679,Beaubien / Papineau
51695,Beaubien / Chabot
51741,Beaubien / De Lorimier
51781,Beaubien / des Écores
51805,Beaubien / D'Iberville
54136,Beaubien / 1re Avenue
51869,Beaubien / 6e Avenue
51915,Beaubien / 9e Avenue
51946,Beaubien / Saint-Michel
51983,Beaubien / 13e Avenue
52021,Collège de Rosemont (Beaubien / 16e Avenue)
52075,Beaubien / 19e Avenue
60634,Beaubien / 20e Avenue
52129,Beaubien / Pie-IX
52186,Beaubien / 26e Avenue
52231,Beaubien / 29e Avenue
52263,Beaubien / 31e Avenue
52301,Beaubien / 33e Avenue
52333,Beaubien / 35e Avenue
52360,Beaubien / Viau
52414,Beaubien / 40e Avenue
52445,Beaubien / 42e Avenue
52515,Beaubien / de l'Assomption
52539,Beaubien / Châtelain
52576,Beaubien / de Pontoise
52603,Beaubien / Lacordaire
53751,Beaubien / Place Beaubien
52673,Beaubien / Albani
52704,Beaubien / de Carignan
52751,Beaubien / Langelier
52795,Beaubien / François-Boivin
52840,Beaubien / Pierre-Gadois
54618,Beaubien / des Galeries-d'Anjou
54626,Beaubien / des Roseraies
54638,du Val d'Anjou / de la Nantaise
54693,Val d'Anjou / Place Val d'Anjou
54511,des Roseraies / Louis-Hippolyte-La Fontaine
54656,Louis-Hippolyte-La Fontaine / de la Malicorne
54207,Louis-Hippolyte-La Fontaine / Pierre-Corneille
50101,Louis-Hippolyte-La Fontaine / Curatteau
53242,Sherbrooke / Lepailleur
53253,Station Honoré-Beaugrand / Sherbrooke
