53275,Station Honoré-Beaugrand / Terminus Sud
53303,Louis-Hippolyte-La Fontaine / Curatteau
50109,Louis-Hippolyte-La Fontaine / Fonteneau
53849,Louis-Hippolyte-La Fontaine / Chénier
54694,Val d'Anjou / Place Val d'Anjou
54633,du Val d'Anjou / Beaubien
54625,Beaubien / des Roseraies
54616,Beaubien / des Galeries-d'Anjou
52839,Beaubien / Pierre-Gadois
52794,Beaubien / François-Boivin
52749,Beaubien / Langelier
52721,Beaubien / De Repentigny
52672,Beaubien / Albani
53752,Beaubien / Place Beaubien
52601,Beaubien / Lacordaire
52575,Beaubien / de Pontoise
52538,Beaubien / Châtelain
52513,Beaubien / de l'Assomption
54129,Beaubien / 42e Avenue
52396,Beaubien / 39e Avenue
52358,Beaubien / Viau
52332,Beaubien / 35e Avenue
52300,Beaubien / 33e Avenue
52262,Beaubien / 31e Avenue
52215,Beaubien / 29e Avenue
52168,Beaubien / 25e Avenue
52127,Beaubien / Pie-IX
60635,Beaubien / 20e Avenue
52074,Beaubien / 19e Avenue
52020,Collège de Rosemont (Beaubien / 16e Avenue)
51982,Beaubien / 13e Avenue
51944,Beaubien / Saint-Michel
51914,Beaubien / 9e Avenue
51868,Beaubien / 6e Avenue
51835,Beaubien / 1re Avenue
51803,Beaubien / D'Iberville
51780,Beaubien / Louis-Hébert
51739,Beaubien / De Lorimier
51694,Beaubien / Chabot
51677,Beaubien / Papineau
51654,Beaubien / Fabre
51628,Beaubien / De Lanaudière
53850,Beaubien / De Normanville
51584,Beaubien / Christophe-Colomb
51550,Beaubien / Saint-Hubert
51522,Station Beaubien / de Saint-Vallier
51509,Beaubien / Saint-Denis
51481,Beaubien / Alma
51441,Beaubien / Saint-Laurent
54398,Saint-Laurent / Saint-Zotique
