54088,Station Sauvé Sud (Sauvé / Saint-Denis)
50402,Lajeunesse / Sauriol
54089,Fleury / Berri
50347,Fleury / D'Auteuil
50337,Fleury / Saint-Laurent
50322,Fleury / Saint-Urbain
50319,Fleury / de l'Esplanade
50311,Fleury / Jeanne-Mance
50302,Fleury / Hogue
50289,Meilleur / Prieur
50276,Meilleur / Henri-Bourassa
53727,SAAQ (Henri-Bourassa / No 750)
50268,Henri-Bourassa / du Bois-de-Boulogne
50264,Henri-Bourassa / Marcelin-Wilson
50260,Henri-Bourassa / de l'Acadie
50251,Aréna Marcelin-Wilson (de l'Acadie/C.-Gill)
50246,de l'Acadie / Dudemaine
50242,de l'Acadie / de Louisbourg
50232,De Salaberry / Frigon
50225,De Salaberry / Taylor
50217,De Salaberry / De Poutrincourt
50203,De Salaberry / Guertin
50196,De Salaberry / O'Brien
50189,De Salaberry / Saint-Évariste
50178,De Salaberry / De Meulles
50172,De Salaberry / Grenet
50167,De Salaberry / Lachapelle
50159,Laurentien / Périnault
50152,Laurentien / Émile-Nelligan
60707,Laurentien / No 12245
50143,Laurentien / Gouin
50147,Lachapelle / Chevalier
