50147,Lachapelle / Chevalier
50153,Lachapelle / Émile-Nelligan
50163,Lachapelle / Périnault
50168,De Salaberry / Lachapelle
50174,De Salaberry / Grenet
50179,De Salaberry / De Meulles
50190,De Salaberry / Saint-Évariste
50198,De Salaberry / O'Brien
50204,De Salaberry / Guertin
50218,De Salaberry / De Poutrincourt
50226,De Salaberry / Taylor
54006,de l'Acadie / De Salaberry
50243,de l'Acadie / de Louisbourg
50249,de l'Acadie / Dudemaine
50252,de l'Acadie / Charles-Gill
50263,Henri-Bourassa / de l'Acadie
50265,Henri-Bourassa / Marcelin-Wilson
50270,Collège de Bois-de-Boulogne
50278,Henri-Bourassa / Meilleur
50290,Hogue / Prieur
54124,Hogue / Fleury
54087,Fleury / Verville
50315,Fleury / Tolhurst
50320,Fleury / de l'Esplanade
50323,Fleury / Saint-Urbain
50339,Fleury / Saint-Laurent
50348,Fleury / D'Auteuil
50359,Fleury / Berri
50394,Berri / Sauriol
50437,Station Sauvé Nord (Berri / Sauvé)
