60315,58e Avenue / Gouin
52472,Gouin / Étienne-Brais
52577,Gouin / 68e Avenue
52686,71e Avenue / Gouin
52726,Perras / 70e Avenue
52557,Perras / 64e Avenue
52518,Perras / 62e Avenue
60344,Rivière-des-Prairies / Perras
52471,Rivière-des-Prairies / 4e Rue
52567,Rivière-des-Prairies / 5e Rue
52656,Rivière-des-Prairies / Maurice-Duplessis
52759,Rivière-des-Prairies / 7e Rue
52853,Rivière-des-Prairies / La Martinière
52908,Rivière-des-Prairies / Henri-Bourassa
54406,Henri-Bourassa / No 9850
54409,Henri-Bourassa / Marien
54470,Henri-Bourassa / No 10605
54241,Henri-Bourassa / Saint-Jean-Baptiste
54258,Institut Philippe-Pinel
54242,Armand-Chaput / No 11410
54243,Centre Rivière-des-Prairies (A.-Chaput/No 11900)
54260,Rolland-Jeanneau / 89e Avenue
53247,89e Avenue / Maurice-Duplessis
60337,Maurice-Duplessis / 87e Avenue
61525,Gare Rivière-des-Prairies
60316,Maurice-Duplessis / Saint-Jean-Baptiste
60317,Saint-Jean-Baptiste / No 12045
60319,Saint-Jean-Baptiste / Cité des Prairies
60320,Saint-Jean-Baptiste / Émilie-du-Chatelet
60323,Saint-Jean-Baptiste / No 12475
60395,Perras / No 10955
53124,87e Avenue / Gouin
53159,Gouin / 89e Avenue
53200,Gouin / 94e Avenue
53907,Gouin / 101e Avenue
53908,Gouin / No 12050
53326,Gouin / No 12140
53913,Collège Saint-Jean-Vianney (Gouin/No 12630)
53437,Gouin / No 12980
53915,Gouin / No 13200
54056,Gouin / No 13300
53542,Gouin / 132e Avenue
53577,Gouin / 134e Avenue
60182,Gouin / No 16810
53999,Terminus Sherbrooke / Gouin
