53999,Terminus Sherbrooke / Gouin
60183,Gouin / Pierre-Mercure
53578,Gouin / 134e Avenue
53541,Gouin / 132e Avenue
53916,Gouin / No 13200
53973,Gouin / No 12980
53914,Collège Saint-Jean-Vianney (Gouin / No 12630)
53910,Gouin / No 12140
53909,Gouin / No 12050
53280,Gouin / 101e Avenue
53199,Gouin / 94e Avenue
53158,Gouin / 89e Avenue
53132,87e Avenue / Perras
53091,Perras / No 10950
60324,Perras / Saint-Jean-Baptiste
53060,Saint-Jean-Baptiste / Émilie-Du Châtelet
53686,Saint-Jean-Baptiste / No 12120
54371,Saint-Jean-Baptiste / No 12060
61668,Gare Rivière-des-Prairies
60339,Maurice-Duplessis / 87e Avenue
53248,89e Avenue / Maurice-Duplessis
54259,Rolland-Jeanneau / 89e Avenue
54244,Centre de détention Rivière-des-Prairies
54245,Armand-Chaput / No 11380
54261,Institut Philippe-Pinel
54246,Henri-Bourassa / Saint-Jean-Baptiste
54471,Henri-Bourassa / No 10605
54408,Henri-Bourassa / Marien
50122,Henri-Bourassa / No 9875
52910,Rivière-des-Prairies / Henri-Bourassa
52852,Rivière-des-Prairies / La Martinière
52758,Rivière-des-Prairies / 7e Rue
52654,Rivière-des-Prairies / 6e Rue
52566,Rivière-des-Prairies / 5e Rue
52470,Rivière-des-Prairies / 4e Rue
60325,Rivière-des-Prairies / Perras
60315,58e Avenue / Gouin
