54039,Station Frontenac (Frontenac / Ontario)
52934,Frontenac / de Rouen
52857,Frontenac / Hochelaga
52788,Sherbrooke / Gascon
52812,Sherbrooke / Hogan
52854,Sherbrooke / De Léry
52876,Sherbrooke / Moreau
52900,Sherbrooke / Saint-Germain
52924,Sherbrooke / Davidson
52942,Sherbrooke / Aylwin
52949,Sherbrooke / De Chambly
52953,Collège de Maisonneuve (Shebrooke/V.-Bourgeau)
52958,Sherbrooke / d'Orléans
52961,Musée Dufresne-Nincheri (Sherbrooke / Pie-IX)
52955,Jardin botanique de Montréal (Sherbrooke / Pie-IX)
52989,Parc Maisonneuve
52987,Sherbrooke / Viau
53008,Sherbrooke / No 5300
53042,Sherbrooke / de l'Assomption
53061,Sherbrooke / No 5600
53070,Sherbrooke / Dickson
53078,Sherbrooke / Lacordaire
53101,Station Cadillac (Sherbrooke / De Cadillac)
53111,Sherbrooke / No 6082
53121,Sherbrooke / de Carignan
53131,Sherbrooke / de Granby
53150,Station Langelier (Sherbrooke / Langelier)
53165,Sherbrooke / Desautels
53178,Sherbrooke / Haig
53186,Sherbrooke / Émile-Legrand
53198,Sherbrooke / Radisson
54080,Station Radisson Sud (Sherbrooke / du Trianon)
53207,Sherbrooke / Place Versailles
53242,Sherbrooke / Lepailleur
53253,Station Honoré-Beaugrand / Sherbrooke
53279,Sherbrooke / Liébert
53289,Sherbrooke / Saint-Donat
53302,Sherbrooke / Baldwin
53316,Des Ormeaux / Sherbrooke
53338,Des Ormeaux / De Teck
53352,Des Ormeaux / de Marseille
53363,Des Ormeaux / Sainte-Claire
53373,Des Ormeaux / Pierre-de-Coubertin
53387,Des Ormeaux / Hochelaga
53402,Des Ormeaux / Souligny
53429,Des Ormeaux / Tellier
53450,Des Ormeaux / Notre-Dame
53475,Des Ormeaux / Bellerive
53482,Bellerive / Baldwin
