53482,Bellerive / Baldwin
53461,Baldwin / Notre-Dame
53452,Des Ormeaux / Notre-Dame
53428,Des Ormeaux / Tellier
53407,Des Ormeaux / Dubuisson
53385,Des Ormeaux / Hochelaga
53372,Des Ormeaux / Pierre-de-Coubertin
53362,Des Ormeaux / Sainte-Claire
53351,Des Ormeaux / de Marseille
53337,Des Ormeaux / De Teck
53311,Des Ormeaux / Sherbrooke
53301,Sherbrooke / Baldwin
53287,Sherbrooke / Saint-Donat
53278,Sherbrooke / Liébert
53252,Station Honoré-Beaugrand / Sherbrooke
53241,Sherbrooke / Lepailleur
53206,Sherbrooke / du Trianon
53196,Station Radisson (Sherbrooke / Des Groseilliers)
53185,Sherbrooke / Émile-Legrand
53177,Sherbrooke / Haig
53164,Sherbrooke / Desautels
53149,Station Langelier (Sherbrooke / Langelier)
53130,Sherbrooke / de Granby
53120,Sherbrooke / de Carignan
53706,Pavillon Grace Dart (Sherbrooke / No 6082)
53099,Station Cadillac (Sherbrooke / De Cadillac)
53077,Sherbrooke / Lacordaire
53069,Sherbrooke / Dickson
53705,Sherbrooke / No 5600
53040,Sherbrooke / de l'Assomption
53726,Sherbrooke / No 5300
52985,Sherbrooke / Viau
53704,Parc Maisonneuve
52960,Jardin botanique de Montréal (Sherbrooke / Pie-IX)
52962,Sherbrooke / Pie-IX
52957,Sherbrooke / Bourbonnière
54164,Sherbrooke / Valois
52948,Sherbrooke / De Chambly
52941,Sherbrooke / Aylwin
52923,Sherbrooke / Davidson
52899,Sherbrooke / Saint-Germain
52875,Sherbrooke / Moreau
52836,Sherbrooke / De Léry
52811,Sherbrooke / Hogan
52789,Gascon / Sherbrooke
52864,du Havre / Hochelaga
52946,du Havre / de Rouen
54040,Station Frontenac (du Havre / Ontario)
53075,du Havre / La Fontaine
