60550,Terminus Sherbrooke / Gouin
54315,Sherbrooke / de la Famille-Dubreuil
53573,Sherbrooke / 81e Avenue
53737,Sherbrooke / No 15400
53733,Polyvalente Pointe-aux-Trembles
59315,Sherbrooke / Damien-Gauthier
53732,Cimetière Hawthorn-Dale
50121,Sherbrooke / Arthur-Généreux
53989,Sherbrooke / Yves-Thériault
53731,Sherbrooke / Réal-Benoit
61581,Gare Pointe-aux-Trembles
53512,Sherbrooke / 53e Avenue
53508,Sherbrooke / de La Rousselière
53501,Sherbrooke / 42e Avenue
53494,Sherbrooke / 40e Avenue
53486,Sherbrooke / 36e Avenue
53476,Sherbrooke / 32e Avenue
53713,Sherbrooke / No 13092
53469,Sherbrooke / Robert-Chevalier
53456,Sherbrooke / du Tricentenaire
53458,Sherbrooke / du Tricentenaire
54254,Sherbrooke / No 12555
53434,Sherbrooke / 16e Avenue
53424,Sherbrooke / Saint-Jean-Baptiste
53420,Sherbrooke / 8e Avenue
53411,Sherbrooke / 3e Avenue
54418,Sherbrooke / Marien
54420,Sherbrooke / Broadway
54415,Sherbrooke / Durocher
54478,Sherbrooke / No 10930
54477,Sherbrooke / Raffinerie Shell
54476,Sherbrooke / Indorama
54475,Sherbrooke / No 10025
54411,Sherbrooke / No 9999
53349,Sherbrooke / Hector
53344,Sherbrooke / Fletcher
53339,Sherbrooke / Taillon
53332,Sherbrooke / Desmarteau
53322,Sherbrooke / Joffre
53312,Sherbrooke / Des Ormeaux
53301,Sherbrooke / Baldwin
53287,Sherbrooke / Saint-Donat
53278,Sherbrooke / Liébert
54115,Station Honoré-Beaugrand (Terminus Nord)
