53725,Station Honoré-Beaugrand / Terminus Nord
53279,Sherbrooke / Liébert
53289,Sherbrooke / Saint-Donat
53302,Sherbrooke / Baldwin
53314,Sherbrooke / Des Ormeaux
53323,Sherbrooke / Joffre
53327,Sherbrooke / Pierre-Bernard
53340,Sherbrooke / Taillon
53345,Sherbrooke / Fletcher
53350,Sherbrooke / Hector
54473,Sherbrooke / No 9999
54474,Sherbrooke / No 10025
54405,Sherbrooke / Indorama
54412,Sherbrooke / Gamble
54413,Sherbrooke / No 10930
54416,Sherbrooke / Durocher
54488,Sherbrooke / de la Grande Allée
54419,Sherbrooke / Marien
53412,Sherbrooke / 3e Avenue
53421,Sherbrooke / 8e Avenue
53426,Sherbrooke / Saint-Jean-Baptiste
53435,Sherbrooke / 16e Avenue
54248,Sherbrooke / No 12572
53457,Sherbrooke / du Tricentenaire
53470,Sherbrooke / Robert-Chevalier
53712,Sherbrooke / No 13092
53477,Sherbrooke / 32e Avenue
53487,Sherbrooke / 36e Avenue
53495,Sherbrooke / 40e Avenue
53714,Sherbrooke / 42e Avenue
53506,Sherbrooke / 47e Avenue
53509,Sherbrooke / De La Rousselière
53513,Sherbrooke / 53e Avenue
61582,Gare Pointe-aux-Trembles
53526,Sherbrooke / Réal-Benoit
50119,Sherbrooke / Yves-Thériault
50120,Sherbrooke / Arthur-Généreux
53550,Cimetière Hawthorn-Dale
59316,Sherbrooke / Damien-Gauthier
53570,Sherbrooke / Polyvalente Pointe-aux-Trembles
53565,Sherbrooke / No 15400
53574,Sherbrooke / 81e Avenue
54316,Sherbrooke / de la Famille-Dubreuil
60550,Terminus Sherbrooke / Gouin
