53724,Station Honoré-Beaugrand / Terminus Nord
53289,Sherbrooke / Saint-Donat
53314,Sherbrooke / Des Ormeaux
53345,Sherbrooke / Fletcher
54417,Durocher / Sherbrooke
54479,Durocher / Nexans
54435,Durocher / Sainte-Catherine
54436,Sainte-Catherine / Lelièvre
54441,Sainte-Catherine / Broadway
54442,Sainte-Catherine / Marien
54449,Marien / Dorchester
53530,René-Lévesque / 1re Avenue
53535,René-Lévesque / 3e Avenue
53544,René-Lévesque / 5e Avenue
53549,René-Lévesque / 8e Avenue
53556,René-Lévesque / Saint-Jean-Baptiste
53564,René-Lévesque / 14e Avenue
53572,René-Lévesque / 16e Avenue
53576,René-Lévesque / du Poitou
53580,René-Lévesque / des Saules
53707,René-Lévesque / des Saules
53590,René-Lévesque / du Tricentenaire
53710,du Tricentenaire / Joseph-Dargent
53538,du Tricentenaire / De Montigny
53523,De Montigny / Georges-Vermette
53515,De Montigny / Régnier
53519,De Montigny / 32e Avenue
53528,De Montigny / 36e Avenue
53537,De Montigny / 40e Avenue
53546,De Montigny / 43e Avenue
53552,De Montigny / 47e Avenue
53560,De Montigny / De La Rousselière
53562,De Montigny / 51e Avenue
53569,53e Avenue / De Montigny
53531,53e Avenue / Forsyth
53511,53e Avenue / 52e Avenue
53720,52e Avenue / Prince-Arthur
53717,Prince-Arthur / No 14135
53466,Prince-Arthur / François-Harel
53447,Prince-Arthur / 44e Avenue
53474,42e Avenue / Henri-Bourassa
