53474,42e Avenue / Henri-Bourassa
53448,Prince-Arthur / 44e Avenue
53465,Prince-Arthur / De La Rousselière
53718,Prince-Arthur / No 14135
53719,52e Avenue / Prince-Arthur
53513,Sherbrooke / 53e Avenue
53532,53e Avenue / Forsyth
53567,53e Avenue / De Montigny
53561,De Montigny / 51e Avenue
53558,De Montigny / De La Rousselière
53551,De Montigny / 47e Avenue
53545,De Montigny / 43e Avenue
53536,De Montigny / 40e Avenue
53527,De Montigny / 36e Avenue
53518,De Montigny / 32e Avenue
53514,De Montigny / Régnier
53522,De Montigny / Georges-Vermette
53540,du Tricentenaire / De Montigny
53547,École Daniel-Johnson
53589,du Tricentenaire / René-Lévesque
53708,René-Lévesque / du Tricentenaire
53579,René-Lévesque / des Saules
53575,René-Lévesque / 18e Avenue
53571,René-Lévesque / 16e Avenue
53563,René-Lévesque / 14e Avenue
53554,René-Lévesque / Saint-Jean-Baptiste
53548,René-Lévesque / 8e Avenue
53543,René-Lévesque / 5e Avenue
53534,René-Lévesque / 3e Avenue
53529,René-Lévesque / 1re Avenue
54448,Dorchester / Marien
54443,Sainte-Catherine / Dubé
54439,Sainte-Catherine / Broadway
54437,Sainte-Catherine / Lelièvre
54434,Sainte-Catherine / Durocher
54480,Durocher / Nexans
54414,Durocher / Sherbrooke
53344,Sherbrooke / Fletcher
53312,Sherbrooke / Des Ormeaux
53287,Sherbrooke / Saint-Donat
54115,Station Honoré-Beaugrand (Terminus Nord)
