61113,Station Saint-Michel Est
51663,Jean-Talon / 13e Avenue
51693,Jean-Talon / 15e Avenue
51707,Jean-Talon / 17e Avenue
51758,Jean-Talon / 20e Avenue
51794,Jean-Talon / Pie-IX
51818,Jean-Talon / 24e Avenue
54925,Jean-Talon / Daudet
54930,Jean-Talon / Provencher
54936,Jean-Talon / Buies
54944,Jean-Talon / Cannes
54931,Viau / Burel
54918,Viau / Viterbe
55009,Viau / Métropolitain
54864,Viau / Jarry
54846,Viau / Jean-Rivard
54828,Viau / D'Artagnan
54826,Viau / Jean-Nicolet
54817,Viau / Robert
54807,Viau / Valéry
54789,Viau / Lavoisier
54798,Lavoisier / Daillon
54821,Lavoisier / Dujarié
54835,Lavoisier / Lacordaire
54849,Lavoisier / Belcourt
54853,Lavoisier / Honoré-Mercier
54859,Lavoisier / Le Royer
54863,Lavoisier / Picasso
54880,Langelier / Lacoursière
54889,Bombardier / Langelier
54900,Bombardier / No 6630
54909,Pascal-Gagnon / No 8775
54876,Pascal-Gagnon / Lavaltrie
54869,Couture / Pascal-Gagnon
54839,Couture / Langelier
