54838,Couture / Picasso
54868,Couture / Pascal-Gagnon
54877,Pascal-Gagnon / Lavaltrie
54907,Pascal-Gagnon / Bombardier
54899,Bombardier / No 6630
54887,Bombardier / Langelier
54881,Langelier / Lacoursière
54860,Lavoisier / Picasso
54858,Lavoisier / Le Royer
54852,Lavoisier / Honoré-Mercier
54848,Lavoisier / Belcourt
54833,Lavoisier / Lacordaire
55023,Lavoisier / J.-M.-Lefebvre
54786,Viau / Lavoisier
54808,Viau / Valéry
54819,Viau / Robert
54827,Viau / Jean-Nicolet
54829,Viau / D'Artagnan
54847,Viau / Jean-Rivard
54866,Viau / Jarry
55010,Viau / Métropolitain
54919,Viau / Viterbe
54932,Viau / Millet
54943,Jean-Talon / Cannes
54935,Jean-Talon / Buies
54929,Jean-Talon / Provencher
54926,Jean-Talon / Daudet
51817,Jean-Talon / 24e Avenue
51792,Jean-Talon / Pie-IX
51757,Jean-Talon / 20e Avenue
51706,Jean-Talon / 17e Avenue
51692,Jean-Talon / 15e Avenue
51662,Jean-Talon / 13e Avenue
51631,Jean-Talon / Saint-Michel
54294,Saint-Michel / Shaughnessy
