53610,Sherbrooke / Gouin
60551,Sherbrooke / Delphis-Delorme
60552,Notre-Dame / Raoul-Jobin
53654,Notre-Dame / 86e Avenue
54378,Notre-Dame / 83e Avenue
53642,Notre-Dame / 81e Avenue
54011,Notre-Dame / Beausoleil (est)
53628,Notre-Dame / No 15291
53634,Notre-Dame / Bellevue
53627,Notre-Dame / Beausoleil
53721,Parc-Nature de la Pointe-aux-Prairies
53617,Notre-Dame / 67e Avenue
53612,Notre-Dame / 64e Avenue
54147,Notre-Dame / Antoine-Bazinet
53600,Notre-Dame / 58e Avenue
53596,Notre-Dame / 54e Avenue
53593,Notre-Dame / De La Rousselière
53729,CLSC de Pointe-aux-Trembles
53602,Notre-Dame / 43e Avenue
53604,Notre-Dame / 41e Avenue
53607,Notre-Dame / 39e Avenue
53615,Notre-Dame / 36e Avenue
53626,Notre-Dame / No 13295
53629,Notre-Dame / 32e Avenue
53645,Notre-Dame / Place Saint-Georges
53658,Notre-Dame / 26e Avenue
53668,Notre-Dame / 24e Avenue
53669,Notre-Dame / No 12625
53661,Notre-Dame / 19e Avenue
53656,Notre-Dame / 16e Avenue
53652,Notre-Dame / 14e Avenue
53649,Notre-Dame / Saint-Jean-Baptiste
53638,Notre-Dame / 8e Avenue
53632,Notre-Dame / 6e Avenue
53624,Notre-Dame / 3e Avenue
53608,Notre-Dame / 1re Avenue
54464,Notre-Dame / Marien
54462,Notre-Dame / Broadway
54458,Notre-Dame / Lelièvre
54455,Notre-Dame / Hinton
54450,Notre-Dame / Richard
54469,Notre-Dame / No 10800
54487,Notre-Dame / Gamble
54468,Notre-Dame / No 10150
54432,Notre-Dame / Joseph-Versailles
54485,Notre-Dame / David
54425,Georges-V / Dubuisson
54422,Georges-V / Hochelaga
53422,Hochelaga / Hector
53415,Hochelaga / Fletcher
53413,Hochelaga / Aubry
53408,Hochelaga / Taillon
53400,Hochelaga / Pierre-Bernard
53394,Hochelaga / Joffre
53386,Hochelaga / Des Ormeaux
53379,Hochelaga / Lebrun
53368,Hochelaga / Lapointe
53364,Hochelaga / Liébert
53361,Honoré-Beaugrand / Hochelaga
53346,Honoré-Beaugrand / Pierre-de-Coubertin
53335,Honoré-Beaugrand / Sainte-Claire
53306,Honoré-Beaugrand / de Marseille
53293,Honoré-Beaugrand / Roux
54119,Station Honoré-Beaugrand / Terminus Nord
53754,Station Honoré-Beaugrand / Terminus Nord
