53754,Station Honoré-Beaugrand / Terminus Nord
53307,Honoré-Beaugrand / de Marseille
53336,Honoré-Beaugrand / Sainte-Claire
53347,Honoré-Beaugrand / Pierre-de-Coubertin
54059,Honoré-Beaugrand / Hochelaga
53365,Hochelaga / Liébert
53369,Hochelaga / Lapointe
53380,Hochelaga / Lebrun
53388,Hochelaga / Des Ormeaux
53395,Hochelaga / Joffre
53401,Hochelaga / Pierre-Bernard
53409,Hochelaga / Taillon
53414,Hochelaga / Aubry
53416,Hochelaga / Fletcher
53423,Hochelaga / Hector
54423,Hochelaga / Georges-V
54427,Georges-V / Notre-Dame
54484,Notre-Dame / David
54431,Notre-Dame / Joseph-Versailles
54433,Notre-Dame / No 10150
54444,Notre-Dame / Gamble
54445,Notre-Dame / No 10800
54451,Notre-Dame / Richard
54456,Notre-Dame / Hinton
54459,Notre-Dame / Providence
54463,Notre-Dame / de l'Église
54466,Notre-Dame / Marien
53609,Notre-Dame / 1re Avenue
53625,Notre-Dame / 3e Avenue
53633,Notre-Dame / 6e Avenue
53639,Notre-Dame / 8e Avenue
53651,Notre-Dame / Saint-Jean-Baptiste
53653,Notre-Dame / 14e Avenue
53657,Notre-Dame / 16e Avenue
53662,Notre-Dame / 19e Avenue
53664,Notre-Dame / No 12620
53666,Notre-Dame / du Tricentenaire
53659,Notre-Dame / 26e Avenue
53646,Notre-Dame / Place Saint-Georges
53630,Notre-Dame / 32e Avenue
53631,Notre-Dame / No 13280
53616,Notre-Dame / 36e Avenue
53606,Notre-Dame / 39e Avenue
53614,Notre-Dame / 41e Avenue
53603,Notre-Dame / 43e Avenue
53592,Notre-Dame / No 13926
53595,Notre-Dame / De La Rousselière
53599,Notre-Dame / 54e Avenue
53601,Notre-Dame / 57e Avenue
53605,Notre-Dame / 60e Avenue
53613,Notre-Dame / 64e Avenue
53618,Notre-Dame / 67e Avenue
53623,Parc-Nature de la Pointe-aux-Prairies
53641,Notre-Dame / Beausoleil
53640,Notre-Dame / Bellevue
53636,Notre-Dame / No 15290
53637,Notre-Dame / 79e Avenue
53644,Notre-Dame / 81e Avenue
54379,Notre-Dame / Antoine-Chaudillon
53655,Notre-Dame / Antoine-Chaudillon
53846,Notre-Dame / Raoul-Jobin
54337,Notre-Dame / 93e Avenue
53663,Sherbrooke / Delphis-Delorme
53610,Sherbrooke / Gouin
