57507,Gare Dorval
57462,Dorval / Carson
57465,Dorval / Dawson
57550,Dorval / No 135
57468,Bord-du-Lac / Decary
57471,Bord-du-Lac / de la Présentation
57473,Bord-du-Lac / Dahlia
57479,Bord-du-Lac / Saint-Charles
57482,Bord-du-Lac / Sévigny
57485,Bord-du-Lac / Joubert
57123,56e Avenue / Saint-Joseph
57128,René-Huguet / 55e Avenue
57135,René-Huguet / 52e Avenue
57144,René-Huguet / 50e Avenue
57154,René-Huguet / 48e Avenue
57156,48e Avenue / Acadia
57158,48e Avenue / Saint-Joseph
57162,Saint-Joseph / 46e Avenue
57168,Broadway / 44e Avenue
57174,Broadway / 42e Avenue
57182,Broadway / 39e Avenue
57187,Broadway / 36e Avenue
57192,34e Avenue / Broadway
57190,Victoria / 33e Avenue
57285,32e Avenue / Remembrance
57198,32e Avenue / Saint-Antoine
57194,32e Avenue / Henri-Dunant
57202,Provost / 31e Avenue
57203,Provost / No 2750
57204,Provost / 26e Avenue
57214,Provost / 24e Avenue
57223,Provost / 18e Avenue
57231,Provost / 16e Avenue
57237,Provost / 12e Avenue
57244,Provost / 10e Avenue
57256,Provost / 7e Avenue
57265,Provost / 5e Avenue
57267,Provost / 3e Avenue
57271,Provost / 1re Avenue
57276,1re Avenue / Saint-Antoine
57273,1re Avenue / Victoria
57278,William-Macdonald / George-V
57280,George-V / Saint-Joseph
57301,Saint-Joseph / George-V
57307,Saint-Joseph / No 160
57310,Saint-Joseph / No 130
61647,Gare du Canal (Saint-Joseph / Victoria)
57333,Saint-Joseph / No 56
57303,Saint-Joseph / No 31
57304,Saint-Joseph / Victoria
56474,Notre-Dame / Saint-Pierre
56480,Notre-Dame / No 450
56482,Notre-Dame / No 1000
56449,Notre-Dame / de la Berge-du-Canal
56484,Notre-Dame / No 8000
53963,Notre-Dame / No 7600
53966,Notre-Dame / Angrignon
51240,Notre-Dame / No 6450
51305,Notre-Dame / No 6300
60585,Notre-Dame / No 6200
51418,Notre-Dame / No 6000
53959,Notre-Dame / Place Turcot Ouest
51601,Notre-Dame / Place Turcot Est
53961,Notre-Dame / Monk
51708,Complexe récréatif Gadbois
51775,Notre-Dame / de Carillon
60527,Notre-Dame / Côte-Saint-Paul
51874,Notre-Dame / Saint-Rémi
51936,Notre-Dame / De Courcelle
53954,Square Sir-George-Étienne-Cartier
51926,Saint-Jacques / Saint-Philippe
51987,Station Place-Saint-Henri / Saint-Ferdinand
52033,Saint-Jacques / du Couvent
52052,Saint-Jacques / Laporte
52094,Saint-Jacques / Rose-de-Lima
61333,Station Lionel-Groulx / Atwater
