61333,Station Lionel-Groulx / Atwater
54191,Delisle / Greene
52170,Rose-de-Lima / Notre-Dame
52122,Notre-Dame / Turgeon
53816,Notre-Dame / Place Saint-Henri
52003,Notre-Dame / Sainte-Marguerite
51991,Notre-Dame / Lacasse
51935,Notre-Dame / De Courcelle
51872,Notre-Dame / Saint-Rémi
51813,Notre-Dame / Côte-Saint-Paul
51774,Notre-Dame / de Carillon
53962,Notre-Dame / Gadbois
53960,Notre-Dame / Monk
51602,Notre-Dame / Place Turcot Est
53958,Notre-Dame / Place Turcot Ouest
53957,Notre-Dame / No 6000
60586,Notre-Dame / No 6200
53956,Notre-Dame / No 6300
53955,Notre-Dame / No 6450
53965,Notre-Dame / Angrignon
53964,Notre-Dame / Atco
56485,Notre-Dame / No 8000
56450,Notre-Dame / de la Berge-du-Canal
56483,Notre-Dame / No 1000
56481,Notre-Dame / No 450
56472,Notre-Dame / Saint-Pierre
57305,Saint-Joseph / No 23
57281,Saint-Joseph / No 56
61648,Gare du Canal (Saint-Joseph / Victoria)
57309,Saint-Joseph / No 130
57308,Saint-Joseph / No 160
57279,Saint-Joseph / George-V
57277,George-V / William-Macdonald
57272,Victoria / 1re Avenue
57275,1re Avenue / Saint-Antoine
57270,1re Avenue / Provost
57266,Provost / 3e Avenue
57264,Provost / 5e Avenue
57255,Provost / 7e Avenue
57243,Provost / 10e Avenue
57236,Provost / 12e Avenue
57230,Provost / 16e Avenue
57221,Provost / Esther-Blondin
57217,Provost / 20e Avenue
57212,Provost / 24e Avenue
57207,Provost / 25e Avenue
57317,Provost / No 2750
57201,Provost / 31e Avenue
57197,32e Avenue / Provost
57200,32e Avenue / Saint-Antoine
57344,Victoria / 33e Avenue
57191,34e Avenue / Broadway
57186,Broadway / 36e Avenue
57181,Broadway / 40e Avenue
57332,Broadway / 43e Avenue
57169,Broadway / Saint-Joseph
57157,Saint-Joseph / 48e Avenue
57155,48e Avenue / Acadia
57363,48e Avenue / René-Huguet
57145,René-Huguet / Acadia
57134,René-Huguet / 52e Avenue
57127,René-Huguet / 55e Avenue
57124,56e Avenue / Saint-Joseph
57486,Bord-du-Lac / Brockwell
57541,Bord-du-Lac / McNicoll
57478,Bord-du-Lac / Saint-Charles
57472,Bord-du-Lac / Tulip
57470,Bord-du-Lac / de la Présentation
57469,Bord-du-Lac / Decary
60627,Dorval / No 150
57464,Dorval / Dawson
57461,Dorval / Carson
57491,Dorval / No 352
61317,Gare Dorval
