54206,Station Crémazie Sud (Crémazie / Lajeunesse)
50813,Crémazie / Foucher
50859,Crémazie / Saint-Hubert
50976,de Liège / Christophe-Colomb
50977,Crémazie / Christophe-Colomb
51040,Crémazie / Chambord
51105,Crémazie / Fabre
51178,Crémazie / Papineau
51223,Crémazie / de Bordeaux
51343,Crémazie / Molson
51420,Crémazie / 6e Avenue
51472,Crémazie / Saint-Michel
53689,Crémazie / Musset
51541,17e Avenue / Crémazie
51465,17e Avenue / Jarry
51494,Jarry / 19e Avenue
51532,Jarry / Pie-IX
51548,Jarry / 23e Avenue
54845,25e Avenue / Jarry
54830,Provencher / d'Assise
54822,Provencher / Jean-Rivard
54812,Provencher / Compiègne
61503,Robert / Cluny
54804,Robert / Narbonne
54806,Robert / D'Artagnan
54820,Robert / Viau
54841,Robert / Nevers
54873,Robert / Lacordaire
54883,Robert / Aimé-Renaud
54890,Robert / des Sables
54895,Robert / Albanel
55028,Robert / de Honfleur
54915,Robert / de Guyenne
54924,Langelier / de Louvois
54910,Langelier / P.-E.-Lamarche
54896,Langelier / Belherbe
54886,Langelier / Bombardier
54900,Bombardier / No 6630
54908,Bombardier / Pascal-Gagnon
54914,Bombardier / du Champ-d'Eau
54518,Bombardier / des Galeries-d'Anjou
54528,Bombardier / Renaude-Lapointe
54534,Colbert / Ravenel
54687,Colbert / No 10700
54520,Colbert / Larrey
54525,Larrey / Mirabeau
54527,Larrey / No 8150
54696,Centre de transport Anjou
