54696,Centre de transport Anjou
54709,Centre de transport Anjou
54717,Larrey / L.-J.-Forget
54524,Larrey / Mirabeau
54692,Colbert / Larrey
54512,Colbert / No 10700
54535,Colbert / Ravenel
54537,Colbert / Bombardier
54529,Bombardier / Renaude-Lapointe
54517,Bombardier / des Galeries-d'Anjou
54913,Bombardier / du Champ-d'Eau
54906,Bombardier / Pascal-Gagnon
54899,Bombardier / No 6630
54887,Bombardier / Langelier
54897,Langelier / Belherbe
54911,Langelier / P.-E.-Lamarche
54923,Langelier / Robert
54912,Robert / Bonnivet
54894,Robert / Albanel
54891,Robert / Carrel
54882,Robert / Aimé-Renaud
54871,Robert / Lacordaire
54840,Robert / Nevers
54818,Robert / Viau
54805,Robert / D'Artagnan
54803,Robert / Narbonne
54800,Robert / Provencher
54813,Provencher / Compiègne
54823,Provencher / Provencher
54831,Provencher / d'Assise
54843,25e Avenue / Jarry
51530,Jarry / Pie-IX
51524,Jarry / 22e Avenue
51493,Jarry / 20e Avenue
51468,17e Avenue / Jarry
51539,17e Avenue / Crémazie
53688,Crémazie / Musset
51470,Crémazie / Saint-Michel
51419,Crémazie / 6e Avenue
51342,Crémazie / D'Iberville
51234,Crémazie / De Lorimier
51200,Crémazie / Chabot
51177,Crémazie / Papineau
51106,Crémazie / Fabre
51039,Crémazie / Chambord
50961,Crémazie / Christophe-Colomb
53950,Collège André-Grasset
50857,Crémazie / Saint-Hubert
50812,Crémazie / Foucher
50794,Station Crémazie Nord (Crémazie / Lajeunesse)
