54571,Jarry / Louis-Hippolyte-La Fontaine
54562,Jarry / André-Laurendeau
54559,Jarry / de Vernantes
54550,Jarry / des Galeries-d'Anjou
54543,Jarry / Neuville
54975,Jarry / Pascal-Gagnon
54962,Jarry / du Creusot
54955,Jarry / Langelier
55013,Jarry / No 6180
54942,Jarry / du Béarn
54933,Jarry / Louis-Vanier
54927,Jarry / Comtois
54916,Jarry / Aimé-Renaud
54902,Jarry / Lacordaire
54892,Jarry / du Cap
54884,Jarry / Jean-Nicolet
54874,Jarry / Chamilly
54865,Jarry / Viau
54854,Jarry / Nice
54842,Jarry / Provencher
51530,Jarry / Pie-IX
51524,Jarry / 22e Avenue
51493,Jarry / 20e Avenue
51466,Jarry / 17e Avenue
53779,Jarry / Joseph-Guibord
51393,Jarry / Saint-Michel
51374,Jarry / 9e Avenue
51341,Jarry / 2e Avenue
51316,Jarry / Paul-Boutet
54085,Jarry / Crémazie
51261,Jarry / De Lorimier
61627,Jarry / de Bordeaux
51216,Jarry / Papineau
51189,Jarry / Fabre
51164,Jarry / Rousselot
51132,École Georges-Vanier (Jarry / De Normanville)
51075,Jarry / Christophe-Colomb
51041,Jarry / Saint-Hubert
51011,Jarry / Foucher
50989,Station Jarry (Jarry / Berri)
50980,Jarry / Saint-Denis
50957,Jarry / De Gaspé
50935,Jarry / Saint-Laurent
54016,École Lucien-Pagé (Jarry / Centre Ste-Croix)
50891,Jarry / de l'Esplanade
50843,Jarry / de l'Épée
50830,Jarry / Bloomfield
50739,Champagneur / d'Anvers
50676,Champagneur / de Liège
50588,Champagneur / Crémazie
54058,Aréna Howie-Morenz (Querbes/No 8650)
