54058,Aréna Howie-Morenz (Querbes/No 8650)
50682,de Liège / De l'Épée
50748,Bloomfield / d'Anvers
61237,Bloomfield / No 8120
50848,Jarry / Querbes
50893,Jarry / de l'Esplanade
50937,Jarry / Saint-Laurent
50958,Jarry / De Gaspé
50982,Jarry / Saint-Denis
50990,Station Jarry (Jarry / Berri)
51012,Jarry / Foucher
51043,Jarry / Saint-Hubert
51076,Jarry / Christophe-Colomb
51133,École Georges-Vanier (Jarry / De Normanville)
51165,Jarry / Rousselot
51190,Jarry / Fabre
51218,Jarry / Papineau
51232,Jarry / Chabot
51263,Jarry / De Lorimier
51317,Jarry / D'Iberville
51339,Jarry / 2e Avenue
51375,Jarry / 9e Avenue
51395,Jarry / Saint-Michel
53780,Jarry / Joseph-Guibord
51467,Jarry / 17e Avenue
51494,Jarry / 19e Avenue
51532,Jarry / Pie-IX
51548,Jarry / 23e Avenue
54844,Jarry / 25e Avenue
54855,Jarry / Nice
54867,Jarry / Viau
54875,Jarry / Chamilly
54885,Jarry / Jean-Nicolet
54893,Jarry / Fleuricourt
54904,Jarry / Lacordaire
54917,Jarry / Aimé-Renaud
54928,Jarry / Comtois
54934,Jarry / Louis-Vanier
54941,Jarry / de la Salette
54949,Jarry / No 6180
54957,Jarry / Langelier
54963,Jarry / du Creusot
54976,Jarry / Pascal-Gagnon
54732,Jarry / Neuville
54552,Jarry / des Galeries-d'Anjou
54558,Jarry / de Vernantes
54563,Jarry / du Haut-Anjou
54571,Jarry / Louis-Hippolyte-La Fontaine
