54109,Station Angrignon / Terminus
57060,Carrefour Angrignon
56950,Newman / Guy-Bouchard
56943,Newman / Senkus
57035,Carr. Angrignon; entrée ouest (Senkus/No 2350)
56905,Senkus / Carrefour Angrignon
56886,Cordner / No 7213
56901,Cordner / Léger
56856,Cordner / Lapierre
57033,Lapierre / Cordner
56830,Lapierre / Saint-Patrick
57090,Centre de transport LaSalle (St-Patrick/No 7070)
60458,Elmslie / No 7900
60300,Elmslie / No 8301
60385,Elmslie / Dollard
56797,Dollard / Saint-Patrick
56471,Saint-Pierre / Notre-Dame
56470,Saint-Jacques / No 345
56461,Saint-Jacques / Richardson
57305,Saint-Joseph / No 23
57281,Saint-Joseph / No 56
61648,Gare du Canal (Saint-Joseph / Victoria)
57309,Saint-Joseph / No 130
57308,Saint-Joseph / No 160
57279,Saint-Joseph / George-V
57277,George-V / William-Macdonald
57272,Victoria / 1re Avenue
57268,Victoria / 3e Avenue
57261,Victoria / 6e Avenue
60503,Victoria / 10e Avenue
57258,6e Avenue / William-Macdonald
57349,6e Avenue / Notre-Dame
57315,6e Avenue / Saint-Louis
57350,Saint-Louis / 8e Avenue
57351,Saint-Louis / 10e Avenue
57238,Saint-Louis / 12e Avenue
57232,Saint-Louis / 15e Avenue
57227,Notre-Dame / 16e Avenue
57345,CLSC de Dorval-Lachine (Notre-Dame / 19e Avenue)
57295,Notre-Dame / 21e Avenue
57293,Notre-Dame / 25e Avenue
57297,Notre-Dame / 27e Avenue
57300,Notre-Dame / 29e Avenue
57291,Notre-Dame / 33e Avenue
57193,34e Avenue / Notre-Dame
57192,34e Avenue / Broadway
57190,Victoria / 33e Avenue
57285,32e Avenue / Remembrance
57198,32e Avenue / Saint-Antoine
57196,Provost / 32e Avenue
57289,Provost / 36e Avenue
57287,Provost / 38e Avenue
57179,Provost / 40e Avenue
57175,40e Avenue / Sherbrooke
57172,Sherbrooke / 42e Avenue
57163,Sherbrooke / 44e Avenue
57159,Sherbrooke / 46e Avenue
57146,Sherbrooke / 48e Avenue
57142,Sherbrooke / 50e Avenue
57138,Sherbrooke / Meadowbrook
57129,Sherbrooke / 53e Avenue
57121,Sherbrooke / 55e Avenue
57484,Bouchard / Galland
57481,Bouchard / No 205
57476,Bouchard / No 215
57474,Bouchard / George-V
57512,Bouchard / Autoroute 20
61317,Gare Dorval
