57365,Gare Dorval
57445,Fénelon / Dumont
57549,Dumont / Herron
57510,Herron / Centre Commercial Rond Point
57467,Bouchard / Racine
57511,Bouchard / Poste de pompiers
57475,Bouchard / George-V
57513,Bouchard / No 215
57514,Bouchard / No 200
57483,Bouchard / Bourke
57122,Sherbrooke / 55e Avenue
57130,Sherbrooke / 53e Avenue
57139,Sherbrooke / Meadowbrook
57143,Sherbrooke / 50e Avenue
57147,Sherbrooke / 48e Avenue
57160,Sherbrooke / 46e Avenue
57164,Sherbrooke / 44e Avenue
57173,Sherbrooke / 42e Avenue
57176,Sherbrooke / 40e Avenue
57180,40e Avenue / Provost
57288,Provost / 38e Avenue
57290,Provost / 36e Avenue
57195,Provost / 32e Avenue
57200,32e Avenue / Saint-Antoine
57344,Victoria / 33e Avenue
57191,34e Avenue / Broadway
57348,34e Avenue / Notre-Dame
57292,Notre-Dame / 33e Avenue
57299,Notre-Dame / Dawes
57298,Notre-Dame / 27e Avenue
57294,Notre-Dame / 25e Avenue
57296,Notre-Dame / 23e Avenue
60397,CLSC de Dorval-Lachine (Notre-Dame / 19e Avenue)
57346,Notre-Dame / 15e Avenue
57239,Notre-Dame / 12e Avenue
57253,Notre-Dame / 10e Avenue
57254,Notre-Dame / 8e Avenue
57259,6e Avenue / Notre-Dame
57257,6e Avenue / William-Macdonald
57361,10e Avenue / Victoria
57262,Victoria / 6e Avenue
57269,Victoria / 3e Avenue
57278,William-Macdonald / George-V
57280,George-V / Saint-Joseph
57301,Saint-Joseph / George-V
57307,Saint-Joseph / No 160
57310,Saint-Joseph / No 130
61647,Gare du Canal (Saint-Joseph / Victoria)
57333,Saint-Joseph / No 56
57303,Saint-Joseph / No 31
57304,Saint-Joseph / Victoria
56463,Saint-Jacques / Richardson
57302,Saint-Jacques / Jolicoeur
56475,Saint-Pierre / Notre-Dame
57037,Saint-Pierre / St-Patrick
57100,Dollard / No 850
60384,Elmslie / Dollard
60299,Elmslie / No 8301
60457,Elmslie / No 7851
57089,Centre de transport LaSalle (St-Patrick/No 7770)
56831,Saint-Patrick / Lapierre
57034,Lapierre / Cordner
56857,Cordner / Lapierre
57036,Cordner / Léger
57042,Cordner / No 7213
56906,Cordner / Senkus
56729,Carr. Angrignon; entrée ouest (Senkus/No 2350)
56944,Senkus / Newman
56951,Newman / Guy-Bouchard
56960,Newman / Angrignon
60633,Angrignon / face aux tours Angrignon
54109,Station Angrignon / Terminus
