61004,Station Côte-Vertu / Gohier
55554,Côte-Vertu / Alexis-Nihon
55488,Côte-Vertu / Cavendish
55801,Place Vertu; entrée sud-est (Côte-Vertu/No 3131)
55464,Côte-Vertu / Beaulac
55355,Côte-Vertu / No 3695
55445,Côte-Vertu / Bégin
55785,Côte-Vertu / No 4045
55432,Montée de Liesse / Montée de Liesse
55437,Montée de Liesse / McCaffrey
55346,Montée de Liesse / No 750
55848,Montée de Liesse / Reverchon
55845,Montée de Liesse / No 360
55479,Montée de Liesse / Côte-de-Liesse
55857,Montée de Liesse / No 180
55515,Montée de Liesse / Bourg
55858,Montée de Liesse / No 110
55539,Montée de Liesse / Hickmore
55859,Hickmore / No 4675
55523,Hickmore / Fisher
57322,Louis-A.-Amos / 23e Avenue
57170,Louis-A.-Amos / Courval
57323,Louis-A.-Amos / Onésime-Gagnon
61005,Onésime-Gagnon / Joseph-Dubreuil
61006,32e Avenue / Joseph-Dubreuil
61007,32e Avenue / Louis-A.-Amos
57167,32e Avenue / Onésime-Gagnon
57328,32e Avenue / J.-B.-Deschamps
57334,32e Avenue / No 1212
57335,Fairway / 32e Avenue
57360,Fairway / François-Lenoir
57283,Fairway / Brandon
57150,Fairway / 46e Avenue
57149,46e Avenue / No 1800
57140,46e Avenue / François-Cusson
57132,50e Avenue / François-Cusson
57133,50e Avenue / Fairway
57354,52e Avenue / No 1550
57355,François-Cusson / No 1875
57560,Lindsay / No 22
57561,Lindsay / No 117
57556,Lépine / Lindsay
57562,Lépine / No 600
57554,Guthrie / Lépine
57552,Guthrie / Meloche
57118,Guthrie / 55e Avenue
57531,55e Avenue / No 1177
57530,55e Avenue / No 920
57126,Victoria / 54e Avenue
57137,Victoria / 51e Avenue
57153,Victoria / 49e Avenue
57166,Victoria / 44e Avenue
57178,Victoria / 40e Avenue
57185,Victoria / 36e Avenue
57190,Victoria / 33e Avenue
57337,Remembrance / 28e Avenue
57208,25e Avenue / Saint-Antoine
57331,Saint-Antoine / Place d'Accueil
57199,Saint-Antoine / 32e Avenue
