57199,Saint-Antoine / 32e Avenue
57344,Victoria / 33e Avenue
57189,Victoria / 34e Avenue
57184,Victoria / 37e Avenue
57177,Victoria / 40e Avenue
57165,Victoria / 44e Avenue
57152,Victoria / 48e Avenue
57136,Victoria / Meadowbrook
57125,Victoria / 54e Avenue
57330,55e Avenue / No 920
57329,55e Avenue / No 1200
57119,Guthrie / 55e Avenue
57551,Guthrie / Meloche
57553,Guthrie / Lépine
57557,Lépine / No 581
57558,Lindsay / No 220
57555,Lindsay / No 80
57559,Lindsay / No 20
57120,François-Cusson / 52e Avenue
57352,52e Avenue / No 1550
57353,Fairway / 50e Avenue
57131,50e Avenue / François-Cusson
57141,François-Cusson / 46e Avenue
57148,46e Avenue / Hormidas-Deslauriers
57151,Fairway / 46e Avenue
57284,Fairway / Brandon
57359,Fairway / François-Lenoir
57336,Fairway / 32e Avenue
57321,32e Avenue / No 1212
57327,32e Avenue / J.-B.-Deschamps
57326,32e Avenue / Onésime-Gagnon
61000,32e Avenue / Louis-A.-Amos
61001,32e Avenue / Joseph-Dubreuil
61002,Joseph-Dubreuil / Onésime-Gagnon
61003,Louis-A.-Amos / Onésime-Gagnon
57171,Louis-A.-Amos / Courval
57183,Louis-A.-Amos / 23e Avenue
55524,Hickmore / Fisher
55882,Hickmore / No 4675
55540,Montée de Liesse / Hickmore
55881,Montée de Liesse / No 110
55514,Montée de Liesse / Bourg
55481,Montée de Liesse / Côte-de-liesse
55908,Montée de Liesse / Côte-de-liesse
55846,Montée de Liesse / No 360
55849,Montée de Liesse / Reverchon
55847,Montée de Liesse / No 750
55439,Montée de Liesse / McCaffrey
55350,Côte-Vertu / No 4590
55446,Côte-Vertu / Bégin
55778,Côte-Vertu / No 3695
55466,Côte-Vertu / Beaulac
55463,Côte-Vertu / No 3200
55487,Côte-Vertu / Cavendish
55556,Côte-Vertu / Alexis-Nihon
61004,Station Côte-Vertu / Gohier
