53151,Station Langelier (Langelier / Sherbrooke)
53096,Langelier / Senneville
53057,Langelier / De Renty
53005,Langelier / Chauvin
54045,Rosemont / No 6585
52884,Rosemont / de Carignan
52847,Rosemont / Duquesne
52776,Rosemont / Lacordaire
53740,Rosemont / Pavillon Rosemont
52722,Rosemont / Châtelain
52692,Rosemont / de l'Assomption
52667,Rosemont / 42e Avenue
52621,Rosemont / 39e Avenue
52572,Rosemont / Viau
52544,Rosemont / 35e Avenue
52466,Rosemont / 31e Avenue
52427,Rosemont / 29e Avenue
52395,Rosemont / 27e Avenue
52361,Rosemont / 25e Avenue
52310,Rosemont / Pie-IX
54047,Rosemont / 19e Avenue
52212,Rosemont / 17e Avenue
52165,Collège Jean-Eudes (Rosemont / 14e Avenue)
52108,Rosemont / Saint-Michel
52067,Rosemont / 8e Avenue
52028,Rosemont / 5e Avenue
51992,Rosemont / 1re Avenue
51956,Rosemont / D'Iberville
51902,Rosemont / des Écores
51859,Rosemont / De Lorimier
51843,Rosemont / Chabot
51820,Rosemont / Papineau
61315,Rosemont / Marquette
51787,Rosemont / Garnier
51754,Rosemont / De Normanville
51726,Rosemont / Christophe-Colomb
51684,Rosemont / Saint-Hubert
61653,Station Rosemont (Terminus Rosemont/De St-Vallier)
