51661,Station Rosemont / Terminus
51685,Rosemont / Saint-Hubert
51728,Rosemont / Christophe-Colomb
51755,Rosemont / De Normanville
61579,Rosemont / Chambord
51788,Rosemont / Garnier
51822,Rosemont / Papineau
51844,Rosemont / Chabot
51861,Rosemont / De Lorimier
51903,Rosemont / des Écores
51958,Rosemont / D'Iberville
52000,Rosemont / 2e Avenue
52029,Rosemont / 5e Avenue
52068,Rosemont / 8e Avenue
52110,Rosemont / Saint-Michel
52175,Rosemont / 15e Avenue
52213,Rosemont / 17e Avenue
52249,Rosemont / Bourbonnière
52312,Rosemont / Pie-IX
52362,Rosemont / 25e Avenue
52413,Rosemont / 28e Avenue
52467,Rosemont / 31e Avenue
52545,Rosemont / 35e Avenue
52574,Rosemont / Viau
52622,Rosemont / des Marronniers
52668,Rosemont / 42e Avenue
52694,Rosemont / de l'Assomption
52723,Rosemont / Châtelain
52760,Rosemont / Pavillon Rosemont
52778,Rosemont / Lacordaire
52848,Rosemont / Duquesne
52885,Rosemont / de Carignan
52940,Rosemont / Langelier
53006,Langelier / Chauvin
53066,Langelier / De Renty
53097,Langelier / Senneville
53152,Station Langelier (Langelier / Sherbrooke)
54289,de Granby / Faribault
53201,de Marseille / Boutet
53151,Station Langelier (Langelier / Sherbrooke)
