58577,Sainte-Anne / Terminus Macdonald
58571,Lakeshore / No 20846
58497,Lakeshore / Saint-Andrew's
58498,Lakeshore / Case
58500,Lakeshore / Churchill
58501,Lakeshore / No 20578
58504,Lakeshore / Morgan
58506,Lakeshore / Sunny Acres
58508,Lakeshore / Normandy
58510,Lakeshore / Apple Hill
58512,Lakeshore / Wilson
58514,Lakeshore / Magnolia
58486,Beaconsfield / Redfern
58423,Beaconsfield / Lakeview
58425,Beaconsfield / Madsen
58427,Beaconsfield / Woodland
58429,Beaconsfield / Saint-Louis
58432,Beaconsfield / Legault
58436,Beaconsfield / Neveu
58441,Beaconsfield / Harrow
58447,Beaconsfield / Shore
58417,Beaconsfield / Beaconsfield Court
58455,Beaconsfield / Gables
58463,Beaconsfield / East Gables
58469,Beaconsfield / Kenwood
58474,Saint-Charles / Beaconsfield
58481,Saint-Charles / Amherst
58467,Saint-Charles / Sherbrooke
58461,Saint-Charles / Creswell
58390,Saint-Charles / No 2755
58354,Saint-Charles / Kirkland
58351,Saint-Charles / Hymus
58386,Hymus / No 16889
58358,Hymus / de la Caravelle
58361,Hymus / Châteauneuf
58364,Hymus / Eaton
58366,Hymus / André-Brunet
57604,Hymus / Stillview
60651,Hymus / No 300
57766,Hymus / No 285
57623,Hymus / Alston
57636,Hymus / Paprican
57648,Hymus / Saint-Jean
57808,Saint-Jean / Holiday
57792,Saint-Jean / Complexe Pointe-Claire
57767,Revcon / Place Frontenac
57797,Terminus Fairview
