57797,Terminus Fairview
57621,Brunswick / Saint-Jean
57649,Hymus / Saint-Jean
57637,Hymus / Paprican
57622,Hymus / Alston
57614,Hymus / No 285
60652,Hymus / No 300
57603,Hymus / Stillview
58365,Hymus / André-Brunet
58363,Hymus / Eaton
58360,Hymus / Châteauneuf
58357,Hymus / de la Caravelle
58356,Hymus / No 16889
58378,Saint-Charles / Hymus
58355,Saint-Charles / Kirkland
58391,Saint-Charles / No 2768
58462,Saint-Charles / Creswell
58466,Saint-Charles / Sherbrooke
58482,Gare Beaconsfield
58472,Saint-Charles / Beaconsfield
58468,Beaconsfield / Kenwood
58460,Beaconsfield / Fieldsend
58454,Beaconsfield / Gables
60148,Beaconsfield / Beaconsfield Court
58446,Beaconsfield / Shore
58440,Beaconsfield / Harrow
58437,Beaconsfield / Neveu
58431,Beaconsfield / Legault
58428,Beaconsfield / Saint-Louis
58426,Beaconsfield / Woodland
58424,Beaconsfield / Madsen
58422,Beaconsfield / Lakeview
58421,Beaconsfield / Brentwood
58513,Lakeshore / Magnolia
58511,Lakeshore / Willowdale
58509,Lakeshore / Apple Hill
58507,Lakeshore / Normandy
58505,Lakeshore / Sunny Acres
58502,Lakeshore / Morgan
58520,Lakeshore / No 20551
58499,Lakeshore / Churchill
58517,Lakeshore / No 20713
58496,Lakeshore / Saint-Andrew's
58516,Lakeshore / No 20846
58577,Sainte-Anne / Terminus Macdonald
