60889,Brunswick / Terminus Fairview
57621,Brunswick / Saint-Jean
57657,Hymus / Carlisle
57664,Hymus / Hastings
57667,Hastings / Newton
57681,Hastings / Westcliffe
57805,Hastings / Dieppe
57698,Hornell / Saint-Louis
57689,Saint-Louis / Cavell
57675,Saint-Louis / Maywood
57774,École Pointe-Claire
57778,École John-Rennie (D.-Shand/École J.-Rennie)
57668,Saint-Jean / Springdale
57769,Cartier / Salisbury
57771,Cartier / de Val-Soleil
57635,Cartier / No 117
57642,Cartier / Lanthier
57641,de Lourdes / Bord-du-Lac
57802,Bord-du-Lac / Sainte-Anne
57631,Bord-du-Lac / Saint-Jean-Baptiste
57618,Bord-du-Lac / Pointe-Claire
58479,Lakeshore / Beaconsfield
58490,Beaconsfield / Hyde Park
58476,Beaconsfield / Claude
58474,Saint-Charles / Beaconsfield
58481,Saint-Charles / Amherst
58467,Saint-Charles / Sherbrooke
58461,Saint-Charles / Creswell
58390,Saint-Charles / No 2755
58354,Saint-Charles / Kirkland
58351,Saint-Charles / Hymus
58379,Saint-Charles / Sainte-Marie
58346,Brunswick / Valérie
58344,Brunswick / Shannon
58342,Brunswick / Henri-Daoust
58380,Henri-Daoust / Dragon
58100,Henri-Daoust / Antoine-Faucon
58106,Antoine-Faucon / Biroleau
58112,Antoine-Faucon / Saint-Charles
58108,Saint-Charles / Oakwood
58101,Saint-Charles / Duval
58097,Saint-Charles / de Pierrefonds
58091,Saint-Charles / Gouin
58072,Gouin / de Jouvence
58068,Gouin / Lavigne
58076,Gouin / No 16407
58079,Gouin / No 16180
58073,Gouin / No 16056
58080,Gouin / No 15905
58071,Gouin / Saint-Joseph
58078,Cégep Gérald-Godin (Gouin / Du Pont)
58116,Gouin / Laframboise
58122,Gouin / Saint-Pierre
58234,Gouin / Aumais
58133,Gouin / Saint-Jean
58143,de Pierrefonds / René-Émard
58309,René-Émard / No 4600
58157,René-Émard / Anselme-Lavigne
58148,Anselme-Lavigne / Saint-Jean
57997,Saint-Jean / Jolicoeur
57851,Saint-Jean / Harris
57853,Saint-Jean / Shakespeare
57855,Saint-Jean / Westminster
57833,Saint-Jean / de Salaberry
57858,Saint-Jean / Devon
57616,Saint-Jean / Labrosse
57620,Saint-Jean / Brunswick
60888,Auto Plaza / Brunswick
