60888,Auto Plaza / Brunswick
57607,Labrosse / No 1000
57981,Saint-Jean / Blue Haven
57834,Saint-Jean / de Salaberry
57854,Saint-Jean / Lake
57852,Saint-Jean / Roger-Pilon
57994,Saint-Jean / Ernest
58147,Saint-Jean / Anselme-Lavigne
58289,René-Émard / Anselme-Lavigne
58310,René-Émard / No 4600
58140,René-Émard / de Pierrefonds
58134,Gouin / Saint-Jean
58130,Gouin / Aumais
58121,Gouin / Saint-Pierre
58115,Gouin / Jacques-Bizard
58082,Gouin / Laframboise
58109,Gouin / Paiement
58070,Gouin / Saint-Joseph
58074,Gouin / de la Caserne
58099,Gouin / Sainte-Anne
58077,Gouin / No 16407
58067,Gouin / Lavigne
58092,Saint-Charles / Gouin
58094,Saint-Charles / de Pierrefonds
58102,Saint-Charles / Saint-Denis
58107,Saint-Charles / Maher
58111,Saint-Charles / Antoine-Faucon
58105,Antoine-Faucon / Biroleau
58222,Henri-Daoust / Antoine-Faucon
58341,Henri-Daoust / Harmony
58343,Brunswick / Henri-Daoust
58345,Brunswick / Shannon
58348,Brunswick / Saint-Charles
58350,Saint-Charles / Sainte-Marie
58352,Saint-Charles / Hymus
58355,Saint-Charles / Kirkland
58391,Saint-Charles / No 2768
58462,Saint-Charles / Creswell
58466,Saint-Charles / Sherbrooke
58482,Gare Beaconsfield
58471,Saint-Charles / Prairie
58477,Beaconsfield / Claude
58478,Beaconsfield / Hyde Park
58480,Beaconsfield / Lakeshore
57619,Bord-du-Lac / Pointe-Claire
57632,Bord-du-Lac / Saint-Jean-Baptiste
57803,Bord-du-Lac / Sainte-Anne
57643,Lanthier / Cartier
57785,Cartier / No 117
57770,Cartier / de Val-Soleil
57601,Cartier / Autoroute 20
57772,Autoroute 20 / Saint-Jean
57807,Saint-Jean / Autoroute 20 (nord)
57665,Saint-Jean / Drake
57658,Saint-Jean / Douglas-Shand
57784,Doulas-Shand / Maywood
57690,Saint-Louis / Cavell
57699,Saint-Louis / Hornell
57688,Hastings / Braebrook
57680,Hastings / Westcliffe
57666,Hastings / Newton
57662,Hastings / Hymus
57656,Hymus / Carlisle
57808,Saint-Jean / Holiday
57609,Labrosse / No 1000
57608,Labrosse / Grandview
60889,Brunswick / Terminus Fairview
