55840,Station du Collège Sud (Cartier / Ouimet)
55701,Saint-Louis / Crevier
55691,Saint-Louis / Marcel-Laurin
55679,Saint-Louis / Tait
55669,Saint-Louis / Gratton
55645,Saint-Louis / Vincent
55673,Ward / Alexis-Nihon
55943,Authier / Ward
55710,Authier / Côte-de-Liesse
55843,Côte-de-Liesse / No 5805
55655,Passerelle Isabey-Darnley (Côte-de-Liesse/Isabey)
55855,Côte-de-Liesse / No 6015
55602,Côte-de-Liesse / Cavendish
55779,Côte-de-Liesse / No 6395
55860,Passerelle Barr (Côte-de-Liesse / No 6665)
55521,Côte-de-Liesse Nord / McArthur
60711,Côte-de-Liesse / Griffith
55856,Côte-de-Liesse / Montée de Liesse
55482,Côte-de-Liesse / No 8305
55780,Côte-de-Liesse / CAE
57489,Côte-de-Liesse / Autoroute Chomedey
57490,Côte-de-Liesse / Renaud
57526,Côte-de-Liesse / No 9551
57488,Côte-de-Liesse / No 10161
57487,Côte-de-Liesse / Riddle
57542,Côte-de-Liesse / No 10525
57565,Côte-de-Liesse / No 10755
57117,Côte-de-Liesse / Calais
57480,Côte-de-Liesse / Halpern
57477,Côte-de-Liesse / Avoca
57527,Côte-de-Liesse Nord / No 12055
61541,Mc Millan / No 555
57504,Gare Dorval
57462,Dorval / Carson
57465,Dorval / Dawson
57547,Dawson / Garden
57456,Dawson / Lepage
57449,Dawson / Fénelon
57442,Dawson / Claude
57528,École Dorval-Jean-XXIII (Dawson/No 1301)
57432,Dawson / Thorncrest
57424,Dawson / Saint-Louis
57411,Dawson / Stream
57399,Bord-du-Lac / Neptune
57390,Bord-du-Lac / Thrush
57382,Bord-du-Lac / Lake
57377,Bord-du-Lac / de l'Église
57763,Bord-du-Lac / Lakebreeze
57786,Bord-du-Lac / No 24
57743,Bord-du-Lac / de la Baie-de-Valois
57734,Bord-du-Lac / Broadview
57724,Bord-du-Lac / Water's Edge
57714,Bord-du-Lac / Lakeside
57704,Lakeview / Hillcrest
57700,Lakeview / Fifth
57694,Lakeview / Hampton Gardens
57684,Lakeview / Longmore
57676,Lakeview / Saint-Jean
57787,Saint-Jean / Autoroute 20 (sud)
57807,Saint-Jean / Autoroute 20 (nord)
57665,Saint-Jean / Drake
57658,Saint-Jean / Douglas-Shand
57652,Saint-Jean / Cardiff
57646,Saint-Jean / Hymus
57808,Saint-Jean / Holiday
57792,Saint-Jean / Complexe Pointe-Claire
57767,Revcon / Place Frontenac
57795,Terminus Fairview
