57795,Terminus Fairview
57621,Brunswick / Saint-Jean
57647,Saint-Jean / Hymus
57653,Saint-Jean / Sedgefield
57659,Saint-Jean / Douglas-Shand
57668,Saint-Jean / Springdale
57788,Saint-Jean / Autoroute 20
61262,Saint-Jean / Autoroute 20
57677,Lakeview / Saint-Jean
57685,Lakeview / Longmore
57695,Lakeview / Lansdowne Gardens
57701,Lakeview / Fifth
57707,Lakeview / Lakeshore
57715,Bord-du-Lac / Lakeside
57723,Bord-du-Lac / Water's Edge
57735,Bord-du-Lac / Broadview
57744,Bord-du-Lac / de la Baie-de-Valois
57748,Bord-du-Lac / Milroy
57757,Bord-du-Lac / No 24
57764,Bord-du-Lac / Lakebreeze
57378,Bord-du-Lac / de l'Église
57383,Bord-du-Lac / Lake
57391,Bord-du-Lac / Thrush
57401,Bord-du-Lac / Neptune
57415,Bord-du-Lac / Stream
57410,Stream / Dawson
57425,Dawson / Saint-Louis
57433,Dawson / Thorncrest
57529,École Dorval-Jean-XXIII (Dawson/No 1301)
57443,Dawson / Claude
57450,Dawson / Fénelon
57457,Dawson / Lepage
57548,Dawson / Garden
57466,Dawson / Dorval
57461,Dorval / Carson
57491,Dorval / No 352
57537,Gare Dorval
57525,Michel-Jasmin / O'Connell
57524,Michel-Jasmin / Orly
57523,Michel-Jasmin / Lépine
57362,Côte-de-Liesse / No 11450
57313,Côte-de-Liesse / 55e Avenue
57314,Côte-de-Liesse / 46e Avenue
57312,Côte-de-Liesse / 43e Avenue
57311,Côte-de-Liesse / 32e Avenue
57343,Côte-de-Liesse / No 9500
57357,Côte-de-Liesse / No 9432
55468,Côte-de-Liesse / Graveline
55907,Côte-de-Liesse / No 8180
55480,Côte-de-Liesse / Montée de Liesse
55851,Côte-de-Liesse / No 7520
55520,Côte-de-Liesse / Hickmore
55541,Côte-de-Liesse / Barr
55842,Passerelle Barr (Côte-de-Liesse / No 6600)
55844,Côte-de-Liesse / No 6400
55601,Côte-de-Liesse / Cavendish
55622,Côte-de-Liesse / Dalton
56110,Passerelle Isabey-Darnley (Côte-de-Liesse/Isabey)
56139,Côte-de-Liesse / No 5750
55866,Authier / Côte-de-Liesse
55942,Authier / Bourdon
55672,Ward / Alexis-Nihon
55644,Saint-Louis / Alexis-Nihon
55670,Saint-Louis / Gratton
55680,Saint-Louis / Tait
55702,Saint-Louis / Crevier
55840,Station du Collège Sud (Cartier / Ouimet)
