57798,Terminus Fairview
57621,Brunswick / Saint-Jean
57649,Hymus / Saint-Jean
57637,Hymus / Paprican
57622,Hymus / Alston
57614,Hymus / No 285
60652,Hymus / No 300
57606,Stillview / Hymus
57610,Stillview / Canvin
57615,Hôpital général du Lakeshore
57617,Rothbury / Stillview
57625,Rothbury / Inglewood
57630,École Félix-Leclerc (Inglewood / Ashington)
57634,Inglewood / Douglas-Shand
57651,Douglas-Shand / Oakridge
57660,Douglas-Shand / Saint-Jean
57671,Douglas-Shand / Civic Center
57784,Doulas-Shand / Maywood
57679,Maywood / Viburnum
57683,Maywood / Drake
60534,Maywood / Donegani
57697,Donegani / Terra Cotta
57817,Donegani / Gateway
57709,Gare Pointe-Claire (Donegani / Ashgrove)
57722,Donegani / Windcrest
57733,Donegani / Broadview
57741,Gare Valois (Donegani / de la Baie-de-Valois)
57738,de la Baie-de-Valois / Mount-Pleasant
57737,Belmont / de la Baie-de-Valois
57746,Belmont / King
57753,Belmont / Chester
57758,Belmont / Vincennes
57762,des Sources / Chanteclerc
57381,Herron / Strathmore
57396,Herron / Neptune
57398,Neptune / Nightingale
57497,Carson / Neptune
57407,Carson / Stream
57419,Carson / Saint-Louis
57431,Carson / Caledonia
57435,Carson / Elmridge
57441,Carson / Claude
57453,Carson / Roy
57455,Carson / Lepage
57499,Carson / Les Jardins Dorval
57463,Carson / Dorval
61317,Gare Dorval
