57540,Gare Dorval
57462,Dorval / Carson
57458,Carson / Les Jardins Dorval
57454,Carson / Lepage
57448,Carson / Roy
57440,Carson / Claude
57434,Carson / Elmridge
57430,Carson / Thorncrest
57418,Carson / Saint-Louis
57406,Carson / Stream
57498,Carson / Neptune
57400,Neptune / Bord-du-Lac
57390,Bord-du-Lac / Thrush
57382,Bord-du-Lac / Lake
57377,Bord-du-Lac / de l'Église
57763,Bord-du-Lac / Lakebreeze
57761,des Sources / Chanteclerc
57828,Belmont / Vincennes
57752,Belmont / Chester
57745,Belmont / King
57736,Belmont / de la Baie-de-Valois
57739,de la Baie-de-Valois / Mount-Pleasant
57754,Donegani / de la Baie-de-Valois
57731,Donegani / Broadview
57721,Donegani / Windcrest
57708,Gare Pointe-Claire (Donegani / Ashgrove)
57816,Donegani / Gateway
57696,Donegani / Terra Cotta
60535,Donegani / Maywood
57682,Maywood / Drake
57678,Maywood / Viburnum
57774,École Pointe-Claire
57778,École John-Rennie (D.-Shand/École J.-Rennie)
57661,Douglas-Shand / Saint-Jean
57650,Douglas-Shand / Oakridge
57633,Douglas-Shand / Heather
57629,École Félix-Leclerc (Inglewood / Ashington)
57626,Inglewood / Rothbury
60234,Hôpital général Lakeshore (Sedgefield/Stillview)
57613,Stillview / Frobisher
57773,Stillview / Canvin
57602,Stillview / Hymus
60651,Hymus / No 300
57766,Hymus / No 285
57623,Hymus / Alston
57636,Hymus / Paprican
57648,Hymus / Saint-Jean
57808,Saint-Jean / Holiday
57792,Saint-Jean / Complexe Pointe-Claire
57767,Revcon / Place Frontenac
57798,Terminus Fairview
