57799,Terminus Fairview
57621,Brunswick / Saint-Jean
57657,Hymus / Carlisle
57664,Hymus / Hastings
57674,Hymus / Hilary
57686,Hymus / Winthrop
57693,Hymus / Nordic
57703,Hymus / Delmar
57706,Delmar / Hearne
57712,Delmar / des Canots
57717,Delmar / Braebrook
57711,Braebrook / Broadview
57720,Broadview / Saint-Louis
57726,Broadview / John-Fisher
57728,Broadview / John-Fisher
57730,Broadview / Belmont
57732,Broadview / Donegani
57742,Gare Valois (Donegani / de la Baie-de-Valois)
57747,Donegani / Queen
57751,Donegani / Lucerne
57765,Donegani / des Sources
57379,Cardinal / Strathmore
57395,Neptune / Cardinal
57388,Parkfield / Neptune
57402,Parkfield / Avila-Legault
57409,Parkfield / Saint-Louis
57413,Saint-Louis / Surrey
57417,Surrey / Pine Beach
57421,Gare Pine Beach (Cardinal / Pine Beach)
61683,Stuart-Graham / Rodolphe-Pagé
57573,Stuart-Graham / No 751
61688,Stuart-Graham / Rodolphe-Pagé
57516,Albert-de-Niverville / Arthur-Fecteau
61537,Arthur-Fecteau / Roméo-Vachon
57509,Aéroport Pierre-Elliott-Trudeau
61538,Aéroport Pierre-Elliott-Trudeau / Transport Canada
61317,Gare Dorval
