57505,Gare Dorval
57508,Aéroport Pierre-Elliott-Trudeau
61539,Roméo-Vachon / No 700
57515,Albert-de-Niverville / Rodolphe-Pagé
61684,Stuart-Graham / Rodolphe-Pagé
57578,Stuart-Graham / No 751
61685,Stuart-Graham / Rodolphe-Pagé
57420,Gare Pine Beach (Cardinal / Westwood)
57416,Pine Beach / Davidson
57412,Surrey / Saint-Louis
57408,Saint-Louis / Parkfield
57403,Parkfield / Wright
57397,Parkfield / Avila-Legault
57389,Parkfield / Neptune
57393,Neptune / Cardinal
60402,Cardinal / Strathmore
57779,Donegani / des Sources
57750,Donegani / Lucerne
57804,Donegani / King
57740,Gare Valois (Donegani / de la Baie-de-Valois)
57731,Donegani / Broadview
57729,Broadview / Belmont
57727,Broadview / No 105
57725,Broadview / John-Fisher
57719,Broadview / Saint-Louis
57710,Broadview / Braebrook
57718,Braebrook / Delmar
57713,Delmar / des Canots
57705,Delmar / Hearne
57702,Delmar / Hymus
57692,Hymus / Nordic
57687,Hymus / Gun
57673,Hymus / Hilary
57663,Hymus / Hastings
57656,Hymus / Carlisle
57808,Saint-Jean / Holiday
57792,Saint-Jean / Complexe Pointe-Claire
57767,Revcon / Place Frontenac
57799,Terminus Fairview
