58030,Gare Roxboro-Pierrefonds
58024,Gouin / 5e Avenue
58020,Gouin / 8e Avenue
58203,Gouin / de Pierrefonds
58288,des Sources / Gouin
58192,Pavillon / Blondin
58189,Pavillon / Woodland
58186,Pavillon / Richer
58184,Pavillon / Savoie
58180,Pavillon / Hunter
58171,Pavillon / Saint-Louis
58166,Pavillon / Perron
58167,Brook / Perron
58154,Brook / des Arbres
58330,de Versailles / Huntington
58156,de Versailles / Elizabeth
58161,de Versailles / Louis-XV
58164,Monk / Fredmir
58177,Monk / Perron
58178,Perron / Gouin
58169,Gouin / Fredmir
58331,Gouin / Monk
58158,Gouin / Belleville
58152,Gouin / Beamish
58146,Gouin / Richmond
58321,Gouin / des Maçons
58138,Gouin / René-Émard
58142,René-Émard / de Pierrefonds
58145,de René-Émard / Pierrefonds
58309,René-Émard / No 4600
58157,René-Émard / Anselme-Lavigne
58148,Anselme-Lavigne / Saint-Jean
57997,Saint-Jean / Jolicoeur
57851,Saint-Jean / Harris
57853,Saint-Jean / Shakespeare
57855,Saint-Jean / Westminster
57833,Saint-Jean / de Salaberry
57858,Saint-Jean / Devon
57616,Saint-Jean / Labrosse
57620,Saint-Jean / Brunswick
57800,Terminus Fairview
