57800,Terminus Fairview
57981,Saint-Jean / Blue Haven
57834,Saint-Jean / de Salaberry
57854,Saint-Jean / Lake
57852,Saint-Jean / Roger-Pilon
57994,Saint-Jean / Ernest
58147,Saint-Jean / Anselme-Lavigne
58289,René-Émard / Anselme-Lavigne
58310,René-Émard / No 4600
58140,René-Émard / de Pierrefonds
58144,de René-Émard / Pierrefonds
58139,René-Émard / Gouin
58322,Gouin / des Maçons
58150,Gouin / Richmond
58151,Gouin / Beamish
58159,Gouin / Belleville
58332,Gouin / Monk
58170,Gouin / Fredmir
58179,Gouin / Perron
58176,Perron / Monk
58163,Monk / Fredmir
58160,de Versailles / Louis-XV
58155,de Versailles / Elizabeth
58153,de Versailles / Huntington
58168,Brook / Perron
58165,Perron / Pavillon
58172,Pavillon / Saint-Louis
58181,Pavillon / Hunter
58185,Pavillon / Savoie
58187,Pavillon / Richer
58190,Pavillon / Woodland
58193,des Sources / Pavillon
58194,des Sources / Gouin
58195,Gouin / des Sources
58204,Gouin / de Pierrefonds
58013,Gouin / 6e Avenue
58208,Gouin / Gare Roxboro
58030,Gare Roxboro-Pierrefonds
