57800,Terminus Fairview
57981,Saint-Jean / Blue Haven
57870,Blue Haven / des Pins
57872,Blue Haven / Jourdain
57863,Blue Haven / Viking
57861,Blue Haven / Lake
57866,Lake / Hemingway
57859,Hemingway / Greenfield
57857,Baffin / Roger-Pilon
57865,Roger-Pilon / Tecumseh
57873,Roger-Pilon / Fredmir
57881,Roger-Pilon / Manuel
57889,Roger-Pilon / Westpark
57884,Westpark / Wilson
57877,Westpark / Anselme-Lavigne
57883,Anselme-Lavigne / Oslo
57887,Anselme-Lavigne / Greenview
57895,Anselme-Lavigne / des Sources
57898,des Sources / Belcourt
58002,14e Rue / 19e Avenue
58005,14e Rue / 18e Avenue
58009,14e Rue / 15e Avenue
58025,14e Rue / 13e Avenue
58011,11e Avenue / 14e Rue
57998,11e Avenue / 11e Rue
58027,11e Avenue / 9e Rue
58022,Centre-Commercial / 4e Avenue
58019,Gouin / 3e Avenue
58031,Gare Roxboro-Pierrefonds
