58031,Gare Roxboro-Pierrefonds
58004,Gouin / 4e Avenue
58018,Gouin / 2e Avenue
58023,Centre-Commercial / 4e Avenue
58028,11e Avenue / 9e Rue
58029,11e Avenue / 11e Rue
58010,14e Rue / 11e Avenue
58026,14e Rue / 13e Avenue
58008,14e Rue / 15e Avenue
58007,14e Rue / 17e Avenue
58006,14e Rue / des Sources
57999,des Sources / 9e Rue
57896,Anselme-Lavigne / des Sources
57886,Anselme-Lavigne / Greenview
57882,Anselme-Lavigne / Oslo
57878,Anselme-Lavigne / Drouin
57885,Westpark / Wilson
57888,Westpark / Roger-Pilon
57880,Roger-Pilon / Manuel
57874,Roger-Pilon / Fredmir
57986,Roger-Pilon / Tecumseh
57987,Baffin / Roger-Pilon
57860,Hemingway / Greenfield
57867,Lake / Autumn
57862,Blue Haven / Lake
57864,Blue Haven / Viking
57871,Blue Haven / Jourdain
57869,Blue Haven / des Pins
57988,Blue Haven / des Cèdres
57858,Saint-Jean / Devon
57616,Saint-Jean / Labrosse
57620,Saint-Jean / Brunswick
57800,Terminus Fairview
