58050,Chèvremont / Jacques-Bizard
58044,Chèvremont / Lacombe
58042,Chèvremont / Ouimet
58039,Chèvremont / de l'Église
58066,Centre socioculturel (de l'Église / No 490)
58046,de l'Église / Cherrier
58048,Cherrier / Dollard
58063,Cherrier / des Prés
58055,Cherrier / Lachapelle
58117,Jacques-Bizard / Gouin
58265,de Pierrefonds / Jacques-Bizard
58126,Jacques-Bizard / Labelle
58128,Jacques-Bizard / Fernand
58300,Jacques-Bizard / Highland
58131,Jacques-Bizard / Oakwood
57844,Sommerset / Nisko
57846,Sommerset / Garland
57848,Sommerset / Chapleau
57850,Sommerset / Roosevelt
57832,Sommerset / de Salaberry
57838,De Salaberry / Walworth
57839,De Salaberry / Devon
57840,De Salaberry / Boyer
57841,De Salaberry / Saint-Jean
57858,Saint-Jean / Devon
57616,Saint-Jean / Labrosse
57620,Saint-Jean / Brunswick
57821,Terminus Fairview
