57821,Terminus Fairview
57981,Saint-Jean / Blue Haven
57980,De Salaberry / Hastings
57835,De Salaberry / Boyer
57836,De Salaberry / Devon
57979,De Salaberry / Walworth
57837,De Salaberry / Sommerset
57849,Sommerset / Roosevelt
57847,Sommerset / Chapleau
57845,Sommerset / Garland
57843,Sommerset / Shakespeare
58132,Jacques-Bizard / Oakwood
58129,Jacques-Bizard / Highland
58127,Jacques-Bizard / Fernand
58125,Jacques-Bizard / Labelle
58123,Jacques-Bizard / de Pierrefonds
58267,Jacques-Bizard / de Pierrefonds
58114,Jacques-Bizard / Gouin
58056,Cherrier / Lachapelle
58062,Cherrier / des Prés
58047,Cherrier / Saint-Charles
58045,Cherrier / de l'Église
58065,École Jacques-Bizard (de l'Église / No 515)
58038,de l'Église / Chèvremont
58041,Chèvremont / de Tonty
58043,Chèvremont / Ouimet
58064,Chèvremont / Aimé-Lecavalier
58049,Chèvremont / Jacques-Bizard
58034,Chèvremont / No 3250
58051,Chèvremont / Jules-Janvril
58052,Chèvremont / Beaulieu
58053,Chèvremont / Joncaire
58058,Chèvremont / Saint-Malo
58035,Chèvremont / du Triolet
58036,du Triolet / Cherrier
58061,Cherrier / Pierre-Foretier
58060,Cherrier / Léon-Brisebois
58037,Cherrier / Denis
58059,Cherrier / Poudrette
58057,Cherrier / Pierre-Boileau
58054,Cherrier / Jacques-Bizard
58050,Chèvremont / Jacques-Bizard
