58032,Gare Roxboro-Pierrefonds
58024,Gouin / 5e Avenue
58020,Gouin / 8e Avenue
58203,Gouin / de Pierrefonds
58196,des Sources / Gouin
58201,des Sources / de Pierrefonds
58206,des Sources / Ross
57894,des Sources / Anselme-Lavigne
57898,des Sources / Belcourt
58001,des Sources / 14e Rue
57906,des Sources / Roger-Pilon
57913,Sunnydale / Glenmore
57928,Sunnydale / Sunshine
57929,Sunshine / Cadman
57940,Sunshine / Forest
57954,Sunshine / Burke
57960,Spring Garden / Sunshine
57968,Spring Garden / Andras
60421,Sunnybrooke / Cérès
60422,Cérès / No 9420
60637,Cérès / Hyman
60423,Hyman / Cérès
60424,Hyman / Woodside
57976,Hyman / Sunnybrooke
57964,Hyman / Maisonneuve
57962,Spring Garden / Kingsley
57965,Spring Garden / Stonecrest
57969,Spring Garden / Fabre
57971,Spring Garden / Brunswick
57956,Brunswick / Deacon
57951,Brunswick / Davignon
57983,Davignon / Thornton
57948,Davignon / Fountain
57942,Davignon / de Salaberry
57931,de Salaberry / Norgrove
57926,Hyman / des Sources
57915,Hyman / Arménia
57909,Lake / Hyman
57918,Lake / de Salaberry
57907,de Salaberry / No 12001
57904,De Salaberry / Hôtel-De-Ville
57897,de Salaberry / Montevista
57982,Tecumseh / de Salaberry
57891,Tecumseh / Thornhill
57669,Tecumseh / Labrosse
57901,Tecumseh / Brunswick
57777,Brunswick / Hewitt
57654,Brunswick / No 195
57644,Brunswick / Ellingham
57639,Brunswick / Selkirk
57627,Brunswick / Revcon
57809,Terminus Fairview
