57809,Terminus Fairview
57628,Brunswick / Revcon
57640,Brunswick / Selkirk
57645,Brunswick / Ellingham
57775,Brunswick / No 195
57776,Brunswick / Hewitt
57985,Tecumseh / Brunswick
57672,Tecumseh / Labrosse
57892,Tecumseh / Thornhill
57890,Tecumseh / de Salaberry
57899,De Salaberry / Iberville
57903,De Salaberry / Hôtel-De-Ville
57941,de Salaberry / Hôtel-de-Ville
57919,Lake / de Salaberry
57908,Lake / Hyman
57916,Hyman / Lisbonne
57925,Hyman / des Sources
57933,de Salaberry / Davignon
57943,Davignon / de Salaberry
57949,Davignon / Fountain
57984,Davignon / Thornton
57952,Brunswick / Davignon
57958,Brunswick / Deacon
57972,Brunswick / Spring Garden
57970,Spring Garden / Fabre
57966,Spring Garden / Stonecrest
57963,Spring Garden / Kingsley
57961,Spring Garden / Hyman
60445,Hyman / Sunnybrooke
60416,Hyman / Woodside
60418,Hyman / Cérès
60636,Cérès / Cloverdale
60419,Cérès / No 9400
60420,Cérès / Sunnybrooke
57967,Spring Garden / Andras
57959,Spring Garden / Sunshine
57950,Sunshine / Iroquois
57939,Sunshine / Forest
57934,Sunshine / de la Madeleine
57927,Sunshine / Sunnydale
57911,Sunnydale / des Sources
57905,des Sources / Roger-Pilon
58000,des Sources / 14e Rue
57999,des Sources / 9e Rue
57893,des Sources / Anselme-Lavigne
58205,des Sources / Ross
58198,des Sources / de Pierrefonds
58202,de Pierrefonds / Gouin
58013,Gouin / 6e Avenue
58208,Gouin / Gare Roxboro
58032,Gare Roxboro-Pierrefonds
