58033,Gare Roxboro-Pierrefonds
58024,Gouin / 5e Avenue
58020,Gouin / 8e Avenue
58203,Gouin / de Pierrefonds
58196,des Sources / Gouin
58201,des Sources / de Pierrefonds
58206,des Sources / Ross
57894,des Sources / Anselme-Lavigne
57898,des Sources / Belcourt
58001,des Sources / 14e Rue
57906,des Sources / Roger-Pilon
57912,des Sources / Churchill
57924,des Sources / Hyman
57932,des Sources / de Salaberry
57945,des Sources / Brunswick
57369,des Sources / Hymus
57781,des Sources / Avro
57596,des Sources / de l'Aviation
57597,des Sources / Avro
57755,des Sources / Saint-Louis
57791,des Sources / No 1733
57760,des Sources / Belmont
57762,des Sources / Chanteclerc
57381,Herron / Strathmore
57396,Herron / Neptune
57398,Neptune / Nightingale
57364,Neptune / Carson
57400,Neptune / Bord-du-Lac
57415,Bord-du-Lac / Stream
57426,Bord-du-Lac / Saint-Louis
57429,Bord-du-Lac / Pine Beach
57437,Bord-du-Lac / Allan Point
57446,Bord-du-Lac / Claude
57452,Bord-du-Lac / McConnell
57460,Bord-du-Lac / Brunet
60627,Dorval / No 150
57464,Dorval / Dawson
57461,Dorval / Carson
57491,Dorval / No 352
57506,Gare Dorval
61626,Aéroport international Pierre-Eliott-Trudeau
