61626,Aéroport international Pierre-Eliott-Trudeau
57536,Gare Dorval
57462,Dorval / Carson
57465,Dorval / Dawson
57550,Dorval / No 135
57459,Bord-du-Lac / Brunet
57451,Bord-du-Lac / McConnell
57447,Bord-du-Lac / Claude
57436,Bord-du-Lac / Allan Point
57428,Bord-du-Lac / Pine Beach
57427,Bord-du-Lac / Saint-Louis
57414,Bord-du-Lac / Stream
57399,Bord-du-Lac / Neptune
57390,Bord-du-Lac / Thrush
57382,Bord-du-Lac / Lake
57377,Bord-du-Lac / de l'Église
57763,Bord-du-Lac / Lakebreeze
57761,des Sources / Chanteclerc
57759,des Sources / Belmont
57366,des Sources / No 1733
57756,des Sources / Reverchon
57598,des Sources / Avro
57783,des Sources / de l'Aviation
57782,des Sources / Avro
57367,des Sources / Transcanadienne
57947,des Sources / Brunswick
57930,des Sources / de Salaberry
57923,des Sources / Hyman
57910,des Sources / Sunnydale
57905,des Sources / Roger-Pilon
58000,des Sources / 14e Rue
57999,des Sources / 9e Rue
57893,des Sources / Anselme-Lavigne
58205,des Sources / Ross
58198,des Sources / de Pierrefonds
58202,de Pierrefonds / Gouin
58013,Gouin / 6e Avenue
58208,Gouin / Gare Roxboro
58033,Gare Roxboro-Pierrefonds
