58590,Sainte-Anne / Terminus Macdonald
58571,Lakeshore / No 20846
58497,Lakeshore / Saint-Andrew's
58498,Lakeshore / Case
58500,Lakeshore / Churchill
58501,Lakeshore / No 20578
58504,Lakeshore / Morgan
58506,Lakeshore / Sunny Acres
58508,Lakeshore / Normandy
58510,Lakeshore / Apple Hill
58512,Lakeshore / Wilson
58514,Lakeshore / Magnolia
58486,Beaconsfield / Redfern
58423,Beaconsfield / Lakeview
58425,Beaconsfield / Madsen
58427,Beaconsfield / Woodland
58429,Beaconsfield / Saint-Louis
58432,Beaconsfield / Legault
58436,Beaconsfield / Neveu
58441,Beaconsfield / Harrow
58447,Beaconsfield / Shore
58417,Beaconsfield / Beaconsfield Court
58455,Beaconsfield / Gables
58463,Beaconsfield / East Gables
58469,Beaconsfield / Kenwood
58473,Beaconsfield / Saint-Charles
58477,Beaconsfield / Claude
58478,Beaconsfield / Hyde Park
58480,Beaconsfield / Lakeshore
57619,Bord-du-Lac / Pointe-Claire
57632,Bord-du-Lac / Saint-Jean-Baptiste
57803,Bord-du-Lac / Sainte-Anne
57643,Lanthier / Cartier
57785,Cartier / No 117
57770,Cartier / de Val-Soleil
57601,Cartier / Autoroute 20
57772,Autoroute 20 / Saint-Jean
57789,Gare Pointe-Claire
57423,Herron / Pine Beach
57519,Herron / No 1268
57518,Dumont / Fénelon
57453,Carson / Roy
57455,Carson / Lepage
57499,Carson / Les Jardins Dorval
57491,Dorval / No 352
57538,Gare Dorval
61339,Station Lionel-Groulx / Greene
