61338,Station Lionel-Groulx / Greene
57539,Gare Dorval
57522,Dorval / No 353
57458,Carson / Les Jardins Dorval
57454,Carson / Lepage
57448,Carson / Roy
57444,Fénelon / Dumont
57422,Gare Pine Beach
57790,Gare Pointe-Claire
57811,Autoroute 20 Ouest / Saint-Jean
57769,Cartier / Salisbury
57771,Cartier / de Val-Soleil
57635,Cartier / No 117
57642,Cartier / Lanthier
57641,de Lourdes / Bord-du-Lac
57802,Bord-du-Lac / Sainte-Anne
57631,Bord-du-Lac / Saint-Jean-Baptiste
57618,Bord-du-Lac / Pointe-Claire
58479,Lakeshore / Beaconsfield
58490,Beaconsfield / Hyde Park
58476,Beaconsfield / Claude
58475,Beaconsfield / Saint-Charles
58468,Beaconsfield / Kenwood
58460,Beaconsfield / Fieldsend
58454,Beaconsfield / Gables
60148,Beaconsfield / Beaconsfield Court
58446,Beaconsfield / Shore
58440,Beaconsfield / Harrow
58437,Beaconsfield / Neveu
58431,Beaconsfield / Legault
58428,Beaconsfield / Saint-Louis
58426,Beaconsfield / Woodland
58424,Beaconsfield / Madsen
58422,Beaconsfield / Lakeview
58421,Beaconsfield / Brentwood
58513,Lakeshore / Magnolia
58511,Lakeshore / Willowdale
58509,Lakeshore / Apple Hill
58507,Lakeshore / Normandy
58505,Lakeshore / Sunny Acres
58502,Lakeshore / Morgan
58520,Lakeshore / No 20551
58499,Lakeshore / Churchill
58517,Lakeshore / No 20713
58496,Lakeshore / Saint-Andrew's
58516,Lakeshore / No 20846
58590,Sainte-Anne / Terminus Macdonald
