58592,Hôpital Sainte-Anne (Anciens-Combattants/No 305)
61121,des Anciens-Combattants / No 305
58563,Sainte-Anne / Garden City
58559,Michaud / Garden City
58582,Gare Sainte-Anne-de-Bellevue
58558,Sainte-Anne / Saint-Charles
58556,Sainte-Anne / de l'Église
58593,Sainte-Anne / Autoroute 20
60698,du Collège / Christie
60704,Bibliothèque Sainte-Anne-de-Bellevue
58565,Sainte-Anne / Lalonde
58583,Sainte-Anne / Perrault
58567,Sainte-Anne / Maple
58566,Sainte-Anne / Terminus Macdonald
58570,Sainte-Anne / Terminus Macdonald
