60292,Station Côte-Vertu
55554,Côte-Vertu / Alexis-Nihon
55486,Côte-Vertu / Cavendish
55488,Côte-Vertu / Cavendish
55464,Côte-Vertu / Beaulac
55900,Beaulac / Thimens
55440,Thimens / Bégin
55924,Thimens / Tees
55426,Thimens / Pomba
55790,Thimens / Garand
55799,Poirier / Thimens
60687,Poirier / Cohen
55960,Cohen / No 2039
55950,Marc-Blain / Levy
55947,Levy / Dobrin
55953,Dobrin / Cohen
55991,Cohen / No 2540
55786,Cohen / Bois-Franc
55384,Bois-Franc / No 4800
55380,Brabant-Marineau / Bois-Franc
55377,Brabant-Marineau / Botham
55372,Brabant-Marineau / De Baene
55368,Henri-Bourassa / Valiquette
55364,Pitfield / Valiquette
60455,Pitfield / No 3555
58287,Gouin / No 9409
58219,Gouin / Wilfrid
58216,Gouin / Hortie
58213,Gouin / Alexander
58211,Gouin / Sunnybrooke
58209,Gouin / Dollard
58012,Gouin / 2e Rue
58019,Gouin / 3e Avenue
58003,Gouin / 4e Avenue
58207,Gouin / Meighen
58203,Gouin / de Pierrefonds
58288,des Sources / Gouin
58191,des Sources / Pavillon
58284,Riverdale / Riviera
58293,Riviera / No 5200
58086,Place Riviera
