58086,Place Riviera
58294,Riviera / No 5200
58295,Riviera / Riverdale
58193,des Sources / Pavillon
58204,Gouin / de Pierrefonds
58208,Gouin / Gare Roxboro
58004,Gouin / 4e Avenue
58018,Gouin / 2e Avenue
58015,Gouin / 2e Rue
58278,Gouin / Dollard
58235,Gouin / Sunnybrooke
58214,Gouin / Alexander
58281,Gouin / Hortie
58282,Gouin / Wilfrid
58283,Gouin / Autoroute 13
58319,Pitfield / de Salaberry
55902,Cypihot / No 5590
55360,De Miniac / Henri-Bourassa
55369,Henri-Bourassa / Valiquette
55371,Brabant-Marineau / De Baene
55378,Brabant-Marineau / Botham
55381,Brabant-Marineau / Bois-Franc
55382,Bois-Franc / No 4800
55383,Cohen / Bois-Franc
55990,Cohen / No 2540
55352,Cohen / Dobrin
55948,Dobrin / Levy
55951,Levy / Marc-Blain
55952,Marc-Blain / Cohen
55959,Cohen / No 2039
55788,Poirier / Cohen
55419,Poirier / Thimens
55433,Thimens / Garand
55800,Thimens / Pomba
55925,Thimens / Tees
55441,Thimens / Bégin
55443,Thimens / Beaulac
55465,Beaulac / Côte-Vertu
55487,Côte-Vertu / Cavendish
55503,Côte-Vertu / Hocquart
55556,Côte-Vertu / Alexis-Nihon
60292,Station Côte-Vertu
