60383,Station Côte-Vertu
55594,Côte-Vertu / Leduc
55961,Marcel-Laurin / Lucien-Thimens
61248,Marcel-Laurin / No 1515
55496,Marcel-Laurin / Poirier
55909,Marcel-Laurin / Galeries Saint-Laurent
55451,Henri-Bourassa / Marcel-Laurin
55353,Henri-Bourassa / No 5265
55442,Henri-Bourassa / No 5375
55354,Henri-Bourassa / No 5505
55805,Henri-Bourassa / No 5555
61552,Henri-Bourassa / No 5700
55427,Henri-Bourassa / Duchesne
55423,Henri-Bourassa / Toupin
55417,Henri-Bourassa / Vermandère
55411,Henri-Bourassa / Marette
55402,Henri-Bourassa / Sartelon
55392,Henri-Bourassa / Félix-Leclerc
55386,Guénette / Henri-Bourassa
55776,Guénette / Cousens
55887,Centre de transport St-Laurent (Guénette/Cousens)
55883,Guénette / Bois-Franc
55395,Bois-Franc / Thimens
55389,Cousens / Thimens
55837,Cousens / No 4600
55377,Brabant-Marineau / Botham
55372,Brabant-Marineau / De Baene
55368,Henri-Bourassa / Valiquette
55359,Henri-Bourassa / De Miniac
55357,Henri-Bourassa / Halpern
55782,Hymus / Douglas-B.-Floreani
57533,Transcanadienne / No 1255
57567,Sunnybrooke / Transcanadienne
57521,Saint-Régis / Sunnybrooke
57564,Saint-Régis / No 1611
57990,Saint-Régis / Séville
57991,Saint-Régis / No 2000
57992,Saint-Régis / Deacon
57955,Deacon / Brunswick
57951,Brunswick / Davignon
57944,Brunswick / des Sources
57938,Brunswick / du Marché
57937,Brunswick / No 64
57921,Brunswick / Lake
57917,Brunswick / Hôtel-De-Ville
57996,Brunswick / Montrose
57900,Brunswick / Tecumseh
57777,Brunswick / Hewitt
57654,Brunswick / No 195
57644,Brunswick / Ellingham
57639,Brunswick / Selkirk
57627,Brunswick / Revcon
57815,Terminus Fairview
