57815,Terminus Fairview
57628,Brunswick / Revcon
57640,Brunswick / Selkirk
57645,Brunswick / Ellingham
57775,Brunswick / No 195
57776,Brunswick / Hewitt
57902,Brunswick / Tecumseh
57995,Brunswick / Montrose
57914,Brunswick / Hôtel-De-Ville
57922,Brunswick / Bancroft
57935,Brunswick / No 64
57936,Brunswick / Bovis
57946,Brunswick / des Sources
57952,Brunswick / Davignon
57957,Brunswick / Deacon
57532,Saint-Régis / Deacon
57975,Saint-Régis / No 2000
57376,Saint-Régis / Séville
57563,Saint-Régis / No 1604
57384,Saint-Régis / Sunnybrooke
57405,Saint-Régis / Chemin McDonald
57520,Saint-Régis / No 1055
55781,Henri-Bourassa / Douglas-B.-Floreani
55358,Henri-Bourassa / Halpern
55361,Henri-Bourassa / De Miniac
55369,Henri-Bourassa / Valiquette
55371,Brabant-Marineau / De Baene
55378,Brabant-Marineau / Botham
55869,Cousens / No 4600
55774,Cousens / Thimens
55396,Bois-Franc / Thimens
55884,Guénette / Bois-Franc
55838,Guénette / Cousens
55775,Guénette / Cousens
55888,Guénette / Henri-Bourassa
55393,Henri-Bourassa / Félix-Leclerc
55403,Henri-Bourassa / Sartelon
55412,Henri-Bourassa / Marette
55418,Henri-Bourassa / Vermandère
55425,Henri-Bourassa / Cavendish
55428,Henri-Bourassa / Duchesne
55804,Henri-Bourassa / No 5700
55806,Henri-Bourassa / No 5505
55807,Henri-Bourassa / No 5375
55808,Henri-Bourassa / No 5265
55450,Henri-Bourassa / Marcel-Laurin
55497,Marcel-Laurin / Poirier
61249,Marcel-Laurin / No 1515
55595,Marcel-Laurin / Côte-Vertu
60288,Station Côte-Vertu
