60289,Station Côte-Vertu
55597,Côte-Vertu / Tait
55554,Côte-Vertu / Alexis-Nihon
55489,Cavendish / Côte-Vertu
55499,Cavendish / Dr.-Frederik-Philips
55558,Transcanadienne / No 7101
55473,Transcanadienne / Bégin
55789,Transcanadienne / Pomba
55928,Transcanadienne / No 9379
55365,Transcanadienne / Halpern
55958,Transcanadienne / No 9775
57533,Transcanadienne / No 1255
57387,Transcanadienne / Sunnybrooke
57492,Transcanadienne / No 1675
57546,Transcanadienne / No 1865
57371,Transcanadienne / Deacon
57716,Transcanadienne / Bancroft
57599,Transcanadienne / Bancroft
60495,Transcanadienne / No 3075
57768,Transcanadienne / Tecumseh
57600,Transcanadienne / No 5001
57810,Transcanadienne / No 5701
57655,Transcanadienne / Ellingham
57829,Selkirk / Transcanadienne
57638,Selkirk / Brunswick
57627,Brunswick / Revcon
57794,Terminus Fairview
