57794,Terminus Fairview
57621,Brunswick / Saint-Jean
57793,Transcanadienne / Hôtel Journeys's End
57670,Transcanadienne / Doyon
60705,Transcanadienne / No 5500
57691,Transcanadienne / Delmar
57820,Transcanadienne / No 3500
57812,Transcanadienne / No 2800
57493,Transcanadienne / No 2550
57494,Transcanadienne / No 2052
57372,Transcanadienne / André
57495,Transcanadienne / No 1600
57386,Transcanadienne / No 1400
57496,Transcanadienne / No 1300
55792,Transcanadienne / Abrams
55366,Transcanadienne / Halpern
55343,Transcanadienne Sud / No 9300
55889,Transcanadienne / No 8150
55452,Transcanadienne / McArthur
55469,Transcanadienne / Locke
55791,Transcanadienne / Ikea
55498,Cavendish / Dr.-Frederik-Philips
55485,Cavendish / Côte-Vertu
55556,Côte-Vertu / Alexis-Nihon
55596,Côte-Vertu / Marcel-Laurin
60289,Station Côte-Vertu
