58420,de l'Anse-à-l'Orme / Timberlea-Trail
58334,de l'Anse-à-l'Orme / Sainte-Marie
58336,Sainte-Marie / Meaney
58387,Sainte-Marie / Transcanadienne
58338,Sainte-Marie / du Ruisseau
58340,Sainte-Marie / Saint-Tropez
58433,Montrose / Arlington
58495,Montrose / Northcliff
60255,Montrose / Windermere
60256,Sherbrooke / Robin
58439,Sherbrooke / Fleet
58443,Sherbrooke / Brighton
58445,Sherbrooke / Westcroft
58449,Sherbrooke / Hollis
58451,Sherbrooke / Woodside
58453,Sherbrooke / Allancroft
58457,Sherbrooke / Bermuda
58459,Sherbrooke / Castle
58465,Sherbrooke / de Cadillac
58491,Elm / Beaconsfield
58467,Saint-Charles / Sherbrooke
58461,Saint-Charles / Creswell
58390,Saint-Charles / No 2755
58354,Saint-Charles / Kirkland
58351,Saint-Charles / Hymus
58386,Hymus / No 16889
58358,Hymus / de la Caravelle
58361,Hymus / Châteauneuf
58364,Hymus / Eaton
58366,Hymus / André-Brunet
57605,Stillview / Hymus
57780,Stillview / Transcanadienne
60461,Transcanadienne / No 7600
57842,Transcanadienne / Alston
57624,Transcanadienne / Holiday
57819,Fairview / Réno Dépot
57818,Fairview / Plymouth
57827,Brunswick / Auto Plaza
