57827,Brunswick / Auto Plaza
61578,Fairview / Brunswick
58362,Transcanadienne / No 16711
58359,Transcanadienne / No 16751
58353,Transcanadienne / No 16821
58389,Transcanadienne / Saint-Charles
58350,Saint-Charles / Sainte-Marie
58352,Saint-Charles / Hymus
58355,Saint-Charles / Kirkland
58391,Saint-Charles / No 2768
58462,Saint-Charles / Creswell
58466,Saint-Charles / Sherbrooke
58483,Elm / Beaconsfield
58464,Sherbrooke / Cadillac
58458,Sherbrooke / Castle
58456,Sherbrooke / Bermuda
58452,Sherbrooke / Allancroft
58450,Sherbrooke / Woodside
58448,Sherbrooke / Forest
58444,Sherbrooke / Westcroft
58442,Sherbrooke / Brighton
58438,Sherbrooke / Fleet
58434,Sherbrooke / Robin
58430,Sherbrooke / Montrose
58494,Montrose / Northcliff
58487,Montrose / Sainte-Marie
58339,Sainte-Marie / Saint-Tropez
58401,Jean-Yves / Transcanadienne
58400,Jean-Yves / Cinéma
58337,Sainte-Marie / Meaney
58333,Sainte-Marie / de l'Anse-à-l'Orme
58420,de l'Anse-à-l'Orme / Timberlea-Trail
