57823,Brunswick / Terminus Fairview
57981,Saint-Jean / Blue Haven
57980,De Salaberry / Hastings
57835,De Salaberry / Boyer
57836,De Salaberry / Devon
57979,De Salaberry / Walworth
57837,De Salaberry / Sommerset
58367,De Salaberry / Berkshire
58384,De Salaberry / Acres
58370,De Salaberry / Brunswick
58372,Brunswick / Argyle
58374,Brunswick / Jonquille
58376,Brunswick / Jonquille
58347,Brunswick / du Merlot
58381,Saint-Charles / du Barry
58113,Antoine-Faucon / Saint-Charles
58105,Antoine-Faucon / Biroleau
58220,Antoine-Faucon / Henri-Daoust
58225,Antoine-Faucon / Grilli
58223,Antoine-Faucon / des Cageux
58227,Antoine-Faucon / Château-Pierrefonds
58229,Château-Pierrefonds / Meloche
58231,Château-Pierrefonds / Rousson
58239,de Pierrefonds / Prével
58243,des Cageux / Legault
58249,des Cageux / Gouin
58087,Gouin / Coursol
58286,Gouin / Coursol
58296,Château-Pierrefonds / Oka
