58296,Château-Pierrefonds / Oka
58259,Château-Pierrefonds / du Manoir
58233,Château-Pierrefonds / de Pierrefonds
58230,Château-Pierrefonds / Meloche
58228,Château-Pierrefonds / Antoine-Faucon
58224,Antoine-Faucon / des Cageux
58226,Antoine-Faucon / Grilli
58221,Antoine-Faucon / Henri-Daoust
58106,Antoine-Faucon / Biroleau
58112,Antoine-Faucon / Saint-Charles
58382,Saint-Charles / du Barry
58349,Brunswick / du Merlot
58377,Brunswick / Dubonnet
58375,Brunswick / Jonquille
58373,Brunswick / Argyle
58371,Brunswick / De Salaberry
58383,De Salaberry / Acres
58368,De Salaberry / Médoc
57978,De Salaberry / Sommerset
57838,De Salaberry / Walworth
57839,De Salaberry / Devon
57840,De Salaberry / Boyer
57841,De Salaberry / Saint-Jean
57858,Saint-Jean / Devon
57616,Saint-Jean / Labrosse
57608,Labrosse / Grandview
57823,Brunswick / Terminus Fairview
