57827,Brunswick / Auto Plaza
57814,Brunswick / Plymouth
57831,Brunswick / Hermitage
58415,Brunswick / du Syrah
58369,Brunswick / de Salaberry
58372,Brunswick / Argyle
58374,Brunswick / Jonquille
58376,Brunswick / Jonquille
58346,Brunswick / Valérie
58344,Brunswick / Shannon
58342,Brunswick / Henri-Daoust
58404,Brunswick / Berne
58406,Brunswick / Nelligan
58408,Brunswick / Rougemont
58410,Houde / Elkas
58412,Houde / Transcanadienne
58398,Transcanadienne / Houde
58416,Sainte-Marie / No 18111
58401,Jean-Yves / Transcanadienne
58400,Jean-Yves / Cinéma
58337,Sainte-Marie / Meaney
58333,Sainte-Marie / de l'Anse-à-l'Orme
60800,Sainte-Marie / No 19925
58335,Institut national de santé (Ste-Marie/No 20045)
58413,Sainte-Marie / Morgan
58551,Morgan / face à Prestige
58531,Morgan / Clark-Graham
58547,Clark-Graham / Weco
58548,Clark-Graham / Firing
58549,Clark-Graham / Rafna
58550,Lee / Clark-Graham
58529,Lee / Cruickshank
58543,Cruickshank / Lee
58546,Cruickshank / Firing
58535,Firing / Clark-Graham
60674,Clark-Graham / No 19701
58530,Clark-Graham / Morgan
58545,Clark-Graham / No 20275
58534,Clark-Graham / No 20425
58544,Clark-Graham / Pirie
58537,Rond-point Clark-Graham
