58537,Rond-point Clark-Graham
58538,Clark-Graham / Pirie
58539,Clark-Graham / No 20500
58532,Clark-Graham / Morgan
58540,Clark-Graham / Weco
60673,Clark-Graham / No 19700
58536,Clark-Graham / Firing
58541,Clark-Graham / Styrochem
58533,Lee / Clark-Graham
58542,Lee / Cruickshank
58527,Lee / Transcanadienne
58393,Sainte-Marie / Transcanadienne
58392,Transcanadienne / Montrose
58394,Transcanadienne / Daniel
58395,Transcanadienne / Mountain View
58396,Transcanadienne / Berne
61601,Transcanadienne / No 18101
58397,Houde / Transcanadienne
58411,Houde / Elkas
58409,Brunswick / Rougemont
58407,Brunswick / Nelligan
58405,Brunswick / Berne
58343,Brunswick / Henri-Daoust
58345,Brunswick / Shannon
58414,Brunswick / Valérie
58349,Brunswick / du Merlot
58377,Brunswick / Dubonnet
58375,Brunswick / Jonquille
58373,Brunswick / Argyle
58402,Brunswick / de Salaberry
58403,Brunswick / du Syrah
57830,Brunswick / Hermitage
57813,Brunswick / Fairview
57827,Brunswick / Auto Plaza
