54306,Station Assomption (de l'Assomption / Chauveau)
54288,Chauveau / Dickson
53139,Dickson / de Marseille
53183,Dickson / Pierre-De Coubertin
53229,Dickson / Hochelaga
53249,Dickson / de Toulouse
54193,Dickson / Souligny
53680,Dickson / Ontario
53874,Dickson / No 1505
53366,Notre-Dame / Dickson
54196,Notre-Dame / Bossuet
53378,Notre-Dame / De Cadillac
53384,Notre-Dame / Clarence-Gagnon
53922,Notre-Dame / No 6265
53410,Notre-Dame / No 6380
53925,Notre-Dame / No 6565
53924,Notre-Dame / Garnison Montréal
53433,Notre-Dame / Haig
53440,Notre-Dame / Beauclerk
61550,des Futailles / Notre-Dame
54339,Tellier / des Futailles
54310,De Boucherville / Hector-Barsalou
53500,Notre-Dame / Curatteau
53502,Notre-Dame / De Saint-Just
53497,Notre-Dame / Honoré-Beaugrand
53488,Notre-Dame / Georges-Bizet
53484,Notre-Dame / Liébert
53472,Notre-Dame / Saint-Donat
53463,Notre-Dame / Lebrun
53451,Notre-Dame / Pierre-Tétreault
53444,Notre-Dame / Joffre
53442,Notre-Dame / Pierre-Bernard
53446,Notre-Dame / Taillon
53460,Notre-Dame / Meese
53468,Notre-Dame / Hector
54428,Georges-V / Notre-Dame
