54428,Georges-V / Notre-Dame
60436,Hector / Notre-Dame
53464,Notre-Dame / Bilaudeau
53459,Notre-Dame / Meese
53445,Notre-Dame / Taillon
53441,Notre-Dame / Pierre-Bernard
53443,Notre-Dame / Joffre
53449,Notre-Dame / Des Ormeaux
53462,Notre-Dame / Lebrun
53471,Notre-Dame / Saint-Donat
53483,Notre-Dame / Liébert
53489,Notre-Dame / Georges-Bizet
53496,Notre-Dame / Honoré-Beaugrand
53505,Notre-Dame / Lepailleur
54340,Tellier / des Futailles
54365,De Boucherville / Hector-Barsalou
53499,De Boucherville / Notre-Dame
53478,Notre-Dame / Caty
53473,Notre-Dame / des Futailles
53439,Notre-Dame / Beauclerk
53431,Notre-Dame / Haig
53430,Notre-Dame / Garnison Montréal
53419,Notre-Dame / No 6565
53923,Notre-Dame / No 6380
53396,Notre-Dame / No 6265
53383,Notre-Dame / Clarence-Gagnon
53376,Notre-Dame / De Cadillac
54197,Notre-Dame / Rougemont
53367,Notre-Dame / Dickson
53873,Dickson / No 1505
54192,Dickson / Souligny
53250,Dickson / de Toulouse
53230,Dickson / Hochelaga
53182,Dickson / Pierre-De Coubertin
53138,de Marseille / Dickson
54306,Station Assomption (de l'Assomption / Chauveau)
