60383,Station Côte-Vertu
55594,Côte-Vertu / Leduc
55554,Côte-Vertu / Alexis-Nihon
55486,Côte-Vertu / Cavendish
55488,Côte-Vertu / Cavendish
55464,Côte-Vertu / Beaulac
55355,Côte-Vertu / No 3695
55445,Côte-Vertu / Bégin
55933,Bégin / Thimens
55924,Thimens / Tees
55426,Thimens / Pomba
55790,Thimens / Garand
55874,Thimens / Poirier
55875,Thimens / Steinberg
55873,Thimens / Dobrin
55876,Thimens / No 5555
55394,Thimens / Bois-Franc
55884,Guénette / Bois-Franc
55838,Guénette / Cousens
55775,Guénette / Cousens
55389,Cousens / Thimens
55837,Cousens / No 4600
55377,Brabant-Marineau / Botham
55372,Brabant-Marineau / De Baene
55368,Henri-Bourassa / Valiquette
55359,Henri-Bourassa / De Miniac
55357,Henri-Bourassa / Halpern
55782,Hymus / Douglas-B.-Floreani
55962,Hymus / No 1000
55836,Hymus / No 1300
57404,Hymus / No 1455
57545,Hymus / No 1565
57385,Hymus / No 1655
57374,Hymus / André
57373,Hymus / No 2055
57592,Hymus / Saint-François
57368,Hymus / No 2355
57367,des Sources / Transcanadienne
57716,Transcanadienne / Bancroft
57920,Bancroft / Brunswick
57917,Brunswick / Hôtel-De-Ville
57996,Brunswick / Montrose
57900,Brunswick / Tecumseh
57777,Brunswick / Hewitt
57654,Brunswick / No 195
57644,Brunswick / Ellingham
57639,Brunswick / Selkirk
57627,Brunswick / Revcon
57815,Terminus Fairview
