57815,Terminus Fairview
57628,Brunswick / Revcon
57640,Brunswick / Selkirk
57645,Brunswick / Ellingham
57775,Brunswick / No 195
57776,Brunswick / Hewitt
57902,Brunswick / Tecumseh
57995,Brunswick / Montrose
57914,Brunswick / Hôtel-De-Ville
57922,Brunswick / Bancroft
57935,Brunswick / No 64
57936,Brunswick / Bovis
57370,Hymus / des Sources
57593,Hymus / Saint-François
57517,Hymus / No 2055
57375,Hymus / André
57501,Hymus / No 1655
57544,Hymus / No 1565
57500,Hymus / No 1455
55835,Hymus / No 1300
60432,Hymus / No 1000
55963,Hymus / Alfred-Nobel
55781,Henri-Bourassa / Douglas-B.-Floreani
55358,Henri-Bourassa / Halpern
55361,Henri-Bourassa / De Miniac
55369,Henri-Bourassa / Valiquette
55371,Brabant-Marineau / De Baene
55378,Brabant-Marineau / Botham
55869,Cousens / No 4600
55774,Cousens / Thimens
55864,Thimens / Bois-Franc
55397,Thimens / No 5550
55870,Thimens / Dobrin
55872,Thimens / Poirier
55871,Thimens / Poirier
55433,Thimens / Garand
55800,Thimens / Pomba
55925,Thimens / Tees
55441,Thimens / Bégin
55955,Côte-Vertu / Bégin
55778,Côte-Vertu / No 3695
55466,Côte-Vertu / Beaulac
55463,Côte-Vertu / No 3200
55487,Côte-Vertu / Cavendish
55556,Côte-Vertu / Alexis-Nihon
55596,Côte-Vertu / Marcel-Laurin
60288,Station Côte-Vertu
