51241,Station Villa-Maria
51281,Décarie / Duquette
51326,Décarie / Notre-Dame-de-Grâce
51372,Décarie / Côte-Saint-Antoine
51462,Décarie / Sherbrooke
51496,Sherbrooke / de Vendôme
56253,Sherbrooke / Claremont
56258,Sherbrooke / Grosvenor
56263,Sherbrooke / Lansdowne
56267,Sherbrooke / Strathcona
56274,Sherbrooke / Metcalfe
56278,Sherbrooke / Redfern
56281,Sherbrooke / Clarke
56286,Sherbrooke / Greene
56290,Sherbrooke / Wood
51951,Collège Dawson (Sherbrooke / Atwater)
52009,Sherbrooke / Chomedey
52066,Sherbrooke / Saint-Marc
52097,Sherbrooke / Saint-Mathieu
52115,Sherbrooke / Côte-des-Neiges
52167,Sherbrooke / Bishop
52204,Sherbrooke / de la Montagne
52277,Sherbrooke / Peel
52335,Université McGill (Sherbrooke / McGill College)
52369,Sherbrooke / Robert-Bourassa
52409,Sherbrooke / Aylmer
52444,Sherbrooke / De Bleury
52459,Sherbrooke / Jeanne-Mance
52488,Sherbrooke / Saint-Urbain
52510,Sherbrooke / Saint-Laurent
52543,Sherbrooke / de l'Hôtel-de-Ville
52570,Sherbrooke / Saint-Denis
52508,Station Sherbrooke Est (Berri / Cherrier)
52532,Cherrier / Saint-Hubert
52592,Cherrier / du Parc La Fontaine
52647,Sherbrooke / Panet
52653,Sherbrooke / Plessis
54019,Hôpital Notre-Dame (Sherbrooke / De Champlain)
52683,Sherbrooke / Papineau
52701,Sherbrooke / Dorion
52720,Sherbrooke / De Lorimier
52737,Sherbrooke / Parthenais
52742,Sherbrooke / Fullum
52765,Sherbrooke / D'Iberville
52772,Sherbrooke / Gascon
52756,Rachel / Montgomery
52819,Montgomery / Sherbrooke
