52819,Montgomery / Sherbrooke
52811,Sherbrooke / Hogan
52771,Sherbrooke / Gascon
52766,Sherbrooke / D'Iberville
52741,Sherbrooke / Fullum
52735,Sherbrooke / Parthenais
52719,Sherbrooke / De Lorimier
52700,Sherbrooke / Dorion
52677,Sherbrooke / De Champlain
52652,Sherbrooke / Plessis
52636,Sherbrooke / Beaudry
52590,Parc La Fontaine (Cherrier / Amherst)
52531,Cherrier / Saint-Hubert
52559,Station Sherbrooke Ouest (Berri / De Rigaud)
52569,Sherbrooke / Saint-Denis
52542,Sherbrooke / de l'Hôtel-de-Ville
52509,Sherbrooke / Saint-Laurent
52487,Sherbrooke / Saint-Urbain
52458,Sherbrooke / Jeanne-Mance
52430,Sherbrooke / Hutchison
59314,Sherbrooke / Aylmer
52368,Sherbrooke / Robert-Bourassa
52314,Sherbrooke / Mansfield
52278,Sherbrooke / Peel
52203,Sherbrooke / de la Montagne
52166,Sherbrooke / Redpath
52114,Sherbrooke / Côte-des-Neiges
52095,Sherbrooke / Saint-Mathieu
52065,Sherbrooke / Saint-Marc
52008,Sherbrooke / Chomedey
51950,Sherbrooke / Atwater
51952,Collège Dawson (Sherbrooke/No 3040)
56289,Sherbrooke / Wood
56285,Sherbrooke / Mount-Pleasant
56279,Sherbrooke / Kitchener
56277,Sherbrooke / Redfern
56273,Sherbrooke / Metcalfe
56266,Sherbrooke / Strathcona
56262,Sherbrooke / Lansdowne
56256,Sherbrooke / Victoria
56251,Sherbrooke / Claremont
51495,Sherbrooke / de Vendôme
51461,Sherbrooke / Décarie
51370,Décarie / Côte-Saint-Antoine
51325,Décarie / Notre-Dame-de-Grâce
51280,Décarie / Duquette
51243,Décarie / de Monkland
