61619,Station Préfontaine
61620,Hochelaga / Dézéry
61621,Saint-Germain / Sherbrooke
52768,Rachel / Midway
60629,André-Laurendeau / Rachel
60630,William-Tremblay / André-Laurendeau
60631,William-Tremblay / Molson
61095,Molson / No 4803
61096,Molson / Saint-Joseph
52188,Masson / D'Iberville
52098,D'Iberville / Dandurand
52037,D'Iberville / Holt
51902,Rosemont / des Écores
51859,Rosemont / De Lorimier
51843,Rosemont / Chabot
51820,Rosemont / Papineau
51787,Rosemont / Garnier
51754,Rosemont / De Normanville
51726,Rosemont / Christophe-Colomb
51684,Rosemont / Saint-Hubert
61653,Station Rosemont (Terminus Rosemont/De St-Vallier)
