51660,Station Rosemont
51685,Rosemont / Saint-Hubert
51728,Rosemont / Christophe-Colomb
51755,Rosemont / De Normanville
51788,Rosemont / Garnier
51822,Rosemont / Papineau
51844,Rosemont / Chabot
51861,Rosemont / De Lorimier
51903,Rosemont / des Écores
51958,Rosemont / D'Iberville
52038,D'Iberville / Holt
52099,D'Iberville / Dandurand
52214,Masson / Molson
61097,Molson / Saint-Joseph
61098,Molson / No 4801
61122,Molson / William-Tremblay
61617,William-Tremblay / André-Laurendeau
61176,André-Laurendeau / Rachel
52769,Rachel / Dézéry
61618,Sherbrooke / Préfontaine
61619,Station Préfontaine
