61175,Sauvé / Rancourt
60765,Bruchési / No 9444
60766,Irène-Joly / No 9400
51001,Saint-Michel / Legendre
51224,Saint-Michel / Robert
60767,14e Avenue / No 8383
60768,13e Avenue / No 8475
60846,Jarry / Saint-Michel
53780,Jarry / Joseph-Guibord
60769,19e Avenue / No 1505
60770,Pie-IX / No 8200
53990,François-Perrault / Michel-Ange
60771,Station Saint-Michel
60772,Saint-Michel / No 7070
60773,8e Avenue / Jean-Talon
60806,9e Avenue / No 7290
60774,Jean-Talon / No 4290
60775,Jean-Talon / No 4325
