60775,Jean-Talon / No 4325
60755,Saint-Michel / No 7070
60756,8e Avenue / Jean-Talon
60805,9e Avenue / No 7290
60757,Station Saint-Michel (Édicule Est)
60758,François-Perrault / No 7601
60759,19e Avenue / No 1505
60760,Pie-IX / No 8200
53779,Jarry / Joseph-Guibord
60845,Saint-Michel / No 8129
60761,14e Avenue / No 8383
60762,13e Avenue / No 8475
54180,Saint-Michel / Robert
51000,Saint-Michel / Legendre
60763,Irène-Joly / No 9400
60764,Bruchési / No 9444
61175,Sauvé / Rancourt
