61176,André-Laurendeau / Rachel
52769,Rachel / Dézéry
52823,Rachel / Saint-Michel
52865,Rachel / De Chambly
60785,du Mont-Royal / Moïse-Picard
52520,Saint-Michel / Saint-Joseph
60787,Lafond / Laurier
52348,Masson / Saint-Michel
52316,Masson / 9e Avenue
52294,Masson / 6e Avenue
60788,8e Avenue / Dandurand
60789,Rosemont / 8e Avenue
60790,6e Avenue / 5e Avenue
51915,Beaubien / 9e Avenue
51946,Beaubien / Saint-Michel
51983,Beaubien / 13e Avenue
60793,Beaubien / 21e Avenue
52129,Beaubien / Pie-IX
52186,Beaubien / 26e Avenue
52312,Rosemont / Pie-IX
52413,Rosemont / 28e Avenue
60781,Viau / Village Olympique
61679,de l'Assomption / No 5105
52862,Polyclinique Maisonneuve-Rosemont
60780,de l'Assomption / des Sapins
52576,Beaubien / de Pontoise
53751,Beaubien / Place Beaubien
60892,Les Galeries D'Anjou
