60892,Les Galeries D'Anjou
53752,Beaubien / Place Beaubien
52575,Beaubien / de Pontoise
52785,Hôpital Maisonneuve-Rosemont (Assomption/Sapins)
52863,Polyclinique Maisonneuve-Rosemont
61680,de l'Assomption / No 5150
61177,Viau / Village Olympique
52427,Rosemont / 29e Avenue
52310,Rosemont / Pie-IX
52168,Beaubien / 25e Avenue
52127,Beaubien / Pie-IX
60635,Beaubien / 20e Avenue
51982,Beaubien / 13e Avenue
51944,Beaubien / Saint-Michel
51914,Beaubien / 9e Avenue
61178,5e Avenue / 6e Avenue
52068,Rosemont / 8e Avenue
61179,Dandurand / 8e Avenue
52299,Masson / 7e Avenue
52317,Masson / 9e Avenue
52350,Masson / Saint-Michel
61180,Lafond / Laurier
52522,Saint-Michel / Saint-Joseph
52699,du Mont-Royal / Moïse-Picard
60783,Rachel / De Chambly
52810,Rachel / Saint-Michel
52768,Rachel / Midway
61176,André-Laurendeau / Rachel
