60970,Angrignon / No 1400
60973,Newman / Provigo
60974,Carrefour Angrignon
56918,Newman / Léger
56966,Lapierre / Leclerc
61184,Bourdeau / Melatti
56963,Shevchenko / De La Vérendrye
56973,Bishop-Power / George
57016,Édouard / 5e Avenue
57014,Édouard / 8e Avenue
57044,Bishop-Power / No 220
60978,Gamelin / Charron
60981,Gagné / Centre Lecavalier
60982,Champlain / Stationnement IGA
56917,Dollard / Champlain
56891,Dollard / Salley
56858,Dollard / David-Boyer
56836,Newman / Dollard
60986,Jean-Milot / Lafleur
56764,Jean-Milot / Louis-Fortier
60971,Jean-Milot / des Oblats
