60971,Jean-Milot / des Oblats
60972,Jean-Milot / No 9576
56834,Newman / Dollard
56873,Dollard / Saguenay
56892,Dollard / Salley
56916,Hôpital de LaSalle
60963,Centre Le Cavalier
57096,Gagné / Centre Lecavalier
60964,Gamelin / Charron
57028,Bishop-Power / No 220
57015,Édouard / 8e Avenue
57017,Édouard / 5e Avenue
56971,Bishop-Power / Champlain
56948,Shevchenko / Bouvier
61183,Melatti / Bourdeau
56965,Lapierre / Leclerc
56920,Newman / Léger
60969,Newman / Provigo
60968,Carrefour Angrignon
60970,Angrignon / No 1400
