60892,Les Galeries D'Anjou
54580,des Galeries-d'Anjou / Jean-Talon
54679,Renaude-Lapointe / Béclard
60893,Marie-Victorin / No 7130
60895,Marie-Victorin / No 7250
55317,Gouin / No 6700
55311,Gouin / No 6750
53697,Gouin / No 6880
54186,Gouin / No 7015
51220,Gouin / Ozias-Leduc
51543,Perras / Élie-Beauregard
60896,Maurice-Duplessis / Fernand-Gauthier
51907,Maurice-Duplessis / 27e Avenue
52073,Maurice-Duplessis / Alexis-Carrel
60340,Rodolphe-Forget / Maurice-Duplessis
60336,Rodolphe-Forget / Perras
60898,Rodolphe-Forget / Fernand-Forest
60899,Étienne-Brais / Résidence Rivière-des-Prairies
