60899,Étienne-Brais / Résidence Rivière-des-Prairies
60900,Rodolphe-Forget / Fernand-Forest
60901,Rodolphe-Forget / No 12420
60902,Rodolphe-Forget / No 12100
60306,Rodolphe-Forget / Maurice-Duplessis
52071,Maurice-Duplessis / Alexis-Carrel
51906,Maurice-Duplessis / 27e Avenue
53927,Maurice-Duplessis / Fernand-Gauthier
61186,Élie-Beauregard / Perras
60750,Gouin / No 7075
61115,Gouin / No 7015
55314,Gouin / No 6885
55313,Gouin / No 6755
60958,Résidence Marcel-Roy (Marie-Victorin / No 7150)
60959,Marie-Victorin / No 7250
54678,Renaude-Lapointe / Béclard
54584,des Galeries-d'Anjou / Jean-Talon
60892,Les Galeries D'Anjou
