60906,Saint-Germain / Winnipeg
53213,Sainte-Catherine / Davidson
60907,Joliette / Charles-Wilson
53236,Sainte-Catherine / Nicolet
61511,Sainte-Catherine / d'Orléans
53271,Sainte-Catherine / Pie-IX
60910,Desjardins / Adam
60911,Desjardins / La Fontaine
60912,Pie-IX / No 2120
60913,Bibliothèque Maisonneuve (Ontario/Pie-IX)
60914,Marché Maisonneuve (Ontario / Morgan)
54309,Ontario / Aird
60917,La Fontaine / Viau
53128,Hochelaga / Aird
60918,Aird / No 2600
60919,Pierre-De Coubertin / Leclaire
50107,Viau / de Marseille
53039,de l'Assomption / Sherbrooke
53131,Sherbrooke / de Granby
60942,Centre commercial Domaine
60921,Place Versailles
