60921,Place Versailles
61270,de Granby / Faribault
60952,de Granby / Centre commercial Domaine
53044,de l'Assomption / Sherbrooke
61267,Centre sportif Pierre-Charbonneau
60782,Station Viau
60923,Bennett / No 2600
53129,Hochelaga / Aird
60924,La Fontaine / No 4920
53231,Ontario / Bennett
60925,Marché Maisonneuve (Ontario / Morgan)
60926,Pie-IX / No 2120
60930,Bibiothèque Maisonneuve (Ontario/Pie-IX)
60927,De La Salle / La Fontaine
60928,De La Salle / Guimond
53269,Sainte-Catherine / Pie-IX
61512,Sainte-Catherine / d'Orléans
53235,Sainte-Catherine / Nicolet
60931,Joliette / Charles-Wilson
53211,Sainte-Catherine / Davidson
61513,Moreau / Adam
60906,Saint-Germain / Winnipeg
