60946,Place Versailles
60947,Paul-David / Cléophée-Têtu
60948,Pierre-De Coubertin / Émile-Legrand
60951,Arcand / No 3100
60952,de Granby / Centre commercial Domaine
60953,de la Pépinière / No 3200
54291,de la Pépinière / de Marseille
60954,de la Pépinière / Pierre-De Coubertin
60988,De Cadillac / Hochelaga
60955,De Cadillac / Ontario
60989,De Cadillac / Hochelaga
60956,Pierre-De Coubertin / Bossuet
60957,Dickson / de Marseille
53078,Sherbrooke / Lacordaire
53101,Station Cadillac (Sherbrooke / De Cadillac)
53004,Turenne / Bossuet
60932,De Cadillac / Rodolphe-Mathieu
