60932,De Cadillac / Rodolphe-Mathieu
60933,Du Quesne / No 6400
54017,Turenne / De Cadillac
53100,Station Cadillac (De Cadillac / Sherbrooke)
53077,Sherbrooke / Lacordaire
53139,Dickson / de Marseille
60934,Pierre-De Coubertin / No 5900
53256,De Cadillac / Hochelaga
60938,De Cadillac / Ontario
53254,De Cadillac / Hochelaga
60939,Pierre-De Coubertin / de la Pépinière
60940,de la Pépinière / de Marseille
60941,de la Pépinière / No 3165
60942,Centre commercial Domaine
60943,Arcand / No 3100
60944,Pierre-De Coubertin / Émile-Legrand
60945,Paul-David / Cléophée-Têtu
60946,Place Versailles
