61230,Station Radisson (Des Groseilliers / Sherbrooke)
53207,Sherbrooke / Place Versailles
53242,Sherbrooke / Lepailleur
54257,Station Honoré-Beaugrand / Sherbrooke
53307,Honoré-Beaugrand / de Marseille
53336,Honoré-Beaugrand / Sainte-Claire
53347,Honoré-Beaugrand / Pierre-de-Coubertin
54059,Honoré-Beaugrand / Hochelaga
53365,Hochelaga / Liébert
53369,Hochelaga / Lapointe
53380,Hochelaga / Lebrun
53388,Hochelaga / Des Ormeaux
53395,Hochelaga / Joffre
53401,Hochelaga / Pierre-Bernard
53409,Hochelaga / Taillon
53414,Hochelaga / Aubry
53416,Hochelaga / Fletcher
53423,Hochelaga / Hector
54482,Georges-V / Sainte-Claire
53349,Sherbrooke / Hector
61216,De Contrecoeur / Sherbrooke
61217,De Contrecoeur / De Grosbois
61231,De Contrecoeur / Myra-Cree
61218,De Contrecoeur / Rousseau
61219,De Contrecoeur / Anne-Courtemanche
61221,Anne-Courtemanche / Claude-Masson
61223,Claude-Masson / Anne-Courtemanche
