61223,Claude-Masson / Anne-Courtemanche
61224,Claude-Masson / Anne-Courtemanche
61225,De Contrecoeur / Rousseau
61226,De Contrecoeur / Jean-Pierre-Ronfard
61227,De Contrecoeur / De Grosbois
61228,De Contrecoeur / Sherbrooke
53350,Sherbrooke / Hector
54483,Georges-V / Sainte-Claire
61229,Georges-V / Hochelaga
53422,Hochelaga / Hector
53415,Hochelaga / Fletcher
53413,Hochelaga / Aubry
53408,Hochelaga / Taillon
53400,Hochelaga / Pierre-Bernard
53394,Hochelaga / Joffre
53386,Hochelaga / Des Ormeaux
53379,Hochelaga / Lebrun
53368,Hochelaga / Lapointe
53364,Hochelaga / Liébert
53361,Honoré-Beaugrand / Hochelaga
53346,Honoré-Beaugrand / Pierre-de-Coubertin
53335,Honoré-Beaugrand / Sainte-Claire
53306,Honoré-Beaugrand / de Marseille
53293,Honoré-Beaugrand / Roux
53755,Station Honoré-Beaugrand / Terminus Nord
53241,Sherbrooke / Lepailleur
53206,Sherbrooke / du Trianon
61230,Station Radisson (Des Groseilliers / Sherbrooke)
