61034,des Riverains / Bombardier
54518,Bombardier / des Galeries-d'Anjou
54532,des Galeries-d'Anjou / de l'Alsace
54551,des Galeries-d'Anjou / Jarry
54584,des Galeries-d'Anjou / Jean-Talon
60892,Les Galeries D'Anjou
54595,des Galeries-d'Anjou / Bélanger
54603,des Galeries-d'Anjou / Saint-Zotique
61040,des Galeries d'Anjou / No 6923
61041,des Galeries-d'Anjou / No 7001
61036,des Roseraies / Beaubien
61510,Yves-Prévost / Joseph-Renaud
54646,Joseph-Renaud / Châtillon
54629,Joseph-Renaud / Wilfrid-Pelletier
61031,Chaumont / Guy
54737,de La Vérendrye / Rondeau
61045,Rondeau / No 7501
54614,Châteauneuf / de Fougeray
54604,Châteauneuf / Boreau
61509,Centre communautaire d'Anjou
