61509,Centre communautaire d'Anjou
54601,Châteauneuf / Goncourt
54606,Châteauneuf / Joseph-Renaud
54621,Châteauneuf / de Fougeray
54639,Châteauneuf / Rondeau
54735,Rondeau / De La Vérendrye
54740,Chaumont / Guy
59343,Chaumont / Des Ormeaux
54647,Joseph-Renaud / Châtillon
54662,Joseph-Renaud / Yves-Prévost
54625,Beaubien / des Roseraies
61038,des Galeries d'Anjou / No 6923
61039,des Galeries-d'Anjou / No 7001
54594,des Galeries-d'Anjou / Bélanger
61043,Les Galeries D'Anjou / près du Bâton Rouge
54580,des Galeries-d'Anjou / Jean-Talon
54549,des Galeries-d'Anjou / Jarry
54533,des Galeries-d'Anjou / de l'Alsace
61596,des Galeries d'Anjou / Bombardier
61034,des Riverains / Bombardier
