61061,Mackle / No 7500
61062,Caldwell / No 5789
61063,Caldwell / Mackle
61064,Mackle / Cavendish (Mail Cavendish)
61065,Cavendish / Mackle
61066,Cavendish / Collins
61067,Cavendish / Louis-Pasteur
56419,Cavendish / L'Avenue
56400,Cavendish / Heywood
56409,Côte-Saint-Luc / Rosedale
61068,Centre Côte-Saint-Luc (Côte-St-Luc/Coronation)
61069,Ashdale / Earle
61070,Baily / Trent
61071,Kingsley / Sunnybrooke
61072,Westminster / Côte-Saint-Luc
56437,Westminster / Parkside
56443,Westminster / Milner
60968,Carrefour Angrignon
