60968,Carrefour Angrignon
56442,Sherbrooke / Westminster
56436,Westminster / Parkside
56423,Westminster / Côte-Saint-Luc
61050,Sunnybrooke / Kingsley
61051,Trent / Baily
61052,Ashdale / Earle
61053,Centre Côte-Saint-Luc (Côte-St-Luc/Coronation)
61054,King-Edward / Côte-Saint-Luc
56392,Cavendish / Kildare
56427,Cavendish / L'Avenue
61055,Cavendish / Mackle
61056,Cavendish / Collins
61057,Cavendish / Louis-Pasteur
61058,Cavendish / Mackle (Mail Cavendish)
61059,Caldwell / No 5789
56341,Caldwell / Mackle
61061,Mackle / No 7500
