61073,du Bois-de-Boulogne / Arthur-Lismer
61094,du Bois-de-Boulogne / Émilien-Daoust
58614,Henri-Bourassa / du Bois-de-Boulogne
50251,Aréna Marcelin-Wilson (de l'Acadie/C.-Gill)
50246,de l'Acadie / Dudemaine
61506,CLSC de Bordeaux-Cartierville
50224,Valmont / Viel
50225,De Salaberry / Taylor
61076,Galeries Normandie
61077,Dépatie / Sainte-Odile
53800,Hôpital du Sacré-Coeur (Gouin / Fréchette)
61078,du Bocage / de la Miséricorde
61079,Gouin / Ranger
61080,Cousineau / Laurin
61081,Laurentien / Émile-Nelligan
61082,Laurentien / No 12260
50168,De Salaberry / Lachapelle
50184,Grenet / de Louisbourg
55491,Grenet / Cambridge
55505,Grenet / Poirier
55532,Grenet / Deguire
55551,Thimens / Marcel-Laurin
60195,Thimens / Alexis-Nihon
55797,Thimens / Todd
61084,Cavendish / Thimens
