61084,Cavendish / Thimens
55798,Thimens / Todd
55927,Thimens / Alexis-Nihon
61248,Marcel-Laurin / No 1515
55496,Marcel-Laurin / Poirier
55909,Marcel-Laurin / Galeries Saint-Laurent
50182,de Louisbourg / Ranger
50167,De Salaberry / Lachapelle
60707,Laurentien / No 12245
50142,Gouin / Cousineau
61085,Cousineau / Laurin
61086,Gouin / Grenet
61087,du Bocage / de la Miséricorde
50160,Hôpital du Sacré-Coeur (Gouin/No 5400)
61088,Sainte-Odile / Dépatie
61089,Galeries Normandie
50226,De Salaberry / Taylor
61092,Valmont / Viel
61507,CLSC de Bordeaux-Cartierville
50249,de l'Acadie / Dudemaine
50252,de l'Acadie / Charles-Gill
61508,Henri-Bourassa / du Bois-de-Boulogne
61093,du Bois-de-Boulogne / Émilien-Daoust
61073,du Bois-de-Boulogne / Arthur-Lismer
