51973,Station Laurier Sud (Berri / Gilford)
52002,Saint-Joseph / de Mentana
52019,Saint-Joseph / Christophe-Colomb
52041,Saint-Joseph / De La Roche
52081,Saint-Joseph / De Lanaudière
52112,Saint-Joseph / Fabre
52145,Saint-Joseph / Papineau
52180,Saint-Joseph / Chabot
52223,Saint-Joseph / De Lorimier
52257,Saint-Joseph / Parthenais
52295,Saint-Joseph / Fullum
52346,Saint-Joseph / D'Iberville
53765,Saint-Joseph / Molson
52421,Saint-Joseph / 3e Avenue
52449,Saint-Joseph / 6e Avenue
52481,Saint-Joseph / Henri-Valade
52523,Saint-Joseph / Saint-Michel
52568,Saint-Joseph / No 3444
50106,Saint-Joseph / No 3500
52644,Saint-Joseph / Bourbonnière
54097,Charlemagne / Saint-Joseph
52579,Laurier / Jeanne-d'Arc
