52579,Laurier / Jeanne-d'Arc
54098,Pie-IX / Saint-Joseph
52643,Saint-Joseph / Bourbonnière
53749,Saint-Joseph / No 3500
54099,Saint-Joseph / 13e Avenue
52521,Saint-Joseph / Saint-Michel
52480,Saint-Joseph / 9e Avenue
52448,Saint-Joseph / 6e Avenue
52420,Saint-Joseph / 3e Avenue
52372,Saint-Joseph / Chassé
52344,Saint-Joseph / D'Iberville
54266,Saint-Joseph / Messier
52258,Saint-Joseph / Parthenais
52221,Saint-Joseph / De Lorimier
52179,Saint-Joseph / Chabot
52143,Saint-Joseph / Papineau
52111,Saint-Joseph / Fabre
52080,Saint-Joseph / De Lanaudière
52040,Saint-Joseph / De La Roche
52017,Saint-Joseph / Christophe-Colomb
52001,Saint-Joseph / de Mentana
60366,Station Laurier (Berri / Saint-Joseph)
