53467,La Fontaine / Georges-Bizet
53485,Liébert / Notre-Dame
53489,Notre-Dame / Georges-Bizet
53498,Honoré-Beaugrand / Notre-Dame
53453,Honoré-Beaugrand / La Fontaine
53417,Honoré-Beaugrand / Ontario
53397,Honoré-Beaugrand / Tellier
53685,Honoré-Beaugrand / Dubuisson
53359,Honoré-Beaugrand / Hochelaga
53361,Honoré-Beaugrand / Hochelaga
53346,Honoré-Beaugrand / Pierre-de-Coubertin
53335,Honoré-Beaugrand / Sainte-Claire
53306,Honoré-Beaugrand / de Marseille
53293,Honoré-Beaugrand / Roux
53251,Station Honoré-Beaugrand / Sherbrooke
53755,Station Honoré-Beaugrand / Terminus Nord
53994,Honoré-Beaugrand / Fonteneau
61030,Chénier / Honoré-Beaugrand
54663,Chénier / du Bois-de-Coulonge
54698,du Bois-de-Coulonge / Yves-Prévost
54655,Goncourt / de la Seine
54643,Goncourt / Villars
54627,Goncourt / Wilfrid-Pelletier
54631,Wilfrid-Pelletier / Joseph-Renaud
54636,Wilfrid-Pelletier / de la Loire
54644,Wilfrid-Pelletier / Roi-René
54640,Roi-René / Georges
54619,Roi-René / Châteauneuf
54599,Jarry / Ray-Lawson
60471,Jarry / Parkway
54590,Jarry / Edison
54585,Jarry / Claveau
54703,Claveau / No 9100
54701,Grenache / Claveau
54573,Grenache / Edison
54575,Grenache / Parkway
54588,Grenache / Ray-Lawson
54567,Ray-Lawson / Ernest-Cormier
54557,Jules-Léger / Ray-Lawson
54541,Jules-Léger / Parkway
54706,Parkway / No 10600
54707,Parkway / No 10700
54704,Parkway / Jean-René-Ouimet
54521,Jean-René-Ouimet / Secant
54530,Secant / Larrey
54688,Larrey / L.-J.-Forget
54708,Centre de transport Anjou
