54708,Centre de transport Anjou
54709,Centre de transport Anjou
54531,Larrey / Secant
54705,Jean-René-Ouimet / Parkway
54725,Parkway / No 10800
54727,Parkway / No 10700
54726,Parkway / No 10600
54542,Jules-Léger / Parkway
54556,Jules-Léger / Ray-Lawson
54568,Ray-Lawson / Ernest-Cormier
54587,Ray-Lawson / Grenache
54574,Grenache / Parkway
54572,Grenache / Edison
54702,Claveau / Grenache
54700,Claveau / No 9100
54579,Claveau / Jarry
54591,Jarry / Edison
54592,Jarry / Parkway
54598,Jarry / Ray-Lawson
54620,Roi-René / Châteauneuf
54641,Roi-René / Georges
54645,Wilfrid-Pelletier / Roi-René
54637,Wilfrid-Pelletier / de la Loire
54632,Wilfrid-Pelletier / Joseph-Renaud
54628,Goncourt / Wilfrid-Pelletier
54642,Goncourt / Villars
54699,Goncourt / Yves-Prévost
54660,du Bois-de-Coulonge / du Curé-Clermont
54664,du Bois-de-Coulonge / Chénier
53996,Chénier / Honoré-Beaugrand
53995,Honoré-Beaugrand / Fonteneau
53756,Station Honoré-Beaugrand / Terminus Nord
53276,Station Honoré-Beaugrand / Gustave-Bleau
53307,Honoré-Beaugrand / de Marseille
53336,Honoré-Beaugrand / Sainte-Claire
53347,Honoré-Beaugrand / Pierre-de-Coubertin
53360,Honoré-Beaugrand / Hochelaga
53374,Honoré-Beaugrand / Souligny
53398,Honoré-Beaugrand / Tellier
53418,Honoré-Beaugrand / Ontario
53454,Honoré-Beaugrand / La Fontaine
53467,La Fontaine / Georges-Bizet
