54140,Saint-Urbain / Roy
52291,Saint-Laurent / Roy
52226,Saint-Laurent / Napoléon
52172,Saint-Laurent / Duluth
52103,Saint-Laurent / Rachel
52152,Rachel / de l'Hôtel-de-Ville
52208,Rachel / Saint-Denis
52261,Rachel / Saint-Hubert
52297,Rachel / de Mentana
52355,Rachel / De La Roche
52404,Rachel / Calixa-Lavallée
52436,Rachel / Fabre
52477,Rachel / Papineau
52526,Rachel / de Bordeaux
52564,Rachel / De Lorimier
52614,Rachel / Parthenais
52640,Rachel / Fullum
52688,Rachel / D'Iberville
52764,D'Iberville / Sherbrooke
52858,Hochelaga / Frontenac
52877,Parc Médéric-Martin (Hochelaga / Gascon)
52889,Hochelaga / Hogan
53750,Hochelaga / Florian
52967,Station Préfontaine Sud (Hochelaga / Moreau)
53000,Hochelaga / Saint-Germain
53012,Hochelaga / Davidson
53021,Aylwin / Hochelaga
53076,Aylwin / de Rouen
53068,Davidson / de Rouen
53114,Davidson / Ontario
53145,Davidson / La Fontaine
53179,Davidson / Adam
53212,Davidson / Sainte-Catherine
53227,Sainte-Catherine / Aylwin
53194,Joliette / Adam
53163,Joliette / La Fontaine
53127,Joliette / Ontario
53084,Joliette / de Rouen
53035,Station Joliette / (Joliette / Hochelaga)
