53035,Station Joliette / (Joliette / Hochelaga)
53011,Hochelaga / Davidson
52999,Hochelaga / Saint-Germain
52966,Station Préfontaine Nord (Hochelaga / Moreau)
52917,Hochelaga / Wurtele
52888,Hochelaga / Hogan
52878,Hochelaga / du Havre
52770,Frontenac / Sherbrooke
52715,Rachel / Frontenac
52639,Rachel / Fullum
52613,Rachel / Messier
52562,Rachel / De Lorimier
52525,Rachel / Dorion
61023,Rachel / Émile-Duployé
52435,Rachel / Fabre
52403,Rachel / De Lanaudière
52354,Rachel / De La Roche
52296,Rachel / de Mentana
52260,Rachel / Saint-Hubert
52206,Rachel / Saint-Denis
52151,Rachel / de l'Hôtel-de-Ville
52104,Rachel / Saint-Laurent
52076,Saint-Urbain / Rachel
52139,Saint-Urbain / Duluth
52211,Hôpital Hôtel-Dieu (St-Urbain / St-Cuthbert)
54140,Saint-Urbain / Roy
