60614,Amherst / Viger
60615,Viger / Saint-Hubert
52904,Berri / René-Lévesque
61153,Station Berri-UQAM
52791,Station Berri-UQAM (Berri / De Maisonneuve)
52662,Berri / Ontario
52585,Berri / Sherbrooke
52506,Station Sherbrooke Est (Berri / Cherrier)
52390,Roy / Rivard
52287,Saint-Denis / Duluth
52205,Saint-Denis / Rachel
52135,Saint-Denis / Marie-Anne
52054,Station Mont-Royal (Saint-Denis / du Mont-Royal)
52010,Saint-Denis / De Bienville
51918,Saint-Denis / Saint-Joseph
51862,Station Laurier Nord (Saint-Denis / Laurier)
51815,Saint-Denis / Boucher
51782,Saint-Denis / du Carmel
51646,Station Rosemont (Saint-Denis / Rosemont)
51686,Saint-Hubert / Rosemont
51607,Saint-Hubert / de Bellechasse
51549,Saint-Hubert / Beaubien
51474,Saint-Hubert / Saint-Zotique
51401,Saint-Hubert / Bélanger
51335,Station Jean-Talon Est / Saint-Hubert
51297,Saint-Hubert / De Castelnau
51239,Saint-Hubert / Faillon
51172,Saint-Hubert / Villeray
51097,Saint-Hubert / Gounod
51044,Saint-Hubert / Jarry
50995,Saint-Hubert / Mistral
50948,Saint-Hubert / Leman
50908,Saint-Hubert / de Liège
50856,Saint-Hubert / Crémazie sud
50861,Saint-Hubert / Crémazie nord
50707,Saint-Hubert / Émile-Journault
50644,Collège Ahuntsic (St-Hubert / Legendre)
50585,Saint-Hubert / Chabanel
50535,Saint-Hubert / de Louvain
50466,Saint-Hubert / Sauvé
50420,Saint-Hubert / Sauriol
50383,Saint-Hubert / Fleury
50344,Saint-Hubert / Prieur
54126,Saint-Hubert / Henri-Bourassa
54127,Station Henri-Bourassa (descente)
