53827,Station Henri-Bourassa / Terminus
50318,Saint-Hubert / Henri-Bourassa
50345,Saint-Hubert / Prieur
50385,Saint-Hubert / Fleury
50421,Saint-Hubert / Sauriol
50468,Saint-Hubert / Sauvé
50537,Saint-Hubert / de Louvain
50586,Saint-Hubert / Chabanel
50645,Saint-Hubert / Legendre
50709,Saint-Hubert / Émile-Journault
50858,Saint-Hubert / Crémazie sud
50862,Saint-Hubert / Crémazie nord
50909,Saint-Hubert / de Liège
50949,Saint-Hubert / Leman
50996,Saint-Hubert / Mistral
51042,Saint-Hubert / Jarry
51098,Saint-Hubert / Gounod
53781,De Chateaubriand / Villeray
53782,De Chateaubriand / Faillon
51289,De Chateaubriand / De Castelnau
51331,Station Jean-Talon Sud / De Chateaubriand
51389,De Chateaubriand / Bélanger
51459,De Chateaubriand / Saint-Zotique
51533,Station Beaubien (de Chateaubriand / Beaubien)
51595,De Chateaubriand / de Bellechasse
51672,Station Rosemont (De Châteaubriand / Rosemont)
51649,Station Rosemont (Saint-Denis / Rosemont)
51761,Saint-Denis / du Carmel
51816,Saint-Denis / Boucher
51864,Station Laurier Nord (Saint-Denis / Laurier)
51920,Saint-Denis / Saint-Joseph
52011,Saint-Denis / Gilford
52056,Station Mont-Royal (Saint-Denis / du Mont-Royal)
52136,Saint-Denis / Marie-Anne
52207,Saint-Denis / Rachel
52288,Saint-Denis / Duluth
52422,Saint-Denis / des Pins
52507,Station Sherbrooke Ouest (Cherrier / Berri)
52665,Berri / Ontario
52793,Station Berri-UQAM (Berri / de Maisonneuve)
52844,Station Berri-UQAM (Berri / Sainte-Catherine)
52906,Berri / René-Lévesque
52977,Berri / Viger
60613,Saint-Antoine / Saint-Hubert
60614,Amherst / Viger
