54179,Station Rosemont / Terminus
51573,Saint-Denis / de Bellechasse
51508,Station Beaubien (Saint-Denis / Beaubien)
51438,Saint-Denis / Saint-Zotique
51361,Saint-Denis / Bélanger
51310,Saint-Denis / Jean-Talon
51264,Saint-Denis / De Castelnau
51196,Saint-Denis / Faillon
51130,Saint-Denis / Villeray
51052,Saint-Denis / Gounod
50979,Station Jarry (Saint-Denis / Jarry)
50914,Saint-Denis / Guizot
50840,Saint-Denis / de Liège
50756,Saint-Denis / Crémazie
50793,Station Crémazie Nord (Lajeunesse / Crémazie)
50678,Lajeunesse / Émile-Journault
50615,Lajeunesse / Legendre
50559,Lajeunesse / Chabanel
53760,Lajeunesse / de Louvain
50441,Station Sauvé Sud (Lajeunesse / Sauvé)
50402,Lajeunesse / Sauriol
50360,Lajeunesse / Fleury
50334,Lajeunesse / Prieur
50305,Station Henri-Bourassa / Lajeunesse (descente)
50314,Station Henri-Bourassa (Millen / Henri-Bourassa)
