50314,Station Henri-Bourassa (Millen / Henri-Bourassa)
54169,Berri / Gouin
50304,Station Henri-Bourassa Ouest / Berri
50332,Berri / Prieur
50358,Berri / Fleury
50394,Berri / Sauriol
54037,Station Sauvé Sud (Sauvé / Berri)
50474,Berri / No 9592
50501,Berri / de Louvain
50551,Berri / Chabanel
50601,Berri / Legendre
50672,Berri / Émile-Journault
50768,Station Crémazie Nord (Berri / Crémazie)
50758,Station Crémazie Sud (Saint-Denis / Crémazie)
50842,Saint-Denis / de Liège
50915,Saint-Denis / Guizot
50981,Station Jarry (Saint-Denis / Jarry)
51053,Saint-Denis / Gounod
51131,Saint-Denis / Villeray
51197,Saint-Denis / Faillon
51265,Saint-Denis / De Castelnau
51312,Station Jean-Talon Nord / Saint-Denis
51363,Saint-Denis / Bélanger
51439,Saint-Denis / Saint-Zotique
51510,Saint-Denis / Beaubien
51574,Saint-Denis / de Bellechasse
51649,Station Rosemont (Saint-Denis / Rosemont)
54168,Saint-Denis / No 5675
61653,Station Rosemont (Terminus Rosemont/De St-Vallier)
