53375,Rougemont / Notre-Dame
53358,La Fontaine / De Cadillac
53341,De Cadillac / Ontario
53282,De Cadillac / de Toulouse
53254,De Cadillac / Hochelaga
53219,De Cadillac / Pierre-De Coubertin
53174,De Cadillac / de Marseille
53142,De Cadillac / Chauveau
53098,Station Cadillac (de Cadillac / Sherbrooke)
53055,De Cadillac / De Jumonville
53004,Turenne / Bossuet
52990,Turenne / Lacordaire
52928,Lacordaire / Gérin-Lajoie
52866,Lacordaire / Pierre-Bédard
52775,Dickson / Rosemont
52600,Lacordaire / Beaubien
52461,Lacordaire / Saint-Zotique
52339,Lacordaire / Bélanger
54987,Lacordaire / Bourdaloue
54968,Lacordaire / Jean-Talon
54939,Lacordaire / Paimpol
55021,Lacordaire / Métropolitain
54905,Lacordaire / Jarry
54878,Lacordaire / des Galets
54870,Lacordaire / Robert
54856,Lacordaire / Paul-Sauvé
54850,Lacordaire / Lafourcade
54832,Lacordaire / Lavoisier
54814,Lacordaire / Honoré-Mercier
54794,Lacordaire / Couture
54771,Lacordaire / des Grandes-Prairies
61547,Gare Saint-Léonard-Montréal-Nord
55283,Lacordaire / Industriel
55280,Lacordaire / de Charleroi
55269,Lacordaire / d'Amos
55245,CLSC de Montréal-Nord (Lacordaire / Renoir)
55221,Lacordaire / Crevier
55209,Lacordaire / Maurice-Duplessis
55197,Lacordaire / Claude
55186,Lacordaire / Arthur-Chevrier
55166,Lacordaire / Léger
