55166,Lacordaire / Léger
55138,Lacordaire / Joseph-Dufresne
55131,Napoléon-Bédard / Lacordaire
55139,Lacordaire / Joseph-Dufresne
55168,Lacordaire / Léger
55187,Lacordaire / Arthur-Chevrier
55198,Lacordaire / Claude
55210,Lacordaire / Maurice-Duplessis
55230,Lacordaire / des Iris
55256,Lacordaire / Henri-Bourassa
55270,Lacordaire / d'Amos
55279,Lacordaire / de Charleroi
55284,Lacordaire / Industriel
61546,Gare Saint-Léonard-Montréal-Nord
54773,Lacordaire / des Grandes-Prairies
54796,Lacordaire / Couture
54815,Lacordaire / Honoré-Mercier
54834,Lacordaire / Lavoisier
54851,Lacordaire / Lafourcade
54857,Lacordaire / Jobin
54872,Lacordaire / Robert
54879,Lacordaire / des Galets
54903,Lacordaire / Jarry
54920,Lacordaire / Métropolitain
54940,Lacordaire / Paimpol
54970,Lacordaire / Jean-Talon
54988,Lacordaire / Bourdaloue
52341,Lacordaire / Bélanger
52462,Lacordaire / Saint-Zotique
52602,Lacordaire / Beaubien
52777,Lacordaire / Rosemont
52867,Pierre-Bédard / Lacordaire
52929,Lacordaire / Gérin-Lajoie
52998,Turenne / Louis-Veuillot
54017,Turenne / De Cadillac
53056,De Cadillac / De Jumonville
53100,Station Cadillac (De Cadillac / Sherbrooke)
53143,De Cadillac / Chauveau
53175,De Cadillac / de Marseille
53220,De Cadillac / Pierre-De Coubertin
53256,De Cadillac / Hochelaga
53283,De Cadillac / de Toulouse
53342,De Cadillac / Ontario
53357,De Cadillac / La Fontaine
53377,De Cadillac / Notre-Dame
53375,Rougemont / Notre-Dame
