53436,Émile-Legrand / Notre-Dame
53431,Notre-Dame / Haig
53391,Haig / La Fontaine
53370,Haig / Ontario
53353,Haig / No 2105
53321,Haig / Hochelaga
53281,Pierre-De Coubertin / Arcand
53267,Pierre-De Coubertin / Langelier
53214,Langelier / de Marseille
54174,Station Langelier (Langelier / Sherbrooke)
53096,Langelier / Senneville
53057,Langelier / De Renty
53005,Langelier / Chauvin
52938,Langelier / Rosemont
52837,Langelier / Ernest-Lavigne
52748,Langelier / Beaubien
52657,Langelier / Michel-Bouvier
52489,Langelier / Bélanger
54999,Langelier / De Lotbinière
54996,Langelier / Dumesnil
54991,Langelier / Jean-Talon
54979,Langelier / Métropolitain (coin sud-est)
55024,Langelier / Métropolitain (coin nord-est)
54958,Langelier / Jarry
54937,Langelier / De Blainville
54922,Langelier / Robert
54910,Langelier / P.-E.-Lamarche
54896,Langelier / Belherbe
54886,Langelier / Bombardier
54881,Langelier / Lacoursière
54861,Langelier / Lavoisier
54836,Langelier / Couture
54816,Langelier / des Grandes-Prairies
55018,des Grandes-Prairies / No 6363
55019,des Grandes-Prairies / No 6205
54792,des Grandes-Prairies / du Prado
54772,des Grandes-Prairies / Lacordaire
55283,Lacordaire / Industriel
55280,Lacordaire / de Charleroi
55269,Lacordaire / d'Amos
55254,Lacordaire / Henri-Bourassa
55278,Henri-Bourassa / Désy
59461,Henri-Bourassa / No 6100
55294,Henri-Bourassa / Rolland
55301,Henri-Bourassa / Valade
55306,Langelier / Renoir
55302,Langelier / Dijon
55296,Langelier / Marie-Victorin
55285,Langelier / Maurice-Duplessis
55272,Langelier / Arthur-Chevrier
55315,Langelier / Léger
60386,Langelier / Léger
55218,Langelier / Allard
55317,Gouin / No 6700
55311,Gouin / No 6750
53697,Gouin / No 6880
54186,Gouin / No 7015
51220,Gouin / Ozias-Leduc
54281,Ozias-Leduc / Paul-Letondal
54138,Ozias-Leduc / Perras
