51238,Ozias-Leduc / Paul-Letondal
51219,Ozias-Leduc / Gouin
61115,Gouin / No 7015
55314,Gouin / No 6885
55313,Gouin / No 6755
55217,Langelier / Allard
55234,Langelier / Léger
55243,Langelier / Villeneuve
55273,Langelier / Arthur-Chevrier
55287,Langelier / Maurice-Duplessis
55298,Langelier / Marie-Victorin
55303,Langelier / Dijon
55304,Langelier / Renoir
55312,Henri-Bourassa / No 6475
55300,Henri-Bourassa / Valade
55292,Henri-Bourassa / Rolland
59462,Henri-Bourassa / No 6085
55277,Henri-Bourassa / Désy
55258,Lacordaire / Henri-Bourassa
55270,Lacordaire / d'Amos
55279,Lacordaire / de Charleroi
55284,Lacordaire / Industriel
54775,des Grandes-Prairies / Lacordaire
54793,des Grandes-Prairies / du Prado
55020,des Grandes-Prairies / No 6150
55027,des Grandes-Prairies / Langelier
55022,Langelier / No 9300
54837,Langelier / Couture
54862,Langelier / Lavoisier
54880,Langelier / Lacoursière
54888,Langelier / Bombardier
54897,Langelier / Belherbe
54911,Langelier / P.-E.-Lamarche
54923,Langelier / Robert
54938,Langelier / De Blainville
54956,Langelier / Jarry
54980,Langelier / Métropolitain (coin nord-ouest)
55025,Langelier / Métropolitain (coin sud-ouest)
54993,Langelier / Jean-Talon
54997,Langelier / Dumesnil
55000,Langelier / De Lotbinière
52491,Langelier / Bélanger
52658,Langelier / Michel-Bouvier
52750,Langelier / Beaubien
52838,Langelier / Ernest-Lavigne
52939,Langelier / Rosemont
53006,Langelier / Chauvin
53066,Langelier / De Renty
53097,Langelier / Senneville
53153,Station Langelier (Langelier / Sherbrooke)
53215,Langelier / de Marseille
53268,Pierre-De Coubertin / Parkville
53284,Pierre-De Coubertin / Haig
53319,Haig / Hochelaga
53844,Haig / No 2105
53371,Haig / Ontario
53392,Haig / La Fontaine
53432,Haig / Notre-Dame
53440,Notre-Dame / Beauclerk
53921,Notre-Dame / des Futailles
53479,Notre-Dame / Caty
60692,Notre-Dame / Hector-Barsalou
54311,Hector-Barsalou / De Boucherville
