54188,Station Papineau (Dorion / Sainte-Catherine)
53065,Sainte-Catherine / De Lorimier
53079,Sainte-Catherine / Parthenais
53094,Sainte-Catherine / Fullum
53110,Sainte-Catherine / Dufresne
53119,Sainte-Catherine / D'Iberville
53137,Sainte-Catherine / du Havre
53172,Sainte-Catherine / Alphonse-D.-Roy
53181,Sainte-Catherine / Moreau
53193,Sainte-Catherine / Dézéry
53213,Sainte-Catherine / Davidson
53227,Sainte-Catherine / Aylwin
53236,Sainte-Catherine / Nicolet
53244,Sainte-Catherine / Bourbonnière
53259,Sainte-Catherine / Jeanne-d'Arc
53271,Sainte-Catherine / Pie-IX
53286,Sainte-Catherine / Letourneux
53299,Sainte-Catherine / William-David
53310,Sainte-Catherine / Aird
53325,Sainte-Catherine / Leclaire
53331,Sainte-Catherine / Saint-Clément
53343,Sainte-Catherine / Vimont
53354,Sainte-Catherine / Notre-Dame
53348,Notre-Dame / Viau
53333,Viau / Sainte-Catherine
53317,Viau / Adam
53295,Viau / La Fontaine
53274,Viau / Ontario
53223,Viau / de Rouen
53166,Viau / Hochelaga
53753,Station Viau
