53753,Station Viau
53117,Pierre-De Coubertin / Viau
61588,Viau / Hochelaga
61589,Viau / de Rouen
61590,Viau / Ontario
61591,Viau / La Fontaine
61592,Viau / Adam
61593,Viau / Sainte-Catherine
53324,Sainte-Catherine / Leclaire
53309,Sainte-Catherine / Aird
53298,Sainte-Catherine / William-David
53285,Sainte-Catherine / Letourneux
53269,Sainte-Catherine / Pie-IX
53243,Sainte-Catherine / Bourbonnière
53235,Sainte-Catherine / Nicolet
53226,Sainte-Catherine / Joliette
53211,Sainte-Catherine / Davidson
53192,Sainte-Catherine / Dézéry
53180,Sainte-Catherine / Moreau
53171,Sainte-Catherine / Alphonse-D.-Roy
54003,Sainte-Catherine / Frontenac
53104,De Maisonneuve / D'Iberville
53090,De Maisonneuve / Dufresne
53074,De Maisonneuve / Fullum
53062,De Maisonneuve / Parthenais
53046,De Maisonneuve / De Lorimier
54188,Station Papineau (Dorion / Sainte-Catherine)
