53016,Station Frontenac (du Havre / Ontario)
53075,du Havre / La Fontaine
53112,du Havre / De Maisonneuve
53031,René-Lévesque / Panet
52980,René-Lévesque / Amherst
52954,René-Lévesque / Saint-André
52930,René-Lévesque / Saint-Hubert
52905,René-Lévesque / Berri
52881,René-Lévesque / Saint-Denis
52834,René-Lévesque / de l'Hôtel-de-Ville
52783,René-Lévesque / Clark
52745,René-Lévesque / Saint-Urbain
52697,René-Lévesque / Jeanne-Mance
52625,Place du Frère-André
52587,René-Lévesque / Robert-Bourassa
52529,René-Lévesque / Mansfield
52483,Square Dorchester (René-Lévesque / Peel)
52463,René-Lévesque / Stanley
52416,René-Lévesque / de la Montagne
52373,René-Lévesque / Bishop
52327,René-Lévesque / Guy
52284,René-Lévesque / Saint-Mathieu
52198,René-Lévesque / Seymour
52149,René-Lévesque / du Sussex
60238,Station Atwater (Tupper / Atwater)
52086,Atwater / Dorchester
56304,Atwater / Saint-Antoine
61335,Station Lionel-Groulx / Atwater
52245,Atwater / Notre-Dame
52289,Marché Atwater (Atwater / Sainte-Émilie)
56604,Henri-Duhamel / de Verdun
56709,LaSalle / Caisse
56625,LaSalle / Victor
56637,Wellington / Hickson
56635,Wellington / de l'Église
56611,de l'Église / Gertrude
56588,de Verdun / Galt
56686,Station Verdun (de Verdun / Willibrord)
56586,de Verdun / 2e Avenue
56585,de Verdun / 4e Avenue
56582,de Verdun / Desmarchais
56578,de Verdun / Woodland
56547,Woodland / Bannantyne
56526,Woodland / Champlain
56531,Champlain / Desmarchais
56533,Champlain / 5e Avenue
54100,Jolicoeur / Drake
52049,Jolicoeur / Angers
51961,Jolicoeur / Laurendeau
51899,Jolicoeur / Eadie
51836,Jolicoeur / Hadley
51801,Monk / Springland
53859,Station Monk (Monk / Allard)
51857,Monk / Raudot
51887,Monk / De La Vérendrye
51785,des Trinitaires / D'Aragon
51687,des Trinitaires / Jogues
51611,des Trinitaires / Lamont
54107,Station Angrignon / Terminus
57060,Carrefour Angrignon
56950,Newman / Guy-Bouchard
56943,Newman / Senkus
56921,Léger / Newman
56856,Cordner / Lapierre
57033,Lapierre / Cordner
56830,Lapierre / Saint-Patrick
57090,Centre de transport LaSalle (St-Patrick/No 7070)
56831,Saint-Patrick / Lapierre
57034,Lapierre / Cordner
56857,Cordner / Lapierre
57036,Cordner / Léger
56919,Léger / Newman
57045,Newman / No 7475
56899,Newman / Lapierre
56885,Newman / No 7721
56880,Newman / Thierry
56862,Newman / Lise
60246,Shevchenko / Newman
56869,Shevchenko / David-Boyer
56890,Shevchenko / Lemieux
56913,Shevchenko / Robert
56924,Shevchenko / Jean-Brillon
57043,Shevchenko / Jean-Chevalier
56949,Shevchenko / Bouvier
56963,Shevchenko / De La Vérendrye
56973,Bishop-Power / George
56981,George / 11e Avenue
56976,George / Gagné
60242,George / Albert-Couture
56962,Raymond / Lévis-Sauvé
57027,Raymond / Mongeau
56975,Centrale / Raymond
56957,Centrale / 31e Avenue
56952,Centrale / 35e Avenue
56936,Centrale / 40e Avenue
56926,Centrale / 43e Avenue
56910,Centrale / 63e Avenue
56882,Centrale / 66e Avenue
56876,67e Avenue / LaSalle
56872,LaSalle / No 8912
57099,75e Avenue / LaSalle
57053,Centrale / 76e Avenue
56823,Centrale / Duquette
56814,Centrale / Cavelier-De LaSalle
56792,Centrale / 90e Avenue
57064,LaSalle / Orchard
56765,LaSalle / Lafleur
56768,Lafleur / Chatelle
56759,Terminus Lafleur / Newman
