56759,Terminus Lafleur / Newman
56769,Lafleur / Centrale
56766,LaSalle / Lafleur
56774,LaSalle / Orchard
56791,90e Avenue / Centrale
56813,Centrale / Cavelier-De LaSalle
56824,Centrale / Duquette
56725,Centrale / Terrasse Centrale
57098,75e Avenue / LaSalle
56870,LaSalle / No 8912
56871,68e Avenue / LaSalle
57093,68e Avenue / Centrale
56883,Centrale / 66e Avenue
56911,Centrale / 63e Avenue
56927,Centrale / 43e Avenue
56937,Centrale / 40e Avenue
56954,Centrale / 35e Avenue
56958,Centrale / 31e Avenue
57026,Raymond / Mongeau
56961,Raymond / Lévis-Sauvé
56967,George / Gamelin
56977,George / Gagné
56971,Bishop-Power / Champlain
56964,Shevchenko / De La Vérendrye
56948,Shevchenko / Bouvier
56728,Shevchenko / Jean-Chevalier
56922,Shevchenko / Jean-Brillon
56912,Shevchenko / Robert
56884,Shevchenko / Lefebvre
56868,Shevchenko / David-Boyer
56850,Shevchenko / Newman
56863,Newman / Lise
56881,Newman / Thierry
56889,Newman / No 7700
56900,Newman / Lapierre
56726,Newman / No 7475
56921,Léger / Newman
56856,Cordner / Lapierre
57033,Lapierre / Cordner
56830,Lapierre / Saint-Patrick
57089,Centre de transport LaSalle (St-Patrick/No 7770)
56831,Saint-Patrick / Lapierre
57034,Lapierre / Cordner
56857,Cordner / Lapierre
57036,Cordner / Léger
56919,Léger / Newman
56945,Newman / Senkus
56951,Newman / Guy-Bouchard
56960,Newman / Angrignon
54109,Station Angrignon / Terminus
51688,des Trinitaires / Jogues
51762,des Trinitaires / Dumas
54012,Monk / De La Vérendrye
53946,Monk / Raudot
53858,Station Monk (Monk / Allard)
51800,Monk / Springland
51779,Monk / Jolicoeur
51837,Jolicoeur / Hadley
51900,Jolicoeur / Eadie
51963,Jolicoeur / Laurendeau
52050,Jolicoeur / Angers
53952,Station Jolicoeur / De La Vérendrye
53951,De La Vérendrye / Desmarchais
56529,Woodland / Champlain
56545,Woodland / Bannantyne
56579,Woodland / de Verdun
56583,de Verdun / Desmarchais
56584,de Verdun / 5e Avenue
56587,de Verdun / 2e Avenue
56685,Station Verdun (de Verdun / Willibrord)
56590,de Verdun / Galt
56636,Wellington / de l'Église
56638,Wellington / Hickson
56623,LaSalle / de Rushbrooke
56708,LaSalle / Caisse
56722,Henri-Duhamel / de Verdun
53894,Atwater / du Centre
52290,Marché Atwater (Atwater / Sainte-Émilie)
52243,Atwater / Notre-Dame
54181,Station Lionel-Groulx (Atwater / L.-Groulx)
52193,Atwater / Saint-Jacques
56303,Atwater / Saint-Antoine
52085,Atwater / du Souvenir
56297,Station Atwater (Atwater / Sainte-Catherine)
52150,du Sussex / René-Lévesque
52227,René-Lévesque / du Fort
52286,René-Lévesque / Saint-Mathieu
52329,René-Lévesque / Guy
52374,René-Lévesque / Bishop
52437,René-Lévesque / Drummond
52485,René-Lévesque / Peel
52530,René-Lévesque / Mansfield
53918,René-Lévesque / Union
52627,Basilique St-Patrick (R.-Lévesque/St-Alexandre)
60683,René-Lévesque / Jeanne-Mance
52782,René-Lévesque / Saint-Laurent
52835,René-Lévesque / de l'Hôtel-de-Ville
52882,René-Lévesque / Saint-Denis
54041,René-Lévesque / Berri
52931,René-Lévesque / Saint-Hubert
52982,René-Lévesque / Amherst
53032,Maison de Radio-Canada (René-Lévesque / Panet)
53073,René-Lévesque / Papineau
54071,Frontenac / Mondelet
53092,Frontenac / Logan
53014,Station Frontenac (Frontenac / Ontario)
53016,Station Frontenac (du Havre / Ontario)
