54397,Maurice-Duplessis / Rivière-des-Prairies
54060,Maurice-Duplessis / 54e Avenue
54062,Maurice-Duplessis / Jean-Yves-Bigras
52379,Maurice-Duplessis / J.-J.-Joubert
52264,Maurice-Duplessis / Rodolphe-Forget
52216,Maurice-Duplessis / 41e Avenue
52156,Maurice-Duplessis / Pierre-Baillargeon
52071,Maurice-Duplessis / Alexis-Carrel
51993,Maurice-Duplessis / André-Dumas
51906,Maurice-Duplessis / 27e Avenue
51850,Maurice-Duplessis / Clément-Ader
51809,Maurice-Duplessis / Armand-Bombardier
51766,Armand-Bombardier / Jean-Vincent
51722,Armand-Bombardier / André-Ampère
51622,Perras / Armand-Bombardier
51589,Perras / Salomon-Marion
51542,Perras / Élie-Beauregard
54154,Perras / Fernand-Gauthier
51442,Perras / Marc-Aurèle-Fortin
51421,Perras / Gilbert-Barbier
54054,Perras / 6e Avenue
54155,Perras / 4e Avenue
51283,Hôpital Rivière-des-Prairies (Perras / Ozias-Leduc
55260,Léger / Albert-Hudon
55233,Léger / Langelier
55223,Léger / Chartrand
55207,Léger / Rolland
55192,Léger / Fortin
55182,Léger / Désy
55171,Lacordaire / Léger
55187,Lacordaire / Arthur-Chevrier
55198,Lacordaire / Claude
55210,Lacordaire / Maurice-Duplessis
55230,Lacordaire / des Iris
55256,Lacordaire / Henri-Bourassa
55270,Lacordaire / d'Amos
55279,Lacordaire / de Charleroi
55284,Lacordaire / Industriel
54773,Lacordaire / des Grandes-Prairies
54796,Lacordaire / Couture
54815,Lacordaire / Honoré-Mercier
54834,Lacordaire / Lavoisier
54851,Lacordaire / Lafourcade
54857,Lacordaire / Jobin
54872,Lacordaire / Robert
54879,Lacordaire / des Galets
54903,Lacordaire / Jarry
54920,Lacordaire / Métropolitain
54940,Lacordaire / Paimpol
54970,Lacordaire / Jean-Talon
54988,Lacordaire / Bourdaloue
52341,Lacordaire / Bélanger
52462,Lacordaire / Saint-Zotique
52602,Lacordaire / Beaubien
52575,Beaubien / de Pontoise
52538,Beaubien / Châtelain
52513,Beaubien / de l'Assomption
54129,Beaubien / 42e Avenue
61124,Viau / Beaubien
52494,Viau / de Bellechasse
52573,Viau / Rosemont
52707,Viau / des Sorbiers
52986,Viau / Sherbrooke
53988,Stade Saputo
50108,Centre sportif Pierre-Charbonneau
53116,Viau / Pierre-De Coubertin
61588,Viau / Hochelaga
61589,Viau / de Rouen
61590,Viau / Ontario
61591,Viau / La Fontaine
61592,Viau / Adam
61593,Viau / Sainte-Catherine
53324,Sainte-Catherine / Leclaire
53309,Sainte-Catherine / Aird
53298,Sainte-Catherine / William-David
53285,Sainte-Catherine / Letourneux
53269,Sainte-Catherine / Pie-IX
53243,Sainte-Catherine / Bourbonnière
53235,Sainte-Catherine / Nicolet
53226,Sainte-Catherine / Joliette
53211,Sainte-Catherine / Davidson
53192,Sainte-Catherine / Dézéry
53180,Sainte-Catherine / Moreau
53171,Sainte-Catherine / Alphonse-D.-Roy
54003,Sainte-Catherine / Frontenac
54071,Frontenac / Mondelet
53092,Frontenac / Logan
53067,Frontenac / La Fontaine
53014,Station Frontenac (Frontenac / Ontario)
53016,Station Frontenac (du Havre / Ontario)
