53016,Station Frontenac (du Havre / Ontario)
53075,du Havre / La Fontaine
53112,du Havre / De Maisonneuve
53172,Sainte-Catherine / Alphonse-D.-Roy
53181,Sainte-Catherine / Moreau
53193,Sainte-Catherine / Dézéry
53213,Sainte-Catherine / Davidson
53227,Sainte-Catherine / Aylwin
53236,Sainte-Catherine / Nicolet
53244,Sainte-Catherine / Bourbonnière
53259,Sainte-Catherine / Jeanne-d'Arc
53271,Sainte-Catherine / Pie-IX
53286,Sainte-Catherine / Letourneux
53299,Sainte-Catherine / William-David
53310,Sainte-Catherine / Aird
53325,Sainte-Catherine / Leclaire
53331,Sainte-Catherine / Saint-Clément
53317,Viau / Adam
53295,Viau / La Fontaine
53274,Viau / Ontario
53223,Viau / de Rouen
53166,Viau / Hochelaga
53118,Viau / Pierre-De Coubertin
50107,Viau / de Marseille
53987,Viau / Boulangerie POM
52984,Viau / Sherbrooke
52988,Viau / Village olympique
52706,Viau / des Sorbiers
52571,Viau / Rosemont
52493,Viau / de Bellechasse
52357,Viau / Beaubien
52414,Beaubien / 40e Avenue
52445,Beaubien / 42e Avenue
52515,Beaubien / de l'Assomption
52539,Beaubien / Châtelain
52576,Beaubien / de Pontoise
52461,Lacordaire / Saint-Zotique
52339,Lacordaire / Bélanger
54987,Lacordaire / Bourdaloue
54968,Lacordaire / Jean-Talon
54939,Lacordaire / Paimpol
55021,Lacordaire / Métropolitain
54905,Lacordaire / Jarry
54878,Lacordaire / des Galets
54870,Lacordaire / Robert
54856,Lacordaire / Paul-Sauvé
54850,Lacordaire / Lafourcade
54832,Lacordaire / Lavoisier
54814,Lacordaire / Honoré-Mercier
54794,Lacordaire / Couture
54771,Lacordaire / des Grandes-Prairies
55283,Lacordaire / Industriel
55280,Lacordaire / de Charleroi
55269,Lacordaire / d'Amos
55245,CLSC de Montréal-Nord (Lacordaire / Renoir)
55221,Lacordaire / Crevier
55209,Lacordaire / Maurice-Duplessis
55197,Lacordaire / Claude
55186,Lacordaire / Arthur-Chevrier
55170,Léger / Lacordaire
55183,Léger / Désy
55193,Léger / Fortin
55208,Léger / Rolland
55224,Léger / Chartrand
55235,Léger / Allard
55259,Léger / Albert-Hudon
54139,Hôpital Rivière-des-Prairies (Perras / Ozias-Leduc
54053,Perras / 6e Avenue
51422,Perras / Gilbert-Barbier
51443,Perras / Marc-Aurèle-Fortin
51488,Perras / Fernand-Gauthier
51543,Perras / Élie-Beauregard
51590,Perras / Salomon-Marion
54000,Armand-Bombardier / Perras
51670,Armand-Bombardier / Philippe-Lebon
51723,Armand-Bombardier / André-Ampère
51767,Armand-Bombardier / Jean-Vincent
51849,Maurice-Duplessis / Clément-Ader
51907,Maurice-Duplessis / 27e Avenue
51994,Maurice-Duplessis / André-Dumas
52073,Maurice-Duplessis / Alexis-Carrel
52157,Maurice-Duplessis / Pierre-Baillargeon
52217,Maurice-Duplessis / 41e Avenue
52266,Maurice-Duplessis / Rodolphe-Forget
52378,Maurice-Duplessis / J.-J.-Joubert
53977,Maurice-Duplessis / Jean-Yves-Bigras
54061,Maurice-Duplessis / 54e Avenue
52655,Maurice-Duplessis / Rivière-des-Prairies
54271,Maurice-Duplessis / 62e Avenue
54284,Maurice-Duplessis / 70e Avenue
54270,Maurice-Duplessis / 62e Avenue
54397,Maurice-Duplessis / Rivière-des-Prairies
