58582,Gare Sainte-Anne-de-Bellevue
58558,Sainte-Anne / Saint-Charles
58556,Sainte-Anne / de l'Église
58560,Sainte-Anne / Saint-Jean-Baptiste
58565,Sainte-Anne / Lalonde
58583,Sainte-Anne / Perrault
58568,Maple / Sainte-Anne
58554,Maple / Autoroute 20
58524,Gare Baie-D'Urfé
58489,Gare Beaurepaire (sortie 45 / Woodland)
58484,Elm / Beaconsfield
58482,Gare Beaconsfield
57825,Autoroute 20 / Cartier
57772,Autoroute 20 / Saint-Jean
57789,Gare Pointe-Claire
61125,des Sources / Cardinal
57379,Cardinal / Strathmore
57394,Cardinal / Neptune
57421,Gare Pine Beach (Cardinal / Pine Beach)
57535,Cardinal / Stuart-Graham
57507,Gare Dorval
56297,Station Atwater (Atwater / Sainte-Catherine)
60238,Station Atwater (Tupper / Atwater)
