61545,Carrefour Henri-Bourassa / Pie-IX
59446,Pie-IX / Parc Pilon
55077,Pie-IX / Arthur-Champoux
55085,Pie-IX / Martial
55103,Pie-IX / Monselet
55120,Pie-IX / Prieur
55134,Pie-IX / Forest
55150,Pie-IX / Fleury
55309,Pie-IX / Larin
55179,Pie-IX / Industriel
50993,Pie-IX / 55e Rue
51036,Pie-IX / des Grandes-Prairies
51115,Pie-IX / 46e Rue
51185,Pie-IX / 43e Rue
51246,Pie-IX / 39e Rue
51299,Pie-IX / Denis-Papin
51367,Pie-IX / Robert
51425,Pie-IX / Jean-Rivard
51480,Pie-IX / D'Hérelle
51531,Pie-IX / Jarry
51658,Pie-IX / Villeray
51736,Pie-IX / Everett
51793,Pie-IX / Jean-Talon
51867,Pie-IX / Bélair
51912,Pie-IX / Bélanger
52015,Pie-IX / Saint-Zotique
52128,Pie-IX / Beaubien
52242,Pie-IX / de Bellechasse
52311,Pie-IX / Rosemont
52402,Pie-IX / Dandurand
52496,Pie-IX / Masson
52596,Pie-IX / Laurier
52703,Pie-IX / Saint-Joseph
52832,Pie-IX / du Mont-Royal
52951,Pie-IX / Rachel
53018,Station Pie-IX (Pie-IX / Pierre-de-Coubertin)
53087,Pie-IX / Hochelaga
53126,Pie-IX / de Rouen
53157,Pie-IX / No 2050
61583,Pie-IX / Ontario
53169,Ontario / d'Orléans
53154,Place Simon-Valois (Ontario / Valois)
53140,Ontario / De Chambly
53122,Ontario / Aylwin
53113,Ontario / Davidson
53108,Ontario / Saint-Germain
53089,Ontario / Moreau
61355,Ontario / Lespérance
53058,Ontario / Wurtele
53027,Ontario / Bercy
53016,Station Frontenac (du Havre / Ontario)
53075,du Havre / La Fontaine
53112,du Havre / De Maisonneuve
53031,René-Lévesque / Panet
52980,René-Lévesque / Amherst
52954,René-Lévesque / Saint-André
52930,René-Lévesque / Saint-Hubert
52905,René-Lévesque / Berri
52881,René-Lévesque / Saint-Denis
52834,René-Lévesque / de l'Hôtel-de-Ville
52783,René-Lévesque / Clark
52745,René-Lévesque / Saint-Urbain
52697,René-Lévesque / Jeanne-Mance
52625,Place du Frère-André
52587,René-Lévesque / Robert-Bourassa
52529,René-Lévesque / Mansfield
52483,Square Dorchester (René-Lévesque / Peel)
52463,René-Lévesque / Stanley
52416,René-Lévesque / de la Montagne
52373,René-Lévesque / Bishop
52327,René-Lévesque / Guy
52284,René-Lévesque / Saint-Mathieu
52198,René-Lévesque / Seymour
52149,René-Lévesque / du Sussex
52078,René-Lévesque / Atwater
56301,Station Atwater
