54038,Station Frontenac (Frontenac / Ontario)
52934,Frontenac / de Rouen
52857,Frontenac / Hochelaga
52766,Sherbrooke / D'Iberville
52741,Sherbrooke / Fullum
52735,Sherbrooke / Parthenais
52719,Sherbrooke / De Lorimier
52700,Sherbrooke / Dorion
52677,Sherbrooke / De Champlain
52652,Sherbrooke / Plessis
50123,Sherbrooke / du Parc La Fontaine
52569,Sherbrooke / Saint-Denis
52542,Sherbrooke / de l'Hôtel-de-Ville
52509,Sherbrooke / Saint-Laurent
52487,Sherbrooke / Saint-Urbain
52458,Sherbrooke / Jeanne-Mance
52430,Sherbrooke / Hutchison
59314,Sherbrooke / Aylmer
52368,Sherbrooke / Robert-Bourassa
52314,Sherbrooke / Mansfield
52278,Sherbrooke / Peel
52203,Sherbrooke / de la Montagne
52166,Sherbrooke / Redpath
52114,Sherbrooke / Côte-des-Neiges
52095,Sherbrooke / Saint-Mathieu
52065,Sherbrooke / Saint-Marc
52008,Sherbrooke / Chomedey
53786,Station Atwater (Atwater / Tupper)
51952,Collège Dawson (Sherbrooke/No 3040)
56289,Sherbrooke / Wood
56285,Sherbrooke / Mount-Pleasant
56279,Sherbrooke / Kitchener
56277,Sherbrooke / Redfern
56273,Sherbrooke / Metcalfe
56266,Sherbrooke / Strathcona
56262,Sherbrooke / Lansdowne
56256,Sherbrooke / Victoria
56251,Sherbrooke / Claremont
51495,Sherbrooke / de Vendôme
51461,Sherbrooke / Décarie
51396,Sherbrooke / Girouard
51344,Sherbrooke / Oxford
51313,Sherbrooke / Wilson
51259,Sherbrooke / Royal
51211,Sherbrooke / Hingston
51162,Sherbrooke / Grand Boulevard
51134,Sherbrooke / Madison
51077,Sherbrooke / Benny
51027,Sherbrooke / Cavendish
50991,Sherbrooke / Walkley
50945,Sherbrooke / King-Edward
50899,Sherbrooke / Mariette
50854,Sherbrooke / Coronation
53806,Université Concordia / Campus Loyola
50763,Sherbrooke / West Broadway
50743,Elmhurst / Coffee
50801,Elmhurst / Harley
50850,Elmhurst / Saint-Jacques
56447,Avon / Brynmor
56445,Saint-Jacques / Avon
56478,Saint-Jacques / Ouellette
56467,Saint-Jacques / Boyer
56461,Saint-Jacques / Richardson
57305,Saint-Joseph / No 23
57281,Saint-Joseph / No 56
61648,Gare du Canal (Saint-Joseph / Victoria)
57309,Saint-Joseph / No 130
57308,Saint-Joseph / No 160
57279,Saint-Joseph / George-V
57277,George-V / William-Macdonald
57272,Victoria / 1re Avenue
57268,Victoria / 3e Avenue
57261,Victoria / 6e Avenue
57247,Victoria / 10e Avenue
57225,Victoria / 18e Avenue
57215,Victoria / 21e Avenue
57341,Victoria / 28e Avenue
57344,Victoria / 33e Avenue
57189,Victoria / 34e Avenue
57177,Victoria / 40e Avenue
57165,Victoria / 44e Avenue
57152,Victoria / 48e Avenue
57136,Victoria / Meadowbrook
57125,Victoria / 54e Avenue
57484,Bouchard / Galland
57481,Bouchard / No 205
57476,Bouchard / No 215
57474,Bouchard / George-V
57512,Bouchard / Autoroute 20
57504,Gare Dorval
57508,Aéroport Pierre-Elliott-Trudeau
61539,Roméo-Vachon / No 700
57515,Albert-de-Niverville / Rodolphe-Pagé
57534,Cardinal / Stuart-Graham
57420,Gare Pine Beach (Cardinal / Westwood)
57392,Cardinal / Neptune
60402,Cardinal / Strathmore
57761,des Sources / Chanteclerc
57759,des Sources / Belmont
57366,des Sources / No 1733
57756,des Sources / Reverchon
57598,des Sources / Avro
57783,des Sources / de l'Aviation
57782,des Sources / Avro
57367,des Sources / Transcanadienne
57947,des Sources / Brunswick
57930,des Sources / de Salaberry
57923,des Sources / Hyman
61138,Hyman / Sunshine
61139,Hyman / Davignon
61141,Hyman / Forest
61142,Hyman / Maisonneuve
60445,Hyman / Sunnybrooke
60421,Sunnybrooke / Cérès
61143,Sunnybrooke / Gouin
61144,Gouin / Sunnybrooke
