61144,Gouin / Sunnybrooke
61145,Sunnybrooke / Cérès
57976,Hyman / Sunnybrooke
57964,Hyman / Maisonneuve
61148,Hyman / Forest
61149,Hyman / Davignon
61150,Hyman / Sunshine
57932,des Sources / de Salaberry
57945,des Sources / Brunswick
57369,des Sources / Hymus
57781,des Sources / Avro
57596,des Sources / de l'Aviation
57597,des Sources / Avro
57755,des Sources / Saint-Louis
57791,des Sources / No 1733
57760,des Sources / Belmont
57762,des Sources / Chanteclerc
57379,Cardinal / Strathmore
57394,Cardinal / Neptune
57421,Gare Pine Beach (Cardinal / Pine Beach)
57535,Cardinal / Stuart-Graham
57516,Albert-de-Niverville / Arthur-Fecteau
61261,Aéroport Pierre-Elliott-Trudeau
61538,Aéroport Pierre-Elliott-Trudeau / Transport Canada
57537,Gare Dorval
57467,Bouchard / Racine
57511,Bouchard / Poste de pompiers
57475,Bouchard / George-V
57513,Bouchard / No 215
57514,Bouchard / No 200
57483,Bouchard / Bourke
57126,Victoria / 54e Avenue
57137,Victoria / 51e Avenue
57153,Victoria / 49e Avenue
57166,Victoria / 44e Avenue
57178,Victoria / 40e Avenue
57190,Victoria / 33e Avenue
57338,Victoria / 28e Avenue
57216,Victoria / 21e Avenue
57226,Victoria / 18e Avenue
57249,Victoria / 10e Avenue
57262,Victoria / 6e Avenue
57269,Victoria / 3e Avenue
57278,William-Macdonald / George-V
57280,George-V / Saint-Joseph
57301,Saint-Joseph / George-V
57307,Saint-Joseph / No 160
57310,Saint-Joseph / No 130
61647,Gare du Canal (Saint-Joseph / Victoria)
57333,Saint-Joseph / No 56
57303,Saint-Joseph / No 31
57304,Saint-Joseph / Victoria
56463,Saint-Jacques / Richardson
57302,Saint-Jacques / Jolicoeur
56469,Saint-Jacques / Boyer
56479,Saint-Jacques / Duranceau
56487,Saint-Jacques / No 92
56444,Avon / Ronald
56448,Avon / Brynmor
54035,Elmhurst / Saint-Jacques
50800,Elmhurst / Harley
54160,Elmhurst / Sherbrooke
50765,Sherbrooke / West Broadway
50831,Université Concordia / Campus Loyola
50855,Sherbrooke / Coronation
50900,Sherbrooke / Mariette
50946,Sherbrooke / King-Edward
50992,Sherbrooke / Walkley
51029,Sherbrooke / Cavendish
51078,Sherbrooke / Benny
51135,Sherbrooke / Madison
51163,Sherbrooke / Grand Boulevard
51212,Sherbrooke / Hingston
51268,Sherbrooke / de Clifton
51314,Sherbrooke / Wilson
51345,Sherbrooke / Oxford
51399,Sherbrooke / Girouard
51463,Sherbrooke / Décarie
51496,Sherbrooke / de Vendôme
56253,Sherbrooke / Claremont
56258,Sherbrooke / Grosvenor
56263,Sherbrooke / Lansdowne
56267,Sherbrooke / Strathcona
56274,Sherbrooke / Metcalfe
56278,Sherbrooke / Redfern
56281,Sherbrooke / Clarke
56286,Sherbrooke / Greene
56290,Sherbrooke / Wood
51951,Collège Dawson (Sherbrooke / Atwater)
52069,Station Atwater (Sainte-Catherine / Atwater)
52009,Sherbrooke / Chomedey
52066,Sherbrooke / Saint-Marc
52097,Sherbrooke / Saint-Mathieu
52115,Sherbrooke / Côte-des-Neiges
52167,Sherbrooke / Bishop
52204,Sherbrooke / de la Montagne
52277,Sherbrooke / Peel
52335,Université McGill (Sherbrooke / McGill College)
52369,Sherbrooke / Robert-Bourassa
52409,Sherbrooke / Aylmer
52444,Sherbrooke / De Bleury
52459,Sherbrooke / Jeanne-Mance
52488,Sherbrooke / Saint-Urbain
52510,Sherbrooke / Saint-Laurent
52543,Sherbrooke / de l'Hôtel-de-Ville
52570,Sherbrooke / Saint-Denis
52635,Sherbrooke / du Parc-La-Fontaine
52647,Sherbrooke / Panet
52653,Sherbrooke / Plessis
54019,Hôpital Notre-Dame (Sherbrooke / De Champlain)
52683,Sherbrooke / Papineau
52701,Sherbrooke / Dorion
52720,Sherbrooke / De Lorimier
52737,Sherbrooke / Parthenais
52742,Sherbrooke / Fullum
52765,Sherbrooke / D'Iberville
54038,Station Frontenac (Frontenac / Ontario)
