55334,Saint-Michel / Henri-Bourassa
55335,Saint-Michel / Henri-Bourassa
55047,Saint-Michel / Prieur
55059,Saint-Michel / Fleury
55079,Saint-Michel / Mont-Joli
50733,Saint-Michel / Sauvé
50815,Saint-Michel / Charland
50880,Saint-Michel / Champdoré
50932,Saint-Michel / de Louvain
51001,Saint-Michel / Legendre
51079,Saint-Michel / Émile-Journault
51143,Saint-Michel / Denis-Papin
51224,Saint-Michel / Robert
51277,Saint-Michel / Deville
51360,Saint-Michel / D'Hérelle
51394,Saint-Michel / Jarry
51471,Saint-Michel / Crémazie nord
51473,Saint-Michel / Crémazie
51519,Saint-Michel / Villeray
51557,Saint-Michel / L.-O.-David
51605,Station Saint-Michel Ouest
51632,Saint-Michel / Jean-Talon
54364,Saint-Michel / Bélair
51745,Saint-Michel / Bélanger
51839,Saint-Michel / Saint-Zotique
51945,Saint-Michel / Beaubien
52047,Saint-Michel / de Bellechasse
52109,Saint-Michel / Rosemont
52159,Saint-Michel / Holt
52240,Saint-Michel / Dandurand
52349,Saint-Michel / Masson
52316,Masson / 9e Avenue
52294,Masson / 6e Avenue
52259,Masson / 3e Avenue
52233,Masson / 1re Avenue
52192,D'Iberville / Masson
52345,D'Iberville / Saint-Joseph
52367,D'Iberville / Voie ferrée
52503,D'Iberville / du Mont-Royal
52586,D'Iberville / Marie-Anne
52687,D'Iberville / Rachel
52764,D'Iberville / Sherbrooke
52858,Hochelaga / Frontenac
52946,du Havre / de Rouen
53016,Station Frontenac (du Havre / Ontario)
53075,du Havre / La Fontaine
53112,du Havre / De Maisonneuve
53136,du Havre / Sainte-Catherine
54071,Frontenac / Mondelet
53092,Frontenac / Logan
53067,Frontenac / La Fontaine
54038,Station Frontenac (Frontenac / Ontario)
