52069,Station Atwater (Sainte-Catherine / Atwater)
52130,Sainte-Catherine / du Fort
52197,Sainte-Catherine / Saint-Mathieu
52237,Sainte-Catherine / Guy
52325,Sainte-Catherine / de la Montagne
52399,Sainte-Catherine / Peel
52434,Sainte-Catherine / Mansfield
52498,Sainte-Catherine / Robert-Bourassa
52627,Basilique St-Patrick (R.-Lévesque/St-Alexandre)
60683,René-Lévesque / Jeanne-Mance
52782,René-Lévesque / Saint-Laurent
52835,René-Lévesque / de l'Hôtel-de-Ville
52861,Sainte-Catherine / Saint-Hubert
52883,Sainte-Catherine / Saint-André
52916,Sainte-Catherine / Amherst
52963,Station Beaudry (Ste-Catherine / de la Visitation)
53003,Sainte-Catherine / Alexandre-DeSève
53024,Sainte-Catherine / Papineau
54043,Sainte-Catherine / Dorion
53065,Sainte-Catherine / De Lorimier
53079,Sainte-Catherine / Parthenais
53094,Sainte-Catherine / Fullum
53110,Sainte-Catherine / Dufresne
53119,Sainte-Catherine / D'Iberville
54071,Frontenac / Mondelet
53092,Frontenac / Logan
53067,Frontenac / La Fontaine
54039,Station Frontenac (Frontenac / Ontario)
