54039,Station Frontenac (Frontenac / Ontario)
53075,du Havre / La Fontaine
53112,du Havre / De Maisonneuve
53104,De Maisonneuve / D'Iberville
53090,De Maisonneuve / Dufresne
53074,De Maisonneuve / Fullum
53062,De Maisonneuve / Parthenais
53046,De Maisonneuve / De Lorimier
53970,Station Papineau (De Maisonneuve / Cartier)
53023,Papineau / Sainte-Catherine
53845,René-Lévesque / De Champlain
53031,René-Lévesque / Panet
52980,René-Lévesque / Amherst
52954,René-Lévesque / Saint-André
52930,René-Lévesque / Saint-Hubert
52905,René-Lévesque / Berri
52881,René-Lévesque / Saint-Denis
52834,René-Lévesque / de l'Hôtel-de-Ville
52783,René-Lévesque / Clark
52745,René-Lévesque / Saint-Urbain
52697,René-Lévesque / Jeanne-Mance
52625,Place du Frère-André
52587,René-Lévesque / Robert-Bourassa
52529,René-Lévesque / Mansfield
52483,Square Dorchester (René-Lévesque / Peel)
52463,René-Lévesque / Stanley
52416,René-Lévesque / de la Montagne
52373,René-Lévesque / Bishop
52327,René-Lévesque / Guy
52284,René-Lévesque / Saint-Mathieu
52198,René-Lévesque / Seymour
52149,René-Lévesque / du Sussex
52078,René-Lévesque / Atwater
52069,Station Atwater (Sainte-Catherine / Atwater)
