53009,Station Papineau (Cartier / Sainte-Catherine)
52943,De Champlain / Logan
52891,De Champlain / La Fontaine
52822,De Champlain / Ontario
52676,De Champlain / Sherbrooke
52678,Émile-Duployé / Sherbrooke
52536,Émile-Duployé / Gauthier
52455,Émile-Duployé / Rachel
52478,Papineau / Bureau
52388,Papineau / Marie-Anne
52305,Papineau / du Mont-Royal
52199,Papineau / Gilford
52142,Papineau / Saint-Joseph
52121,Papineau / Laurier
52022,Papineau / Masson
51904,Papineau / escalier des Carrières
51819,Papineau / Rosemont
51768,Papineau / de Bellechasse
51676,Papineau / Beaubien
51603,Papineau / Saint-Zotique
51534,Papineau / Bélanger
51451,Station Fabre (Papineau / Jean-Talon)
51383,Papineau / Everett
51323,Papineau / L.-O.-David
51301,Papineau / Villeray
51274,Papineau / Tillemont
51215,Papineau / Jarry
51107,Papineau / Crémazie
51109,Papineau / Crémazie
54395,Papineau / Barnabé-Larocque
50983,Papineau / François-H.-Prévost
50876,Papineau / Émile-Journault
50804,Papineau / Legendre
61556,Stade de soccer de Montréal (Papineau / Lecocq)
50646,Papineau / de Louvain
50610,Papineau / Charland
50555,Papineau / Sauvé
50516,Papineau / Sauriol
50470,Papineau / Fleury
50431,Papineau / Prieur
50399,Papineau / Henri-Bourassa
50409,Henri-Bourassa / Séguin
