54105,Station Angrignon / Terminus
51688,des Trinitaires / Jogues
51762,des Trinitaires / Dumas
54012,Monk / De La Vérendrye
53946,Monk / Raudot
53858,Station Monk (Monk / Allard)
51800,Monk / Springland
51779,Monk / Jolicoeur
53997,Monk / De Biencourt
51734,Monk / Denonville
51696,Monk / Saint-Patrick
54392,Monk / Philippe-Turcot
60228,Monk / Notre-Dame
61640,Notre-Dame / Gadbois
51775,Notre-Dame / de Carillon
60533,Centre Gadbois / Côte-Saint-Paul
60708,Côte-Saint-Paul / Saint-Ambroise
60527,Notre-Dame / Côte-Saint-Paul
51874,Notre-Dame / Saint-Rémi
51936,Notre-Dame / De Courcelle
53954,Square Sir-George-Étienne-Cartier
51926,Saint-Jacques / Saint-Philippe
53817,Station Place-Saint-Henri
52053,Notre-Dame / de la Station
52123,Notre-Dame / Turgeon
52171,Notre-Dame / Rose-de-Lima
52246,Notre-Dame / Atwater
52321,Notre-Dame / Charlevoix
52408,Notre-Dame / Dominion
52447,Notre-Dame / Georges-Vanier
52548,Notre-Dame / des Seigneurs
52615,Guy / Paxton
52500,Guy / Saint-Jacques
53862,Saint-Jacques / Lucien-L'Allier
54165,Saint-Jacques / de la Montagne
52660,Saint-Jacques / Peel
53886,Mansfield / Saint-Antoine
52666,Robert-Bourassa / De La Gauchetière
61657,du Beaver Hall / Viger
61658,du Square-Victoria / Saint-Antoine
52786,Station Square-Victoria-OACI / Saint-Antoine
