52786,Station Square-Victoria-OACI / Saint-Antoine
61659,Saint-Antoine / Robert-Bourassa
53696,Saint-Antoine / de la Cathédrale
52618,Saint-Antoine / Peel
52469,Saint-Antoine / Lusignan
52501,Guy / Saint-Jacques
54308,Guy / Paxton
52549,Notre-Dame / des Seigneurs
52446,Notre-Dame / Georges-Vanier
52407,Notre-Dame / Dominion
52320,Notre-Dame / Charlevoix
52244,Notre-Dame / Atwater
52169,Notre-Dame / Rose-de-Lima
52122,Notre-Dame / Turgeon
53816,Notre-Dame / Place Saint-Henri
54282,Notre-Dame / Sainte-Marguerite
54283,Saint-Jacques / Sainte-Marguerite
51989,Station Place-Saint-Henri
52003,Notre-Dame / Sainte-Marguerite
51991,Notre-Dame / Lacasse
51935,Notre-Dame / De Courcelle
51872,Notre-Dame / Saint-Rémi
60528,Côte-Saint-Paul / Sainte-Marie
60709,Côte-Saint-Paul / Saint-Ambroise
60532,Centre Gadbois / Côte-Saint-Paul
51774,Notre-Dame / de Carillon
61641,Notre-Dame / Gadbois
54393,Monk / Côte-Saint-Paul
51697,Monk / Pierre-Héroux
51733,Monk / Denonville
51747,Monk / Jacques-Hertel
51777,Monk / Jolicoeur
51801,Monk / Springland
53859,Station Monk (Monk / Allard)
51857,Monk / Raudot
51887,Monk / De La Vérendrye
51785,des Trinitaires / D'Aragon
51687,des Trinitaires / Jogues
61660,Terminus Angrignon
54105,Station Angrignon / Terminus
