54039,Station Frontenac (Frontenac / Ontario)
52993,Ontario / Dufresne
52964,Ontario / Fullum
52935,Ontario / Parthenais
52896,Ontario / De Lorimier
52868,Ontario / Dorion
52841,Ontario / Papineau
52820,Ontario / De Champlain
52808,Ontario / Alexandre-DeSève
52762,Ontario / de la Visitation
52729,Marché St-Jacques (Ontario / Amherst)
52531,Cherrier / Saint-Hubert
52411,des Pins / Drolet
52353,des Pins / De Bullion
52313,des Pins / Saint-Laurent
52281,des Pins / Saint-Urbain
52219,des Pins / du Parc (coin nord-est)
60682,des Pins / du Parc (coin nord-ouest)
52173,Stade Percival-Molson (des Pins / Aylmer)
52153,des Pins / University
52141,des Pins / du Docteur-Penfield
52105,des Pins / Peel
52051,des Pins / Redpath
52042,des Pins / No 1305
52013,des Pins / Steyning
53866,des Pins / No 1550
53867,Hôpital général (des Pins/Côte-des-Neiges)
51924,Atwater / Saint-Sulpice
51894,Atwater / Picquet
54185,Atwater / Sherbrooke
52007,Atwater / De Maisonneuve
53786,Station Atwater (Atwater / Tupper)
