53786,Station Atwater (Atwater / Tupper)
51990,Atwater / Lincoln
51949,Atwater / Sherbrooke
51896,Atwater / Picquet
54137,Atwater / du Docteur-Penfield
53842,du Docteur-Penfield / Côte-des-Neiges
52034,du Docteur-Penfield / Redpath
52102,du Docteur-Penfield / de la Montagne
52178,du Docteur-Penfield / Peel
53843,du Docteur-Penfield / Réservoir McTavish
52140,du Docteur-Penfield / des Pins
52154,des Pins / University
52174,Stade Percival-Molson (des Pins / Aylmer)
52218,des Pins / du Parc (coin sud-ouest)
60681,des Pins / du Parc (coin sud-est)
52283,des Pins / Saint-Urbain
52324,des Pins / Saint-Dominique
52364,des Pins / de l'Hôtel-de-Ville
52423,des Pins / Saint-Denis
52507,Station Sherbrooke Ouest (Cherrier / Berri)
52532,Cherrier / Saint-Hubert
52763,Ontario / de la Visitation
52809,Ontario / Alexandre-DeSève
52821,Ontario / De Champlain
52843,Ontario / Papineau
52869,Ontario / Dorion
52897,Ontario / De Lorimier
52937,Ontario / Parthenais
52965,Ontario / Fullum
52994,Ontario / Dufresne
53016,Station Frontenac (du Havre / Ontario)
54039,Station Frontenac (Frontenac / Ontario)
