52851,Station Place-d'Armes (Saint-Urbain / Viger)
53811,Notre-Dame / Saint-Sulpice
52969,Notre-Dame / Saint-Laurent
53998,Place Jacques-Cartier
53673,Gosford / Saint-Antoine
52996,Saint-Antoine / Saint-Denis
52997,Saint-Hubert / Viger
52904,Berri / René-Lévesque
52846,Station Berri-UQAM (Berri / Place Émilie-Gamelin)
52791,Station Berri-UQAM (Berri / De Maisonneuve)
52662,Berri / Ontario
52585,Berri / Sherbrooke
52506,Station Sherbrooke Est (Berri / Cherrier)
52390,Roy / Rivard
52287,Saint-Denis / Duluth
52205,Saint-Denis / Rachel
52135,Saint-Denis / Marie-Anne
52054,Station Mont-Royal (Saint-Denis / du Mont-Royal)
52010,Saint-Denis / De Bienville
51918,Saint-Denis / Saint-Joseph
51862,Station Laurier Nord (Saint-Denis / Laurier)
51815,Saint-Denis / Boucher
51782,Saint-Denis / du Carmel
51646,Station Rosemont (Saint-Denis / Rosemont)
51573,Saint-Denis / de Bellechasse
51508,Station Beaubien (Saint-Denis / Beaubien)
51438,Saint-Denis / Saint-Zotique
51361,Saint-Denis / Bélanger
51310,Saint-Denis / Jean-Talon
51264,Saint-Denis / De Castelnau
51196,Saint-Denis / Faillon
51130,Saint-Denis / Villeray
51052,Saint-Denis / Gounod
50979,Station Jarry (Saint-Denis / Jarry)
50914,Saint-Denis / Guizot
50840,Saint-Denis / de Liège
50756,Saint-Denis / Crémazie
50793,Station Crémazie Nord (Lajeunesse / Crémazie)
50678,Lajeunesse / Émile-Journault
50615,Lajeunesse / Legendre
50559,Lajeunesse / Chabanel
53760,Lajeunesse / de Louvain
50441,Station Sauvé Sud (Lajeunesse / Sauvé)
50402,Lajeunesse / Sauriol
50360,Lajeunesse / Fleury
50334,Lajeunesse / Prieur
50305,Station Henri-Bourassa / Lajeunesse (descente)
53757,Station Henri-Bourassa / Terminus
