53757,Station Henri-Bourassa / Terminus
50304,Station Henri-Bourassa Ouest / Berri
50332,Berri / Prieur
50358,Berri / Fleury
50394,Berri / Sauriol
50437,Station Sauvé Nord (Berri / Sauvé)
50474,Berri / No 9592
50501,Berri / de Louvain
50551,Berri / Chabanel
50601,Berri / Legendre
50672,Berri / Émile-Journault
50768,Station Crémazie Nord (Berri / Crémazie)
50758,Station Crémazie Sud (Saint-Denis / Crémazie)
50842,Saint-Denis / de Liège
50915,Saint-Denis / Guizot
50981,Station Jarry (Saint-Denis / Jarry)
51053,Saint-Denis / Gounod
51131,Saint-Denis / Villeray
51197,Saint-Denis / Faillon
51265,Saint-Denis / De Castelnau
51312,Station Jean-Talon Nord / Saint-Denis
51363,Saint-Denis / Bélanger
51439,Saint-Denis / Saint-Zotique
51510,Saint-Denis / Beaubien
51574,Saint-Denis / de Bellechasse
51649,Station Rosemont (Saint-Denis / Rosemont)
51761,Saint-Denis / du Carmel
51816,Saint-Denis / Boucher
51864,Station Laurier Nord (Saint-Denis / Laurier)
51920,Saint-Denis / Saint-Joseph
52011,Saint-Denis / Gilford
52056,Station Mont-Royal (Saint-Denis / du Mont-Royal)
52136,Saint-Denis / Marie-Anne
52207,Saint-Denis / Rachel
52288,Saint-Denis / Duluth
52422,Saint-Denis / des Pins
52507,Station Sherbrooke Ouest (Cherrier / Berri)
52665,Berri / Ontario
52793,Station Berri-UQAM (Berri / de Maisonneuve)
52844,Station Berri-UQAM (Berri / Sainte-Catherine)
52906,Berri / René-Lévesque
53675,Viger / Saint-Denis
53692,Viger / de l'Hôtel-de-Ville
53693,Viger / Saint-Laurent
52851,Station Place-d'Armes (Saint-Urbain / Viger)
