54038,Station Frontenac (Frontenac / Ontario)
52877,Parc Médéric-Martin (Hochelaga / Gascon)
52889,Hochelaga / Hogan
53750,Hochelaga / Florian
52967,Station Préfontaine Sud (Hochelaga / Moreau)
53000,Hochelaga / Saint-Germain
53012,Hochelaga / Davidson
53037,Station Joliette (Hochelaga / Joliette)
53054,Hochelaga / Nicolet
53072,Hochelaga / d'Orléans
53088,Hochelaga / Pie-IX
53107,Hochelaga / Letourneux
53129,Hochelaga / Aird
53148,Hochelaga / Leclaire
53161,Hochelaga / Saint-Clément
53168,Hochelaga / Viau
53195,Hochelaga / Vimont
53204,Hochelaga / de l'Assomption
53232,Hochelaga / Monsabré
53240,Hochelaga / Louis-Veuillot
53257,Hochelaga / De Cadillac
53273,Polyvalente Édouard-Montpetit
53300,Hochelaga / Langelier
53305,Hochelaga / Desautels
53320,Hochelaga / Haig
53329,Hochelaga / Beauclerk
53979,Hôpital Louis-H.-La Fontaine (Hochelaga/No 7401)
53356,Hochelaga / Curatteau
53361,Honoré-Beaugrand / Hochelaga
53346,Honoré-Beaugrand / Pierre-de-Coubertin
53335,Honoré-Beaugrand / Sainte-Claire
53306,Honoré-Beaugrand / de Marseille
53293,Honoré-Beaugrand / Roux
54257,Station Honoré-Beaugrand / Sherbrooke
53279,Sherbrooke / Liébert
53289,Sherbrooke / Saint-Donat
53302,Sherbrooke / Baldwin
53316,Des Ormeaux / Sherbrooke
53338,Des Ormeaux / De Teck
53352,Des Ormeaux / de Marseille
53363,Des Ormeaux / Sainte-Claire
53373,Des Ormeaux / Pierre-de-Coubertin
53387,Des Ormeaux / Hochelaga
53395,Hochelaga / Joffre
53401,Hochelaga / Pierre-Bernard
53409,Hochelaga / Taillon
53414,Hochelaga / Aubry
53416,Hochelaga / Fletcher
53423,Hochelaga / Hector
54423,Hochelaga / Georges-V
54427,Georges-V / Notre-Dame
54484,Notre-Dame / David
54431,Notre-Dame / Joseph-Versailles
54433,Notre-Dame / No 10150
54444,Notre-Dame / Gamble
54445,Notre-Dame / No 10800
54451,Notre-Dame / Richard
54456,Notre-Dame / Hinton
54459,Notre-Dame / Providence
54463,Notre-Dame / de l'Église
54467,Marien / Notre-Dame
54460,Marien / Prince-Albert
54453,Marien / De La Gauchetière
54447,Marien / Dorchester
53530,René-Lévesque / 1re Avenue
53535,René-Lévesque / 3e Avenue
53544,René-Lévesque / 5e Avenue
53549,René-Lévesque / 8e Avenue
53556,René-Lévesque / Saint-Jean-Baptiste
53564,René-Lévesque / 14e Avenue
53572,René-Lévesque / 16e Avenue
53576,René-Lévesque / du Poitou
53580,René-Lévesque / des Saules
53707,René-Lévesque / des Saules
53590,René-Lévesque / du Tricentenaire
53710,du Tricentenaire / Joseph-Dargent
53538,du Tricentenaire / De Montigny
53493,du Tricentenaire / No 1735
53490,du Tricentenaire / Forsyth
53455,du Tricentenaire / Sherbrooke
53470,Sherbrooke / Robert-Chevalier
53712,Sherbrooke / No 13092
53477,Sherbrooke / 32e Avenue
53487,Sherbrooke / 36e Avenue
53495,Sherbrooke / 40e Avenue
53714,Sherbrooke / 42e Avenue
53506,Sherbrooke / 47e Avenue
53509,Sherbrooke / De La Rousselière
53510,Sherbrooke / 52e Avenue
53532,53e Avenue / Forsyth
53567,53e Avenue / De Montigny
53584,53e Avenue / Victoria
53597,53e Avenue / Notre-Dame
53599,Notre-Dame / 54e Avenue
53601,Notre-Dame / 57e Avenue
53605,Notre-Dame / 60e Avenue
53613,Notre-Dame / 64e Avenue
53618,Notre-Dame / 67e Avenue
53623,Parc-Nature de la Pointe-aux-Prairies
53641,Notre-Dame / Beausoleil
53640,Notre-Dame / Bellevue
53636,Notre-Dame / No 15290
53637,Notre-Dame / 79e Avenue
53644,Notre-Dame / 81e Avenue
54379,Notre-Dame / Antoine-Chaudillon
53655,Notre-Dame / Antoine-Chaudillon
53846,Notre-Dame / Raoul-Jobin
53880,Sainte-Maria-Goretti / 93e Avenue
53671,Sainte-Maria-Goretti / 96e Avenue
53715,Sainte-Maria-Goretti / 100e Avenue
53736,100e Avenue / Bureau
