53736,100e Avenue / Bureau
53716,Sainte-Maria-Goretti / 100e Avenue
53670,Sainte-Maria-Goretti / 96e Avenue
53879,Sainte-Maria-Goretti / 93e Avenue
53660,Sainte-Maria-Goretti / Terrasse Maria-Goretti
60552,Notre-Dame / Raoul-Jobin
53654,Notre-Dame / 86e Avenue
54378,Notre-Dame / 83e Avenue
53642,Notre-Dame / 81e Avenue
54011,Notre-Dame / Beausoleil (est)
53628,Notre-Dame / No 15291
53634,Notre-Dame / Bellevue
53627,Notre-Dame / Beausoleil
53721,Parc-Nature de la Pointe-aux-Prairies
53617,Notre-Dame / 67e Avenue
53612,Notre-Dame / 64e Avenue
54147,Notre-Dame / Antoine-Bazinet
53600,Notre-Dame / 58e Avenue
53596,Notre-Dame / 54e Avenue
53566,53e Avenue / De Montigny
53531,53e Avenue / Forsyth
53511,53e Avenue / 52e Avenue
53508,Sherbrooke / de La Rousselière
53501,Sherbrooke / 42e Avenue
53494,Sherbrooke / 40e Avenue
53486,Sherbrooke / 36e Avenue
53476,Sherbrooke / 32e Avenue
53713,Sherbrooke / No 13092
53469,Sherbrooke / Robert-Chevalier
53456,Sherbrooke / du Tricentenaire
53491,du Tricentenaire / Forsyth
53711,du Tricentenaire / No 1735
53540,du Tricentenaire / De Montigny
53547,École Daniel-Johnson
53589,du Tricentenaire / René-Lévesque
53708,René-Lévesque / du Tricentenaire
53579,René-Lévesque / des Saules
53575,René-Lévesque / 18e Avenue
53571,René-Lévesque / 16e Avenue
53563,René-Lévesque / 14e Avenue
53554,René-Lévesque / Saint-Jean-Baptiste
53548,René-Lévesque / 8e Avenue
53543,René-Lévesque / 5e Avenue
53534,René-Lévesque / 3e Avenue
53529,René-Lévesque / 1re Avenue
54448,Dorchester / Marien
54454,Marien / De La Gauchetière
54457,Marien / Victoria
54465,Marien / Notre-Dame
54462,Notre-Dame / Broadway
54458,Notre-Dame / Lelièvre
54455,Notre-Dame / Hinton
54450,Notre-Dame / Richard
54469,Notre-Dame / No 10800
54487,Notre-Dame / Gamble
54468,Notre-Dame / No 10150
54432,Notre-Dame / Joseph-Versailles
54485,Notre-Dame / David
54425,Georges-V / Dubuisson
54422,Georges-V / Hochelaga
53422,Hochelaga / Hector
53415,Hochelaga / Fletcher
53413,Hochelaga / Aubry
53408,Hochelaga / Taillon
53400,Hochelaga / Pierre-Bernard
53394,Hochelaga / Joffre
53386,Hochelaga / Des Ormeaux
53372,Des Ormeaux / Pierre-de-Coubertin
53362,Des Ormeaux / Sainte-Claire
53351,Des Ormeaux / de Marseille
53337,Des Ormeaux / De Teck
53311,Des Ormeaux / Sherbrooke
53301,Sherbrooke / Baldwin
53287,Sherbrooke / Saint-Donat
53278,Sherbrooke / Liébert
54237,Station Honoré-Beaugrand / Terminus Sud
53307,Honoré-Beaugrand / de Marseille
53336,Honoré-Beaugrand / Sainte-Claire
53347,Honoré-Beaugrand / Pierre-de-Coubertin
53360,Honoré-Beaugrand / Hochelaga
53355,Hochelaga / Curatteau
53980,Hôpital Louis-H.-La Fontaine (Hochelaga/No 7401)
54326,Hochelaga / Centre Fernand-Séguin
53328,Hochelaga / Beauclerk
53318,Hochelaga / Haig
53304,Hochelaga / Desautels
53297,Hochelaga / de Granby
54002,Hochelaga / Garnison Montréal
53981,Polyvalente Édouard-Montpetit
53255,Hochelaga / De Cadillac
53239,Hochelaga / Louis-Veuillot
53228,Hochelaga / Dickson
53202,Hochelaga / de l'Assomption
53982,Hochelaga / Vimont
53167,Hochelaga / Viau
53162,Hochelaga / Saint-Clément
53147,Hochelaga / Leclaire
53128,Hochelaga / Aird
53106,Hochelaga / Letourneux
53086,Hochelaga / Pie-IX
53071,Hochelaga / d'Orléans
53052,Hochelaga / Nicolet
53038,Station Joliette (Hochelaga / Aylwin)
53011,Hochelaga / Davidson
52999,Hochelaga / Saint-Germain
52966,Station Préfontaine Nord (Hochelaga / Moreau)
52917,Hochelaga / Wurtele
52888,Hochelaga / Hogan
52864,du Havre / Hochelaga
52946,du Havre / de Rouen
54040,Station Frontenac (du Havre / Ontario)
54038,Station Frontenac (Frontenac / Ontario)
