53827,Station Henri-Bourassa / Terminus
50301,Station Henri-Bourassa / Saint-Denis
50299,Henri-Bourassa / Laverdure
50298,Saint-Laurent / Henri-Bourassa
50310,Saint-Laurent / Prieur
50338,Saint-Laurent / Fleury
50356,Saint-Laurent / Sauriol
50392,Saint-Laurent / Sauvé
50423,Saint-Laurent / de Port-Royal
50455,Saint-Laurent / de Louvain
50519,Saint-Laurent / Chabanel
50564,Saint-Laurent / Legendre
50620,Saint-Laurent / De Beauharnois
50670,Saint-Laurent / Crémazie
50786,Saint-Laurent / de Liège
50869,Saint-Laurent / Guizot
50936,Saint-Laurent / Jarry
51007,Saint-Laurent / Gounod
51068,Saint-Laurent / Villeray
51150,Saint-Laurent / Gary-Carter
51206,Station De Castelnau Ouest / Saint-Laurent
51228,Clark / Jean-Talon
53983,Clark / Mozart
53984,Clark / Saint-Zotique
51411,Clark / Beaubien
53790,Clark / Voie ferrée
51555,Saint-Urbain / Bernard
51624,Saint-Urbain / Saint-Viateur
51721,Saint-Urbain / Fairmount
51764,Saint-Urbain / Laurier
51797,Saint-Urbain / Saint-Joseph
51848,Saint-Urbain / Villeneuve
51938,Saint-Urbain / du Mont-Royal
52012,Saint-Urbain / Marie-Anne
52076,Saint-Urbain / Rachel
52139,Saint-Urbain / Duluth
52211,Hôpital Hôtel-Dieu (St-Urbain / St-Cuthbert)
52282,Saint-Urbain / des Pins
52363,Saint-Urbain / Prince-Arthur
52486,Saint-Urbain / Sherbrooke
52581,Station Place-des-Arts Nord / Saint-Urbain
52670,Saint-Urbain / Sainte-Catherine
52746,Saint-Urbain / René-Lévesque
52807,Saint-Urbain / De La Gauchetière
52851,Station Place-d'Armes (Saint-Urbain / Viger)
