54696,Centre de transport Anjou
54709,Centre de transport Anjou
54531,Larrey / Secant
54705,Jean-René-Ouimet / Parkway
54725,Parkway / No 10800
54727,Parkway / No 10700
54726,Parkway / No 10600
54548,Parkway / Bombardier
54561,Parkway / Ernest-Cormier
54566,Ernest-Cormier / No 8530
54569,Ernest-Cormier / Ray-Lawson
54587,Ray-Lawson / Grenache
54716,Ray-Lawson / Place Upton
54597,Ray-Lawson / Jarry
54620,Roi-René / Châteauneuf
54611,Châteauneuf / de la Loire
54608,Châteauneuf / de Vaujours
54607,Joseph-Renaud / Châteauneuf
54630,Joseph-Renaud / Wilfrid-Pelletier
54647,Joseph-Renaud / Châtillon
54652,Joseph-Renaud / des Vendéens
54662,Joseph-Renaud / Yves-Prévost
54669,Chénier / Saint-Donat
54673,Saint-Donat / des Réaux
54675,Saint-Donat / Roi-René
54677,Saint-Donat / De Grosbois
53266,Saint-Donat / De Forbin-Janson
53288,Saint-Donat / Sherbrooke
53278,Sherbrooke / Liébert
53252,Station Honoré-Beaugrand / Sherbrooke
53241,Sherbrooke / Lepailleur
53206,Sherbrooke / du Trianon
53196,Station Radisson (Sherbrooke / Des Groseilliers)
53185,Sherbrooke / Émile-Legrand
53177,Sherbrooke / Haig
53164,Sherbrooke / Desautels
53149,Station Langelier (Sherbrooke / Langelier)
53130,Sherbrooke / de Granby
53120,Sherbrooke / de Carignan
53706,Pavillon Grace Dart (Sherbrooke / No 6082)
53099,Station Cadillac (Sherbrooke / De Cadillac)
53077,Sherbrooke / Lacordaire
53069,Sherbrooke / Dickson
53705,Sherbrooke / No 5600
53040,Sherbrooke / de l'Assomption
53726,Sherbrooke / No 5300
52985,Sherbrooke / Viau
53704,Parc Maisonneuve
52960,Jardin botanique de Montréal (Sherbrooke / Pie-IX)
52962,Sherbrooke / Pie-IX
52957,Sherbrooke / Bourbonnière
54164,Sherbrooke / Valois
52948,Sherbrooke / De Chambly
52941,Sherbrooke / Aylwin
52923,Sherbrooke / Davidson
52899,Sherbrooke / Saint-Germain
52875,Sherbrooke / Moreau
52836,Sherbrooke / De Léry
52811,Sherbrooke / Hogan
52789,Gascon / Sherbrooke
52864,du Havre / Hochelaga
52946,du Havre / de Rouen
53016,Station Frontenac (du Havre / Ontario)
53075,du Havre / La Fontaine
53112,du Havre / De Maisonneuve
53031,René-Lévesque / Panet
52980,René-Lévesque / Amherst
52954,René-Lévesque / Saint-André
52930,René-Lévesque / Saint-Hubert
52905,René-Lévesque / Berri
52881,René-Lévesque / Saint-Denis
52834,René-Lévesque / de l'Hôtel-de-Ville
52783,René-Lévesque / Clark
52745,René-Lévesque / Saint-Urbain
52697,René-Lévesque / Jeanne-Mance
52625,Place du Frère-André
52587,René-Lévesque / Robert-Bourassa
52529,René-Lévesque / Mansfield
52483,Square Dorchester (René-Lévesque / Peel)
52463,René-Lévesque / Stanley
52416,René-Lévesque / de la Montagne
52373,René-Lévesque / Bishop
52327,René-Lévesque / Guy
52284,René-Lévesque / Saint-Mathieu
52198,René-Lévesque / Seymour
52149,René-Lévesque / du Sussex
52078,René-Lévesque / Atwater
54148,Station Atwater (Sainte-Catherine/Lambert-Closse)
