54148,Station Atwater (Sainte-Catherine/Lambert-Closse)
52150,du Sussex / René-Lévesque
52227,René-Lévesque / du Fort
52286,René-Lévesque / Saint-Mathieu
52329,René-Lévesque / Guy
52374,René-Lévesque / Bishop
52437,René-Lévesque / Drummond
52485,René-Lévesque / Peel
52530,René-Lévesque / Mansfield
53918,René-Lévesque / Union
52627,Basilique St-Patrick (R.-Lévesque/St-Alexandre)
60683,René-Lévesque / Jeanne-Mance
52782,René-Lévesque / Saint-Laurent
52835,René-Lévesque / de l'Hôtel-de-Ville
52882,René-Lévesque / Saint-Denis
54041,René-Lévesque / Berri
52931,René-Lévesque / Saint-Hubert
52982,René-Lévesque / Amherst
53032,Maison de Radio-Canada (René-Lévesque / Panet)
53073,René-Lévesque / Papineau
54071,Frontenac / Mondelet
53092,Frontenac / Logan
53014,Station Frontenac (Frontenac / Ontario)
52934,Frontenac / de Rouen
52857,Frontenac / Hochelaga
52788,Sherbrooke / Gascon
52812,Sherbrooke / Hogan
52854,Sherbrooke / De Léry
52876,Sherbrooke / Moreau
52900,Sherbrooke / Saint-Germain
52924,Sherbrooke / Davidson
52942,Sherbrooke / Aylwin
52949,Sherbrooke / De Chambly
52953,Collège de Maisonneuve (Shebrooke/V.-Bourgeau)
52958,Sherbrooke / d'Orléans
52961,Musée Dufresne-Nincheri (Sherbrooke / Pie-IX)
52955,Jardin botanique de Montréal (Sherbrooke / Pie-IX)
52989,Parc Maisonneuve
52987,Sherbrooke / Viau
53008,Sherbrooke / No 5300
53042,Sherbrooke / de l'Assomption
53061,Sherbrooke / No 5600
53070,Sherbrooke / Dickson
53078,Sherbrooke / Lacordaire
53101,Station Cadillac (Sherbrooke / De Cadillac)
53111,Sherbrooke / No 6082
53121,Sherbrooke / de Carignan
53131,Sherbrooke / de Granby
53150,Station Langelier (Sherbrooke / Langelier)
53165,Sherbrooke / Desautels
53178,Sherbrooke / Haig
53186,Sherbrooke / Émile-Legrand
53198,Sherbrooke / Radisson
54080,Station Radisson Sud (Sherbrooke / du Trianon)
53207,Sherbrooke / Place Versailles
53242,Sherbrooke / Lepailleur
53253,Station Honoré-Beaugrand / Sherbrooke
53279,Sherbrooke / Liébert
53290,Saint-Donat / Sherbrooke
53265,Saint-Donat / De Forbin-Janson
54676,Saint-Donat / De Grosbois
54674,Saint-Donat / Roi-René
54672,Saint-Donat / des Réaux
54668,Saint-Donat / Chénier
54661,Joseph-Renaud / Yves-Prévost
54646,Joseph-Renaud / Châtillon
54629,Joseph-Renaud / Wilfrid-Pelletier
54605,Joseph-Renaud / Châteauneuf
54609,Châteauneuf / Talcy
54610,Châteauneuf / Rabelais
54612,Châteauneuf / de la Loire
54621,Châteauneuf / de Fougeray
54596,Ray-Lawson / Roi-René
54715,Ray-Lawson / Upton
54586,Ray-Lawson / Grenache
54570,Ernest-Cormier / Ray-Lawson
54689,Ernest-Cormier / No 8530
54560,Ernest-Cormier / Parkway
54547,Secant / Bombardier
54729,Secant / No 10600
54730,Secant / No 10700
54688,Larrey / L.-J.-Forget
54696,Centre de transport Anjou
