59308,Saint-Antoine / Saint-Urbain
52780,Saint-Laurent / René-Lévesque
61049,Jeanne-Mance / du Président-Kennedy
52442,Sherbrooke / De Bleury
50111,du Parc / Milton
50112,du Parc / Prince-Arthur
50115,du Parc / Léo-Pariseau
60663,du Parc / des Pins
53702,Monument sir George-Étienne Cartier
51880,du Parc / du Mont-Royal
51798,du Parc / Villeneuve
51750,du Parc / Saint-Joseph
51709,du Parc / Laurier
51671,du Parc / Fairmount
51576,du Parc / Saint-Viateur
51501,du Parc / Bernard
51406,du Parc / Van Horne
51349,du Parc / Beaubien
51285,du Parc / No 6659
51258,du Parc / Beaumont
51125,Jean-Talon / Querbes
51113,Jean-Talon / Bloomfield
51084,Jean-Talon / Wiseman
51063,Station Acadie (Jean-Talon / de l'Acadie)
51016,de l'Acadie / Ogilvy
50938,de l'Acadie / Saint-Roch
50779,de l'Acadie / Jarry
50698,de l'Acadie / d'Anvers
50632,de l'Acadie / de Liège
50573,de l'Acadie / Crémazie
53823,Marché Central (de l'Acadie / Crémazie)
50481,de l'Acadie / Legendre
50428,de l'Acadie / Chabanel
50380,de l'Acadie / de Louvain
50324,de l'Acadie / Sauvé
50329,de l'Acadie / Sauvé
54082,de l'Acadie / Arthur-Lismer
50292,de l'Acadie / du Liban
53822,de l'Acadie / Persillier
50259,de l'Acadie / Henri-Bourassa
50251,Aréna Marcelin-Wilson (de l'Acadie/C.-Gill)
50246,de l'Acadie / Dudemaine
50242,de l'Acadie / de Louisbourg
50232,De Salaberry / Frigon
50225,De Salaberry / Taylor
50217,De Salaberry / De Poutrincourt
50203,De Salaberry / Guertin
50196,De Salaberry / O'Brien
50189,De Salaberry / Saint-Évariste
50178,De Salaberry / De Meulles
50172,De Salaberry / Grenet
50167,De Salaberry / Lachapelle
50159,Laurentien / Périnault
50152,Laurentien / Émile-Nelligan
60707,Laurentien / No 12245
50143,Laurentien / Gouin
50147,Lachapelle / Chevalier
