50147,Lachapelle / Chevalier
50153,Lachapelle / Émile-Nelligan
50163,Lachapelle / Périnault
50168,De Salaberry / Lachapelle
50174,De Salaberry / Grenet
50179,De Salaberry / De Meulles
50190,De Salaberry / Saint-Évariste
50198,De Salaberry / O'Brien
50204,De Salaberry / Guertin
50218,De Salaberry / De Poutrincourt
50226,De Salaberry / Taylor
50233,de l'Acadie / De Salaberry
50243,de l'Acadie / de Louisbourg
50249,de l'Acadie / Dudemaine
50252,de l'Acadie / Charles-Gill
50261,de l'Acadie / Henri-Bourassa
53978,de l'Acadie / Place de l'Acadie
53821,de l'Acadie / No 10500
50273,de l'Acadie / Persillier
50293,de l'Acadie / Olivier-Berthelet
54083,de l'Acadie / Arthur-Lismer
50326,de l'Acadie / Sauvé
50331,de l'Acadie / de Port-Royal
50378,de l'Acadie / de Louvain
50427,de l'Acadie / Chabanel
50482,de l'Acadie / Legendre
50539,Marché Central (de l'Acadie / Crémazie)
53828,de l'Acadie / Crémazie
50633,de l'Acadie / de Liège
50699,de l'Acadie / d'Anvers
50780,de l'Acadie / Jarry
50939,de l'Acadie / Saint-Roch
51017,de l'Acadie / Ogilvy
51085,Jean-Talon / Wiseman
51114,Jean-Talon / Bloomfield
51127,Jean-Talon / Querbes
51140,Station Parc (Jean-Talon / Hutchison)
51257,du Parc / Beaumont
50552,du Parc / No 6590
51348,du Parc / Beaubien
51408,du Parc / Van Horne
51503,du Parc / Bernard
51578,du Parc / Saint-Viateur
51673,du Parc / Fairmount
51711,du Parc / Laurier
51751,du Parc / Saint-Joseph
51799,du Parc / Villeneuve
51882,du Parc / du Mont-Royal
53703,Monument sir George-Étienne Cartier
60664,du Parc / des Pins
52250,du Parc / Léo-Pariseau
52298,du Parc / Prince-Arthur
52365,du Parc / Milton
52443,du Parc / Sherbrooke
52534,Station Place-des-Arts Ouest / De Bleury
52608,De Bleury / Sainte-Catherine
52679,De Bleury / René-Lévesque
52779,De Bleury / Viger
59308,Saint-Antoine / Saint-Urbain
