55890,Station Côte-Vertu
55650,Côte-Vertu / Saint-Germain
55664,Sainte-Croix / Côte-Vertu
55685,Sainte-Croix / Decelles
55698,Sainte-Croix / de l'Église
55725,Sainte-Croix / du Collège
55741,Sainte-Croix / Hodge
55747,Sainte-Croix / Dion
55755,Sainte-Croix / Saint-Philippe
56116,Décarie / Côte-de-Liesse
56105,Décarie / No 8400
50398,Station de la Savane (Décarie / Royalmount)
50436,Décarie / Ferrier
50477,Décarie / Paré
50509,Jean-Talon / Mountain Sights
53776,Jean-Talon / No 5000
50583,Jean-Talon / Victoria
50655,Victoria / Mackenzie
50691,Victoria / Bouchette
50737,Station Plamondon Nord (Victoria / Plamondon)
50818,Station Plamondon Sud (Victoria / Van Horne)
50875,Victoria / De La Peltrie
50925,Station Côte-Sainte-Catherine
50972,Victoria / Saint-Kevin
51014,Victoria / Lacombe
51059,Victoria / Jean-Brillant
51118,Victoria / Queen-Mary
51146,Queen-Mary / Roslyn
51175,Institut de gériatrie (Queen-Mary/Cedar Crescent)
53677,Oratoire Saint-Joseph (Queen-Mary/du Frère-André)
51267,Queen-Mary / Gatineau
51229,Decelles / Jean-Brillant
51167,Decelles / Édouard-Montpetit
51214,Édouard-Montpetit / McKenna
51248,Édouard-Montpetit / Louis-Colin
53877,Station Université-de-Montréal
51287,Édouard-Montpetit / Woodbury
51319,Édouard-Montpetit / de Stirling
51388,Station Édouard-Montpetit
56184,Vincent-d'Indy / Willowdale
56175,Vincent-d'Indy / Côte-Sainte-Catherine
56188,Côte-Sainte-Catherine / Dunlop
56196,Côte-Sainte-Catherine / Courcelette
56201,McEachran / Côte-Sainte-Catherine
56189,McEachran / Bernard
56182,McEachran / Lajoie
56171,McEachran / Van Horne
56221,Station Outremont (Van Horne / Wiseman)
56193,Outremont / Lajoie
56198,Outremont / Bernard
56203,Bernard / De L'Épée
51476,Bernard / Durocher
51504,Bernard / du Parc
51578,du Parc / Saint-Viateur
51673,du Parc / Fairmount
51711,du Parc / Laurier
51751,du Parc / Saint-Joseph
51799,du Parc / Villeneuve
51882,du Parc / du Mont-Royal
51884,du Mont-Royal / Jeanne-Mance
51939,du Mont-Royal / Saint-Urbain
51966,du Mont-Royal / Saint-Laurent
52006,du Mont-Royal / De Bullion
52036,du Mont-Royal / Henri-Julien
52057,du Mont-Royal / Saint-Denis
52084,Station Mont-Royal (du Mont-Royal / Berri)
52101,du Mont-Royal / Resther
52138,du Mont-Royal / de Mentana
52162,du Mont-Royal / Christophe-Colomb
52185,du Mont-Royal / De La Roche
52230,du Mont-Royal / De Lanaudière
52274,du Mont-Royal / Fabre
52308,du Mont-Royal / Papineau
52352,du Mont-Royal / Chabot
52383,du Mont-Royal / De Lorimier
52418,du Mont-Royal / Parthenais
52468,du Mont-Royal / Fullum
52524,du Mont-Royal / D'Iberville
52586,D'Iberville / Marie-Anne
52687,D'Iberville / Rachel
52764,D'Iberville / Sherbrooke
52858,Hochelaga / Frontenac
52864,du Havre / Hochelaga
52946,du Havre / de Rouen
53016,Station Frontenac (du Havre / Ontario)
53075,du Havre / La Fontaine
54038,Station Frontenac (Frontenac / Ontario)
