54038,Station Frontenac (Frontenac / Ontario)
52934,Frontenac / de Rouen
52857,Frontenac / Hochelaga
52770,Frontenac / Sherbrooke
52712,Frontenac / Rachel
52616,Frontenac / Marie-Anne
52504,du Mont-Royal / Frontenac
52453,du Mont-Royal / Fullum
52417,du Mont-Royal / Parthenais
52381,du Mont-Royal / De Lorimier
52351,du Mont-Royal / Chabot
52306,du Mont-Royal / Papineau
52273,du Mont-Royal / Fabre
52232,du Mont-Royal / De Lanaudière
52184,du Mont-Royal / De La Roche
52160,du Mont-Royal / Christophe-Colomb
52137,du Mont-Royal / de Mentana
52100,du Mont-Royal / Saint-Hubert
52055,du Mont-Royal / Saint-Denis
52035,du Mont-Royal / Henri-Julien
52005,du Mont-Royal / De Bullion
51972,du Mont-Royal / Saint-Laurent
51937,du Mont-Royal / Saint-Urbain
51881,du Mont-Royal / du Parc
51798,du Parc / Villeneuve
51750,du Parc / Saint-Joseph
51709,du Parc / Laurier
51671,du Parc / Fairmount
51576,du Parc / Saint-Viateur
51475,Bernard / Durocher
56202,Bernard / Bloomfield
56197,Bernard / Outremont
56192,Outremont / Lajoie
56180,Outremont / Van Horne
56220,Station Outremont (Van Horne / Wiseman)
56172,Van Horne / McEachran
56179,Rockland / Lajoie
56183,Rockland / Bernard
56195,Rockland / Côte-Sainte-Catherine
56187,Côte-Sainte-Catherine / Claude-Champagne
56178,Vincent-d'Indy / Côte-Sainte-Catherine
51387,Station Édouard-Montpetit
50114,CEPSUM (Édouard-Montpetit / No 2141)
51318,Édouard-Montpetit / de Stirling
51286,Édouard-Montpetit / Woodbury
53878,Station Université-de-Montréal
51247,Édouard-Montpetit / Louis-Colin
51213,Édouard-Montpetit / McKenna
51168,Édouard-Montpetit / Decelles
51230,Decelles / Jean-Brillant
51278,Decelles / Queen-Mary
51252,Queen-Mary / Côte-des-Neiges
51254,Queen-Mary / Côte-des-Neiges
53678,Oratoire Saint-Joseph (Queen-Mary/No 3800)
51176,Institut de gériatrie (Queen-Mary/Cedar Crescent)
51145,Queen-Mary / Roslyn
51117,Queen-Mary / Victoria
51058,Victoria / Jean-Brillant
51013,Victoria / Lacombe
50971,Victoria / Saint-Kevin
50923,Station Côte-Sainte-Catherine Ouest
50874,Victoria / De La Peltrie
50817,Station Plamondon Sud (Victoria / Van Horne)
50736,Station Plamondon Nord (Victoria / Plamondon)
50690,Victoria / Bouchette
50654,Victoria / Mackenzie
50587,Jean-Talon / No 4855
53892,Jean-Talon / No 5005
50531,Jean-Talon / Mountain Sights
50507,Station Namur (Jean-Talon / Décarie)
50475,Décarie / Paré
50435,Décarie / Ferrier
50410,Décarie / de la Savane
50377,Station De la Savane (Décarie / de Sorel)
56023,Décarie / Duncan
56140,Côte-de-Liesse / Décarie
55756,Sainte-Croix / Côte-de-Liesse
55746,Sainte-Croix / Dion
55739,Sainte-Croix / Hodge
55724,Sainte-Croix / du Collège
55697,Sainte-Croix / de l'Église
55684,Sainte-Croix / Decelles
55649,Côte-Vertu / Saint-Germain
55890,Station Côte-Vertu
