54195,Station Namur (Jean-Talon / Décarie)
53776,Jean-Talon / No 5000
50583,Jean-Talon / Victoria
50609,Jean-Talon / de la Savane
54318,Jean-Talon / Lucerne
54068,Jean-Talon / de Nancy
50810,Côte-des-Neiges / de Bedford
50865,Côte-des-Neiges / Barclay
50904,Côte-des-Neiges / Carlton
50942,Côte-des-Neiges / Van Horne
53865,Côte-des-Neiges / de La Peltrie
51047,Côte-des-Neiges / Côte-Sainte-Catherine
51102,Côte-des-Neiges / Saint-Kevin
51156,Côte-des-Neiges / Lacombe
51187,Station Côte-des-Neiges
51253,Côte-des-Neiges / Queen-Mary
51391,Côte-des-Neiges / No 4858
51427,Côte-des-Neiges / Ridgewood
51487,Côte-des-Neiges / Forest Hill
51546,Côte-des-Neiges / Remembrance
51627,Côte-des-Neiges / Blueridge
51653,Côte-des-Neiges / Gage
51715,McDougall / The Boulevard
51841,Côte-des-Neiges / Cedar
51923,du Docteur-Penfield / Côte-des-Neiges
51985,du Docteur-Penfield / Côte-des-Neiges
52045,Côte-des-Neiges / Summerhill
52096,Saint-Mathieu / Sherbrooke
52147,Station Guy-Concordia (St-Mathieu/De Maisonneuve)
52196,Saint-Mathieu / Sainte-Catherine
52285,Saint-Mathieu / René-Lévesque
52198,René-Lévesque / Seymour
52149,René-Lévesque / du Sussex
52078,René-Lévesque / Atwater
56301,Station Atwater
