54111,Station Angrignon / Terminus Est
56727,des Trinitaires / Newman
56970,Carrefour Angrignon
57085,Newman / Irwin
53901,Newman / Joseph-A.-Cousineau
51569,Newman / Résidence Y.-Brunet
51613,Jolicoeur / Jogues
51668,Jolicoeur / Dumas
51725,Jolicoeur / Hamilton
51778,Jolicoeur / Monk
51837,Jolicoeur / Hadley
51900,Jolicoeur / Eadie
51963,Jolicoeur / Laurendeau
52050,Jolicoeur / Angers
53952,Station Jolicoeur / De La Vérendrye
53951,De La Vérendrye / Desmarchais
56529,Woodland / Champlain
56545,Woodland / Bannantyne
56579,Woodland / de Verdun
56614,Woodland / Wellington
56633,LaSalle / Woodland
56642,LaSalle / Desmarchais
56647,LaSalle / 2e Avenue
56651,LaSalle / Rielle
56649,LaSalle / Galt
56645,de l'Église / LaSalle
56690,Station de l'Église (de l'Église / Ross)
56634,Station de l'Église / Wellington
56611,de l'Église / Gertrude
56591,de l'Église / de Verdun
56568,de l'Église / Claude
56560,de l'Église / Bannantyne
52228,de l'Église / Lesage
53903,de l'Église / Drake
52058,de l'Église / Angers
53904,de l'Église / Laurendeau
51908,de l'Église / Eadie
51845,de l'Église / Hadley
51771,de l'Église / No 2244
54299,Saint-Patrick / Briand
54392,Monk / Philippe-Turcot
60228,Monk / Notre-Dame
61640,Notre-Dame / Gadbois
51775,Notre-Dame / de Carillon
60533,Centre Gadbois / Côte-Saint-Paul
60708,Côte-Saint-Paul / Saint-Ambroise
60527,Notre-Dame / Côte-Saint-Paul
51833,Saint-Rémi / Acorn
51700,Saint-Rémi / Saint-Jacques
53974,De Courcelle / Saint-Jacques
56270,Sainte-Catherine / Victoria
53763,Station Vendôme / Terminus
