53763,Station Vendôme / Terminus
51594,De Maisonneuve / Bulmer
56272,Sainte-Catherine / Victoria
53906,Sainte-Catherine / Grosvenor
51790,De Courcelle / Saint-Jacques
54044,Saint-Rémi / Pullman
51823,Côte-Saint-Paul / Sainte-Clotilde
60528,Côte-Saint-Paul / Sainte-Marie
60709,Côte-Saint-Paul / Saint-Ambroise
60532,Centre Gadbois / Côte-Saint-Paul
51774,Notre-Dame / de Carillon
61641,Notre-Dame / Gadbois
54393,Monk / Côte-Saint-Paul
54404,Saint-Patrick / Briand
51770,Saint-Patrick / de l'Église
51846,de l'Église / Hadley
51909,de l'Église / Eadie
53905,de l'Église / Saint-Rémi
52060,de l'Église / Angers
53902,de l'Église / Drake
56689,Galt / Champlain
56558,Galt / Bannantyne
56567,Galt / Claude
56589,Galt / de Verdun
56630,Station de l'Église (Galt / Wellington)
56648,Galt / LaSalle
56710,de l'Église / LaSalle
56650,LaSalle / Rielle
56646,LaSalle / 2e Avenue
56716,LaSalle / 5e Avenue
56641,LaSalle / Desmarchais
56705,LaSalle / Woodland
56581,Woodland / de Verdun
56547,Woodland / Bannantyne
56526,Woodland / Champlain
53953,Station Jolicoeur (Drake / Holy Cross)
52049,Jolicoeur / Angers
51961,Jolicoeur / Laurendeau
51899,Jolicoeur / Eadie
51836,Jolicoeur / Hadley
51776,Jolicoeur / Monk
51724,Jolicoeur / Hamilton
51667,Jolicoeur / Dumas
51612,Jolicoeur / Jogues
51568,Newman / Jean-Béraud
51547,Newman / Joseph-Arthur-Cousineau
56969,Carrefour Angrignon
60633,Angrignon / face aux tours Angrignon
54111,Station Angrignon / Terminus Est
