56338,Kildare / Westminster
56345,Kildare / McMurray
56348,Kildare / Melling
56360,Kildare / Trinity
56366,Kildare / Parkhaven
56369,Kildare / Wildwood
56375,Kildare / Einstein
56383,Kildare / Kellert
56391,Kildare / Cavendish
56400,Cavendish / Heywood
56404,Fleet / Randall
56408,Fleet / Pinedale
56310,Fleet / Netherwood
56312,Fleet / Queen-Mary
56329,Fleet / Netherwood
56315,Fleet / Finchley
50643,Fleet / Macdonald
50660,Van Horne / Clanranald
50703,Van Horne / Décarie
50722,Van Horne / Décarie
50745,Van Horne / Westbury
50778,Van Horne / Lemieux
50819,Station Plamondon Sud (Van Horne / Victoria)
50867,Van Horne / Lavoie
50902,Van Horne / Légaré
50943,Van Horne / Côte-des-Neiges
50974,Van Horne / Decelles
51022,Van Horne / Hudson
53975,Van Horne / Linton
51083,Van Horne / Darlington
51124,Van Horne / Wilderton
51148,Van Horne / du Boisé
54135,Van Horne / de Vimy
56161,Van Horne / Pratt
56164,Van Horne / Hartland
56170,Van Horne / Rockland
56173,Van Horne / Dollard
56221,Station Outremont (Van Horne / Wiseman)
56186,Van Horne / Bloomfield
56191,Van Horne / Querbes
51390,Van Horne / Hutchison
51423,Van Horne / Jeanne-Mance
51449,Van Horne / Waverly
51648,Station Rosemont (Rosemont / De Saint-Vallier)
51685,Rosemont / Saint-Hubert
51728,Rosemont / Christophe-Colomb
51755,Rosemont / De Normanville
51788,Rosemont / Garnier
51822,Rosemont / Papineau
51844,Rosemont / Chabot
51861,Rosemont / De Lorimier
51903,Rosemont / des Écores
51958,Rosemont / D'Iberville
52000,Rosemont / 2e Avenue
52029,Rosemont / 5e Avenue
52068,Rosemont / 8e Avenue
52110,Rosemont / Saint-Michel
52175,Rosemont / 15e Avenue
52213,Rosemont / 17e Avenue
52249,Rosemont / Bourbonnière
52312,Rosemont / Pie-IX
52362,Rosemont / 25e Avenue
52413,Rosemont / 28e Avenue
52467,Rosemont / 31e Avenue
52545,Rosemont / 35e Avenue
52574,Rosemont / Viau
52622,Rosemont / des Marronniers
52668,Rosemont / 42e Avenue
52694,Rosemont / de l'Assomption
52723,Rosemont / Châtelain
52760,Rosemont / Pavillon Rosemont
52778,Rosemont / Lacordaire
52848,Rosemont / Duquesne
52885,Rosemont / de Carignan
52940,Rosemont / Langelier
53006,Langelier / Chauvin
53066,Langelier / De Renty
53097,Langelier / Senneville
60440,Station Langelier (Sherbrooke / Langelier)
53165,Sherbrooke / Desautels
53178,Sherbrooke / Haig
53186,Sherbrooke / Émile-Legrand
53198,Sherbrooke / Radisson
54080,Station Radisson Sud (Sherbrooke / du Trianon)
53207,Sherbrooke / Place Versailles
53242,Sherbrooke / Lepailleur
53275,Station Honoré-Beaugrand / Terminus Sud
