53275,Station Honoré-Beaugrand / Terminus Sud
53241,Sherbrooke / Lepailleur
53206,Sherbrooke / du Trianon
53196,Station Radisson (Sherbrooke / Des Groseilliers)
53185,Sherbrooke / Émile-Legrand
53177,Sherbrooke / Haig
53164,Sherbrooke / Desautels
53149,Station Langelier (Sherbrooke / Langelier)
53096,Langelier / Senneville
53057,Langelier / De Renty
53005,Langelier / Chauvin
54045,Rosemont / No 6585
52884,Rosemont / de Carignan
52847,Rosemont / Duquesne
52776,Rosemont / Lacordaire
53740,Rosemont / Pavillon Rosemont
52722,Rosemont / Châtelain
52692,Rosemont / de l'Assomption
52667,Rosemont / 42e Avenue
52621,Rosemont / 39e Avenue
52572,Rosemont / Viau
52544,Rosemont / 35e Avenue
52466,Rosemont / 31e Avenue
52427,Rosemont / 29e Avenue
52395,Rosemont / 27e Avenue
52361,Rosemont / 25e Avenue
52310,Rosemont / Pie-IX
54047,Rosemont / 19e Avenue
52212,Rosemont / 17e Avenue
52165,Collège Jean-Eudes (Rosemont / 14e Avenue)
52108,Rosemont / Saint-Michel
52067,Rosemont / 8e Avenue
52028,Rosemont / 5e Avenue
51992,Rosemont / 1re Avenue
51956,Rosemont / D'Iberville
51902,Rosemont / des Écores
51859,Rosemont / De Lorimier
51843,Rosemont / Chabot
51820,Rosemont / Papineau
51787,Rosemont / Garnier
51754,Rosemont / De Normanville
51726,Rosemont / Christophe-Colomb
51684,Rosemont / Saint-Hubert
51647,Rosemont / Saint-Denis
51448,Van Horne / Waverly
51407,Van Horne / du Parc
56190,Van Horne / Querbes
56185,Van Horne / Bloomfield
56220,Station Outremont (Van Horne / Wiseman)
56172,Van Horne / McEachran
56168,Van Horne / Rockland
56163,Van Horne / Hartland
56160,Van Horne / Pratt
54134,Van Horne / de Vimy
51147,Van Horne / Northcrest
51123,Van Horne / Wilderton
51082,Van Horne / Darlington
53976,Van Horne / Linton
51021,Van Horne / Hudson
50973,Van Horne / Decelles
50941,Van Horne / Côte-des-Neiges
50901,Van Horne / Légaré
50866,Van Horne / Lavoie
50820,Station Plamondon Sud (Van Horne / Victoria)
50777,Van Horne / Lemieux
50744,Van Horne / Westbury
50701,Van Horne / Décarie
50684,Van Horne / Coolbrook
50659,Van Horne / Clanranald
50641,Van Horne / Macdonald
56314,Fleet / Finchley
56313,Fleet / Netherwood
56311,Fleet / Queen-Mary
56330,Fleet / Netherwood
56407,Fleet / Pinedale
56403,Fleet / Randall
56393,Kildare / Cavendish
56382,Kildare / Kellert
56374,Kildare / Einstein
56368,Kildare / Caldwell
56364,Kildare / Parkhaven
56380,Guelph / Kincourt
56376,Guelph / Whitehorne
56371,Guelph / Melling
56362,Guelph / McMurray
56353,Guelph / Westminster
56343,Guelph / Westluke
56337,Guelph / Wentworth
56334,Kildare / Davies
56335,Kildare / Westluke
56338,Kildare / Westminster
