54148,Station Atwater (Sainte-Catherine/Lambert-Closse)
52086,Atwater / Dorchester
56304,Atwater / Saint-Antoine
56305,Saint-Antoine / Greene
52093,Saint-Antoine / Rose-de-Lima
51997,Saint-Antoine / Laporte
51964,Saint-Antoine / du Couvent
51917,Saint-Antoine / Saint-Ferdinand
51885,Saint-Antoine / Sainte-Marguerite
51851,Saint-Antoine / Lenoir
51789,Saint-Antoine / De Courcelle
51701,Saint-Jacques / Saint-Rémi
51523,Décarie / De Maisonneuve
51460,Décarie / Sherbrooke
51396,Sherbrooke / Girouard
51334,Girouard / Côte-Saint-Antoine
51291,Girouard / Notre-Dame-de-Grâce
51235,Girouard / Duquette
51201,Girouard / de Monkland
51128,Girouard / de Terrebonne
51136,de Terrebonne / Côte-Saint-Luc
51169,Décarie / Jacques-Grenier
51073,Décarie / Snowdon
51018,Décarie / Queen-Mary
50950,Décarie / Isabella
50905,Décarie / Édouard-Montpetit
50835,Décarie / Côte-Sainte-Catherine
50790,Décarie / Bourret
50700,Décarie / Van Horne
50628,Décarie / Plamondon
50591,Décarie / Vézina
50506,Station Namur (Décarie / Jean-Talon)
50510,Station Namur (Décarie / Jean-Talon)
50475,Décarie / Paré
50435,Décarie / Ferrier
50410,Décarie / de la Savane
50377,Station De la Savane (Décarie / de Sorel)
56023,Décarie / Duncan
55827,Décarie / No 255
55717,Station du Collège Sud (Décarie / Cartier)
55703,Station du Collège Nord (Décarie / du Collège)
55675,Décarie / de l'Église
55658,Décarie / Decelles
55641,Station Côte-Vertu (Côte-Vertu / Décarie)
55803,Côte-Vertu / Crevier
55594,Côte-Vertu / Leduc
55597,Côte-Vertu / Tait
55580,Côte-Vertu / Marlatt
55554,Côte-Vertu / Alexis-Nihon
55802,Côte-Vertu / Bourgoin
55518,Côte-Vertu / Bertrand
55517,Côte-Vertu / Duguay
55502,Côte-Vertu / Hocquart
55486,Côte-Vertu / Cavendish
55464,Côte-Vertu / Beaulac
55355,Côte-Vertu / No 3695
55445,Côte-Vertu / Bégin
55933,Bégin / Thimens
55426,Thimens / Pomba
55790,Thimens / Garand
55874,Thimens / Poirier
55875,Thimens / Steinberg
55873,Thimens / Dobrin
55876,Thimens / No 5555
55394,Thimens / Bois-Franc
55777,Cousens / Guénette
55887,Centre de transport St-Laurent (Guénette/Cousens)
