55887,Centre de transport St-Laurent (Guénette/Cousens)
55883,Guénette / Bois-Franc
55864,Thimens / Bois-Franc
55397,Thimens / No 5550
55870,Thimens / Dobrin
55872,Thimens / Poirier
55871,Thimens / Poirier
55433,Thimens / Garand
55800,Thimens / Pomba
55441,Thimens / Bégin
55778,Côte-Vertu / No 3695
55466,Côte-Vertu / Beaulac
55487,Côte-Vertu / Cavendish
55503,Côte-Vertu / Hocquart
55516,Côte-Vertu / Hills
55898,Côte-Vertu / No 2308
55556,Côte-Vertu / Alexis-Nihon
55581,Côte-Vertu / Marlatt
55596,Côte-Vertu / Marcel-Laurin
55604,Côte-Vertu / Leduc
55624,Côte-Vertu / Cardinal
55639,Station Côte-Vertu (Côte-Vertu / Décarie)
55677,Décarie / de l'Église
55825,Décarie / Beaudet
55706,Station du Collège Nord (Décarie / du Collège)
55723,Station du Collège Sud (Décarie / Saint-Louis)
55826,Décarie / No 290
56116,Décarie / Côte-de-Liesse
56105,Décarie / No 8400
50398,Station de la Savane (Décarie / Royalmount)
50436,Décarie / Ferrier
50477,Décarie / Paré
50508,Station Namur (Décarie / Jean-Talon)
50599,Décarie / Vézina
53831,Décarie / Kenmore
50702,Décarie / Van Horne
54226,Décarie / Cochrane
50806,Décarie / Lucy
53881,Décarie / Dupuis
50906,Décarie / Édouard-Montpetit
50951,Décarie / Isabella
51019,Décarie / Queen-Mary
51074,Décarie / Snowdon
51180,Décarie / Côte-Saint-Luc
51137,de Terrebonne / Earnscliffe
51129,Girouard / Guillaume-Couture
51203,Girouard / de Monkland
51236,Girouard / Duquette
51292,Girouard / Notre-Dame-de-Grâce
51333,Girouard / Côte-Saint-Antoine
54215,Girouard / Sherbrooke
51491,Girouard / Upper-Lachine
51559,Girouard / Saint-Jacques
51615,Saint-Jacques / Décarie
51702,Saint-Jacques / Saint-Rémi
51826,Saint-Jacques / Delinelle
51870,Saint-Jacques / Lenoir
51925,Saint-Jacques / Sainte-Marguerite
51987,Station Place-Saint-Henri / Saint-Ferdinand
52033,Saint-Jacques / du Couvent
52052,Saint-Jacques / Laporte
52094,Saint-Jacques / Rose-de-Lima
61330,Station Lionel-Groulx / Saint-Jacques
56303,Atwater / Saint-Antoine
52085,Atwater / du Souvenir
54148,Station Atwater (Sainte-Catherine/Lambert-Closse)
