54397,Maurice-Duplessis / Rivière-des-Prairies
52566,Rivière-des-Prairies / 5e Rue
52470,Rivière-des-Prairies / 4e Rue
52375,Perras / 57e Avenue
52302,Perras / 54e Avenue
53683,Perras / 51e Avenue
52124,Perras / René-Masson
54151,Perras / Rodolphe-Forget
54049,Perras / Pierre-Baillargeon
51889,Perras / Alexis-Carrel
51806,Perras / Alfred-Nobel
51719,Perras / 27e Avenue
53694,Perras / 25e Avenue
54000,Armand-Bombardier / Perras
51670,Armand-Bombardier / Philippe-Lebon
51723,Armand-Bombardier / André-Ampère
51767,Armand-Bombardier / Jean-Vincent
51810,Armand-Bombardier / Maurice-Duplessis
51877,Armand-Bombardier / Blaise-Pascal
52025,Armand-Bombardier / Henri-Bourassa
54721,L.-J.-Forget / Henri-Bourassa
54717,Larrey / L.-J.-Forget
54524,Larrey / Mirabeau
54692,Colbert / Larrey
54512,Colbert / No 10700
54535,Colbert / Ravenel
54537,Colbert / Bombardier
54529,Bombardier / Renaude-Lapointe
54519,des Galeries-d'Anjou / Bombardier
54523,des Galeries-d'Anjou / M.-B.-Jodoin
54532,des Galeries-d'Anjou / de l'Alsace
54536,des Galeries-d'Anjou / Giraud
54551,des Galeries-d'Anjou / Jarry
54564,des Galeries-d'Anjou / de la Pléiade
54581,des Galeries-d'Anjou / Jean-Talon
54576,Jean-Talon / des Halles
54998,Jean-Talon / No 6875
54995,Jean-Talon / No 6695
54992,Jean-Talon / Langelier
54989,Jean-Talon / De Bellefeuille
54985,Jean-Talon / Villanelle
54977,Jean-Talon / Valdombre
54972,Jean-Talon / Mainville
54969,Jean-Talon / Lacordaire
54974,Jean-Talon / de Pontoise
54965,Jean-Talon / de l'Assomption
54959,Jean-Talon / de Lisieux
54953,Jean-Talon / Dollier
54950,Jean-Talon / Michelet
54946,Jean-Talon / Viau
54943,Jean-Talon / Cannes
54935,Jean-Talon / Buies
54929,Jean-Talon / Provencher
54926,Jean-Talon / Daudet
51817,Jean-Talon / 24e Avenue
51792,Jean-Talon / Pie-IX
51757,Jean-Talon / 20e Avenue
51706,Jean-Talon / 17e Avenue
51692,Jean-Talon / 15e Avenue
51662,Jean-Talon / 13e Avenue
51631,Jean-Talon / Saint-Michel
51608,Jean-Talon / 8e Avenue
51587,Jean-Talon / 1re Avenue
51564,Station D'Iberville (Jean-Talon / D'Iberville)
51527,Jean-Talon / Louis-Hémon
51498,Jean-Talon / De Lorimier
51477,Jean-Talon / Chabot
51454,Station Fabre (Jean-Talon / Papineau)
51435,Station Fabre (Jean-Talon / Fabre)
51412,Jean-Talon / Garnier
51385,Jean-Talon / De Normanville
51356,Jean-Talon / Christophe-Colomb
51336,Station Jean-Talon Est / Saint-Hubert
51330,Jean-Talon / De Chateaubriand
51311,Station Jean-Talon Nord / Saint-Denis
51296,Jean-Talon / Henri-Julien
51269,Jean-Talon / Casgrain
51226,Jean-Talon / Clark
51198,Jean-Talon / Alexandra
54170,Station Parc (Jean-Talon / du Parc)
51125,Jean-Talon / Querbes
51113,Jean-Talon / Bloomfield
51084,Jean-Talon / Wiseman
51063,Station Acadie (Jean-Talon / de l'Acadie)
56123,Graham / Markham
56124,Graham / Rockland
56125,Dresden / Rockland
56126,Dresden / Clyde
56127,Dresden / Aberdare
50933,Gare Canora (Jean-Talon / Wilderton)
50922,Jean-Talon / de Dunkirk
50821,Jean-Talon / de Dieppe
50735,Jean-Talon / Mulberry
50693,Jean-Talon / Laird
54067,Jean-Talon / de Nancy
56104,Jean-Talon / Lucerne
50608,Jean-Talon / de la Savane
50581,Jean-Talon / Victoria
53892,Jean-Talon / No 5005
50531,Jean-Talon / Mountain Sights
50507,Station Namur (Jean-Talon / Décarie)
