50507,Station Namur (Jean-Talon / Décarie)
50475,Décarie / Paré
54224,Buchan / Mountain Sights
50532,Mountain Sights / Jean-Talon
53776,Jean-Talon / No 5000
50583,Jean-Talon / Victoria
50609,Jean-Talon / de la Savane
54318,Jean-Talon / Lucerne
54068,Jean-Talon / de Nancy
50694,Jean-Talon / Côte-des-Neiges
50746,Jean-Talon / Frobisher
50822,Jean-Talon / de Dieppe
50104,Gare Canora (Jean-Talon / Wilderton)
56093,Dresden / Aberdare
56121,Dresden / Clyde
56122,Dresden / Rockland
56095,Graham / Rockland
56100,Graham / Markham
51064,Station Acadie (Jean-Talon / de l'Acadie)
51085,Jean-Talon / Wiseman
51114,Jean-Talon / Bloomfield
51127,Jean-Talon / Querbes
51140,Station Parc (Jean-Talon / Hutchison)
51199,Jean-Talon / Alexandra
51227,Jean-Talon / Clark
51266,Jean-Talon / Saint-Dominique
53774,Jean-Talon / Drolet
51322,Station Jean-Talon Sud / De Saint-Vallier
54171,Jean-Talon / De Chateaubriand
51337,Station Jean-Talon Est / Saint-Hubert
51358,Jean-Talon / Christophe-Colomb
51386,Jean-Talon / De Normanville
51413,Jean-Talon / De Lanaudière
51436,Station Fabre (Jean-Talon / Fabre)
51453,Station Fabre (Jean-Talon / Papineau)
51478,Jean-Talon / Chabot
51500,Jean-Talon / De Lorimier
51528,Jean-Talon / Louis-Hémon
51554,Station D'Iberville (Jean-Talon / Louis-Hébert)
51566,Station D'Iberville (Jean-Talon / D'Iberville)
51588,Jean-Talon / 1re Avenue
51609,Jean-Talon / 8e Avenue
51633,Jean-Talon / Saint-Michel
51663,Jean-Talon / 13e Avenue
51693,Jean-Talon / 15e Avenue
51707,Jean-Talon / 17e Avenue
51758,Jean-Talon / 20e Avenue
51794,Jean-Talon / Pie-IX
51818,Jean-Talon / 24e Avenue
54925,Jean-Talon / Daudet
54930,Jean-Talon / Provencher
54936,Jean-Talon / Buies
54948,Jean-Talon / Viau
54951,Jean-Talon / Michelet
54954,Jean-Talon / Dollier
54961,Jean-Talon / de Lisieux
54966,Jean-Talon / de l'Assomption
54971,Jean-Talon / Lacordaire
54973,Jean-Talon / Mainville
54978,Jean-Talon / Valdombre
54986,Jean-Talon / Villanelle
54990,Jean-Talon / De Bellefeuille
54994,Jean-Talon / Langelier
54710,Jean-Talon / No 6695
55017,Jean-Talon / No 6875
54577,Jean-Talon / des Halles
54582,Jean-Talon / des Galeries-d'Anjou
54565,des Galeries-d'Anjou / de Belfroy
54549,des Galeries-d'Anjou / Jarry
54540,des Galeries-d'Anjou / Fontevrault
54533,des Galeries-d'Anjou / de l'Alsace
54522,des Galeries-d'Anjou / M.-B.-Jodoin
54516,des Galeries-d'Anjou / Bombardier
54528,Bombardier / Renaude-Lapointe
54534,Colbert / Ravenel
54687,Colbert / No 10700
54520,Colbert / Larrey
54525,Larrey / Mirabeau
54731,Larrey / L.-J.-Forget
54515,L.-J.-Forget / Henri-Bourassa
52026,Armand-Bombardier / Henri-Bourassa
51878,Armand-Bombardier / Blaise-Pascal
51808,Armand-Bombardier / Maurice-Duplessis
51766,Armand-Bombardier / Jean-Vincent
51722,Armand-Bombardier / André-Ampère
51669,Armand-Bombardier / Philippe-Lebon
51619,Armand-Bombardier / Perras
51691,Perras / 25e Avenue
51720,Perras / 27e Avenue
51807,Perras / Alfred-Nobel
51890,Perras / Alexis-Carrel
54050,Perras / Pierre-Baillargeon
54152,Perras / Rodolphe-Forget
52125,Perras / René-Masson
53684,Perras / 49e Avenue
52303,Perras / 54e Avenue
54073,Perras / 57e Avenue
52429,Perras / Rivière-des-Prairies
52471,Rivière-des-Prairies / 4e Rue
52567,Rivière-des-Prairies / 5e Rue
54271,Maurice-Duplessis / 62e Avenue
54284,Maurice-Duplessis / 70e Avenue
54270,Maurice-Duplessis / 62e Avenue
54397,Maurice-Duplessis / Rivière-des-Prairies
