56308,Station Atwater (Tupper / Atwater)
54262,Station Namur (Décarie / Jean-Talon)
55356,Côte-de-Liesse Nord / No 5415
55843,Côte-de-Liesse / No 5805
55558,Transcanadienne / No 7101
55473,Transcanadienne / Bégin
55789,Transcanadienne / Pomba
55928,Transcanadienne / No 9379
55365,Transcanadienne / Halpern
55958,Transcanadienne / No 9775
57533,Transcanadienne / No 1255
57387,Transcanadienne / Sunnybrooke
57492,Transcanadienne / No 1675
57546,Transcanadienne / No 1865
57371,Transcanadienne / Deacon
57947,des Sources / Brunswick
61131,de Salaberry / Barcelone
57907,de Salaberry / No 12001
57904,De Salaberry / Hôtel-De-Ville
57897,de Salaberry / Montevista
61127,de Salaberry / Tecumseh
61128,de Salaberry / Frontenac
61129,de Salaberry / Blue Haven
61130,de Salaberry / Hurteau
57854,Saint-Jean / Lake
57852,Saint-Jean / Roger-Pilon
57994,Saint-Jean / Ernest
58147,Saint-Jean / Anselme-Lavigne
60537,Saint-Jean / Harry-Worth
58137,de Pierrefonds / Saint-Jean
58244,de Pierrefonds / Harry-Worth
58237,de Pierrefonds / Esther-Blondin
58268,de Pierrefonds / Saint-Pierre
58124,de Pierrefonds / Jacques-Bizard
58118,de Pierrefonds / Paiement
58299,de Pierrefonds / No 15729
58103,de Pierrefonds / Sainte-Anne
58069,de Pierrefonds / Richelieu
58262,de Pierrefonds / Forbes
58093,de Pierrefonds / Saint-Charles
58090,de Pierrefonds / Louis-Fréchette
58089,de Pierrefonds / Nanterre
58240,de Pierrefonds / des Cageux
58249,des Cageux / Gouin
58087,Gouin / Coursol
58296,Château-Pierrefonds / Oka
58239,de Pierrefonds / Prével
58241,de Pierrefonds / des Cageux
58083,de Pierrefonds / Nanterre
58261,de Pierrefonds / Louis-Fréchette
58095,de Pierrefonds / Saint-Charles
