58095,de Pierrefonds / Saint-Charles
58096,de Pierrefonds / Saint-Charles
58263,de Pierrefonds / Forbes
58075,de Pierrefonds / Richelieu
58264,de Pierrefonds / Sainte-Anne
58308,de Pierrefonds / No 15760
58119,de Pierrefonds / Paiement
58266,de Pierrefonds / Jacques-Bizard
58269,de Pierrefonds / Saint-Pierre
58236,de Pierrefonds / Esther-Blondin
58245,de Pierrefonds / Harry-Worth
58290,de Pierrefonds / Harry-Worth
58136,de Pierrefonds / Saint-Jean
60536,Saint-Jean / Harry-Worth
57997,Saint-Jean / Jolicoeur
57851,Saint-Jean / Harris
57853,Saint-Jean / Shakespeare
57855,Saint-Jean / Westminster
61132,de Salaberry / Saint-Jean
61133,de Salaberry / Blue Haven
61134,de Salaberry / Frontenac
61135,de Salaberry / Tecumseh
57899,De Salaberry / Iberville
57903,De Salaberry / Hôtel-De-Ville
57941,de Salaberry / Hôtel-de-Ville
61136,de Salaberry / Madrid
61137,de Salaberry / des Sources
57945,des Sources / Brunswick
57494,Transcanadienne / No 2052
57372,Transcanadienne / André
57495,Transcanadienne / No 1600
57386,Transcanadienne / No 1400
57496,Transcanadienne / No 1300
55792,Transcanadienne / Abrams
55366,Transcanadienne / Halpern
55343,Transcanadienne Sud / No 9300
55889,Transcanadienne / No 8150
55452,Transcanadienne / McArthur
55469,Transcanadienne / Locke
56120,Côte-de-Liesse / No 5430
50508,Station Namur (Décarie / Jean-Talon)
56297,Station Atwater (Atwater / Sainte-Catherine)
56308,Station Atwater (Tupper / Atwater)
