61626,Aéroport international Pierre-Eliott-Trudeau
57505,Gare Dorval
57525,Michel-Jasmin / O'Connell
57524,Michel-Jasmin / Orly
57523,Michel-Jasmin / Lépine
57362,Côte-de-Liesse / No 11450
57313,Côte-de-Liesse / 55e Avenue
57314,Côte-de-Liesse / 46e Avenue
57312,Côte-de-Liesse / 43e Avenue
57311,Côte-de-Liesse / 32e Avenue
57343,Côte-de-Liesse / No 9500
57357,Côte-de-Liesse / No 9432
55468,Côte-de-Liesse / Graveline
55907,Côte-de-Liesse / No 8180
55480,Côte-de-Liesse / Montée de Liesse
55851,Côte-de-Liesse / No 7520
55520,Côte-de-Liesse / Hickmore
55541,Côte-de-Liesse / Barr
55842,Passerelle Barr (Côte-de-Liesse / No 6600)
55844,Côte-de-Liesse / No 6400
55601,Côte-de-Liesse / Cavendish
55622,Côte-de-Liesse / Dalton
56110,Passerelle Isabey-Darnley (Côte-de-Liesse/Isabey)
56139,Côte-de-Liesse / No 5750
56120,Côte-de-Liesse / No 5430
55827,Décarie / No 255
55717,Station du Collège Sud (Décarie / Cartier)
55703,Station du Collège Nord (Décarie / du Collège)
55675,Décarie / de l'Église
55658,Décarie / Decelles
61323,Décarie / Côte-Vertu
55650,Côte-Vertu / Saint-Germain
55662,Côte-Vertu / Sainte-Croix
55688,Côte-Vertu / Dutrisac
55712,Côte-Vertu / Montpellier
55720,Côte-Vertu / Muir
55730,Côte-Vertu / Jules-Poitras
55734,Côte-Vertu / Grimard
55865,Côte-Vertu / No 100
53682,Sauvé / Elzéar-Soucy
50328,Sauvé / de l'Acadie
50342,Sauvé / Meilleur
50354,Sauvé / Tolhurst
50370,Sauvé / Waverly
50382,Sauvé / Clark
50393,Sauvé / Grande Allée
50404,Sauvé / Laverdure
50438,Station Sauvé Sud (Sauvé / Berri)
50443,Sauvé / Lajeunesse
50447,Sauvé / Millen
50469,Sauvé / Saint-Hubert
50488,Sauvé / Georges-Baril
50493,Sauvé / Chambord
50505,Sauvé / Christophe-Colomb
50528,Sauvé / Curotte
50543,Sauvé / Garnier
50558,Sauvé / Papineau
50572,Sauvé / Charton
50595,Sauvé / De Lorimier
50617,Sauvé / Parthenais
50634,Sauvé / de Lille
50667,Sauvé / D'Iberville
50686,Sauvé / Sackville
50719,Sauvé / Larose
54216,Saint-Michel / Sauvé
