54216,Saint-Michel / Sauvé
50802,Charland / J.-J.-Gagnier
50754,Charland / Sackville
50731,Charland / D'Iberville
50704,Charland / de Lille
50625,Sauvé / Rancourt
50616,Sauvé / Parthenais
50594,Sauvé / De Lorimier
50571,Sauvé / Charton
50556,Sauvé / Papineau
50542,Sauvé / Garnier
50527,Sauvé / Curotte
50503,Sauvé / Christophe-Colomb
50492,Sauvé / Chambord
50487,Sauvé / Georges-Baril
50467,Sauvé / Saint-Hubert
50446,Sauvé / Millen
50442,Sauvé / Lajeunesse
50439,Station Sauvé Nord (Sauvé / Berri)
50403,Sauvé / Laverdure
50391,Sauvé / Saint-Laurent
50373,Sauvé / Saint-Urbain
50365,Sauvé / de l'Esplanade
50353,Sauvé / Tolhurst
50346,Sauvé / Verville
50341,Sauvé / Meilleur
50325,Sauvé / de l'Acadie
50330,Sauvé / de l'Acadie ouest
53681,Sauvé / Elzéar-Soucy
55736,Côte-Vertu / Lebeau
55733,Côte-Vertu / Grimard
55728,Côte-Vertu / Jules-Poitras
55718,Côte-Vertu / Muir
55707,Côte-Vertu / Champigny
55696,Côte-Vertu / Barré
55689,Côte-Vertu / Dutrisac
55661,Côte-Vertu / Sainte-Croix
55649,Côte-Vertu / Saint-Germain
60295,Station Côte-Vertu
55677,Décarie / de l'Église
55825,Décarie / Beaudet
55706,Station du Collège Nord (Décarie / du Collège)
55723,Station du Collège Sud (Décarie / Saint-Louis)
55826,Décarie / No 290
55356,Côte-de-Liesse Nord / No 5415
55843,Côte-de-Liesse / No 5805
55655,Passerelle Isabey-Darnley (Côte-de-Liesse/Isabey)
55855,Côte-de-Liesse / No 6015
55602,Côte-de-Liesse / Cavendish
55779,Côte-de-Liesse / No 6395
55860,Passerelle Barr (Côte-de-Liesse / No 6665)
55521,Côte-de-Liesse Nord / McArthur
60711,Côte-de-Liesse / Griffith
55856,Côte-de-Liesse / Montée de Liesse
55482,Côte-de-Liesse / No 8305
55780,Côte-de-Liesse / CAE
57489,Côte-de-Liesse / Autoroute Chomedey
57490,Côte-de-Liesse / Renaud
57526,Côte-de-Liesse / No 9551
57488,Côte-de-Liesse / No 10161
57487,Côte-de-Liesse / Riddle
57542,Côte-de-Liesse / No 10525
57565,Côte-de-Liesse / No 10755
57117,Côte-de-Liesse / Calais
57480,Côte-de-Liesse / Halpern
57477,Côte-de-Liesse / Avoca
57527,Côte-de-Liesse Nord / No 12055
61626,Aéroport international Pierre-Eliott-Trudeau
