61371,Stinson / Montpellier
55762,Stinson / Hodge
55758,Hodge / Montpellier
55753,Hodge / Houde
55750,Hodge / Laperrière
55744,Hodge / Hébert
55740,Hodge / Sainte-Croix
55727,du Collège / Sainte-Croix
55713,du Collège / Saint-Germain
55704,Station du Collège Nord (du Collège / Décarie)
55675,Décarie / de l'Église
55658,Décarie / Decelles
61323,Décarie / Côte-Vertu
55650,Côte-Vertu / Saint-Germain
55662,Côte-Vertu / Sainte-Croix
55688,Côte-Vertu / Dutrisac
55712,Côte-Vertu / Montpellier
55720,Côte-Vertu / Muir
55731,Jules-Poitras / Côte-Vertu
55715,Jules-Poitras / Thompson
55695,Jules-Poitras / No 1385
55659,Jules-Poitras / Deguire
55647,Jules-Poitras / Crépeau
50262,Henri-Bourassa / de l'Acadie
50263,Henri-Bourassa / de l'Acadie
50265,Henri-Bourassa / Marcelin-Wilson
50270,Collège de Bois-de-Boulogne
50278,Henri-Bourassa / Meilleur
50280,Henri-Bourassa / Tanguay
50284,Henri-Bourassa / Jeanne-Mance
50286,Henri-Bourassa / Meunier
50288,Henri-Bourassa / Waverly
50296,Henri-Bourassa / Saint-Laurent
50297,Henri-Bourassa / Saint-Laurent
50300,Henri-Bourassa / Laverdure
50303,Station Henri-Bourassa Ouest / Berri
50307,Station Henri-Bourassa Sud / Millen
50317,Henri-Bourassa / Saint-Hubert
50321,Henri-Bourassa / Georges-Baril
50335,Henri-Bourassa / Chambord
50351,Henri-Bourassa / Christophe-Colomb
50364,Henri-Bourassa / Hamel
50367,Henri-Bourassa / Francis
50388,Henri-Bourassa / du Fort-Lorette
50400,Henri-Bourassa / Papineau
50409,Henri-Bourassa / Séguin
50415,Henri-Bourassa / De Saint-Firmin
50430,Henri-Bourassa / Parthenais
50445,Henri-Bourassa / de Lille
50465,Henri-Bourassa / D'Iberville
50484,Henri-Bourassa / Sackville
50495,Henri-Bourassa / J.-J.-Gagnier
50514,Henri-Bourassa / Poitras
50515,Henri-Bourassa / Saint-Michel
55035,Henri-Bourassa / Leblanc
55040,Henri-Bourassa / du Parc-Georges
55045,Henri-Bourassa / Saint-Vital
55049,Henri-Bourassa / Plaza
55053,Henri-Bourassa / des Récollets
61542,Henri-Bourassa / Pie IX
55067,Henri-Bourassa / Hôtel-de-Ville
55073,Henri-Bourassa / Pelletier
55094,Henri-Bourassa / Balzac
55109,Henri-Bourassa / Bellevois
55147,Henri-Bourassa / Sainte-Gertrude
55175,Henri-Bourassa / Racette
55191,Henri-Bourassa / Alfred
55200,Henri-Bourassa / Salk
55214,Henri-Bourassa / Sainte-Colette
55245,CLSC de Montréal-Nord (Lacordaire / Renoir)
55221,Lacordaire / Crevier
55209,Lacordaire / Maurice-Duplessis
55227,Maurice-Duplessis / Désy
55244,Maurice-Duplessis / P.-M.-Favier
55263,Maurice-Duplessis / Rolland
55281,Maurice-Duplessis / Matte
55288,Maurice-Duplessis / Langelier
55291,Maurice-Duplessis / Albert-Hudon
54236,Hôpital Rivière-des-Prairies
51464,Cégep Marie-Victorin
54048,Maurice-Duplessis / 6e Avenue
51553,Maurice-Duplessis / Pierre-Blanchet
51610,Maurice-Duplessis / Marc-Aurèle-Fortin
53928,Maurice-Duplessis / Fernand-Gauthier
51698,Maurice-Duplessis / La Valinière
51760,Maurice-Duplessis / No 7860
51811,Maurice-Duplessis / Armand-Bombardier
51877,Armand-Bombardier / Blaise-Pascal
52025,Armand-Bombardier / Henri-Bourassa
54721,L.-J.-Forget / Henri-Bourassa
54526,L.-J.-Forget / Larrey
