54526,L.-J.-Forget / Larrey
54515,L.-J.-Forget / Henri-Bourassa
52026,Armand-Bombardier / Henri-Bourassa
51878,Armand-Bombardier / Blaise-Pascal
51756,Maurice-Duplessis / No 7861
51699,Maurice-Duplessis / La Valinière
53927,Maurice-Duplessis / Fernand-Gauthier
54051,Maurice-Duplessis / No 7588
51552,Maurice-Duplessis / Pierre-Blanchet
51521,Maurice-Duplessis / 5e Avenue
53930,Cégep Marie-Victorin
53931,Hôpital Rivière-des-Prairies (M.-Duplessis/No 7000
55290,Maurice-Duplessis / Albert-Hudon
55282,Maurice-Duplessis / Monty
55276,Maurice-Duplessis / Lapierre
55261,Maurice-Duplessis / Rolland
55232,Maurice-Duplessis / Laurier
55211,Lacordaire / des Tulipes
55230,Lacordaire / des Iris
55256,Lacordaire / Henri-Bourassa
55222,Henri-Bourassa / Jean-Meunier
55199,Henri-Bourassa / Salk
55190,Henri-Bourassa / Alfred
55174,Henri-Bourassa / Racette
55145,Henri-Bourassa / Sainte-Gertrude
55115,Henri-Bourassa / L'Archevêque
55095,Henri-Bourassa / Drapeau
55072,Henri-Bourassa / Pelletier
55064,Henri-Bourassa / Pie IX
55052,Henri-Bourassa / London
55048,Henri-Bourassa / Plaza
55043,Henri-Bourassa / Saint-Vital
55039,Henri-Bourassa / de Mère-Anselme
55038,Henri-Bourassa / de Belleville
55034,Henri-Bourassa / Audoin
50513,Henri-Bourassa / Saint-Michel
50494,Henri-Bourassa / J.-J.-Gagnier
50483,Henri-Bourassa / Sackville
50464,Henri-Bourassa / D'Iberville
50444,Henri-Bourassa / de Lille
50429,Henri-Bourassa / Parthenais
50413,Henri-Bourassa / De Saint-Firmin
50408,Henri-Bourassa / Séguin
53805,Henri-Bourassa / Lambert
50387,Henri-Bourassa / du Fort-Lorette
50366,Henri-Bourassa / Francis
50363,Henri-Bourassa / Hamel
50350,Henri-Bourassa / Christophe-Colomb
50333,Henri-Bourassa / De La Roche
50316,Henri-Bourassa / Saint-Hubert
50306,Station Henri-Bourassa Nord / Lajeunesse
50301,Station Henri-Bourassa / Saint-Denis
50299,Henri-Bourassa / Laverdure
50295,Henri-Bourassa / Saint-Laurent
50287,Henri-Bourassa / Waverly
50285,Henri-Bourassa / Meunier
50283,Henri-Bourassa / Jeanne-Mance
50279,Henri-Bourassa / Tanguay
50277,Henri-Bourassa / Meilleur
53727,SAAQ (Henri-Bourassa / No 750)
50268,Henri-Bourassa / du Bois-de-Boulogne
50264,Henri-Bourassa / Marcelin-Wilson
50260,Henri-Bourassa / de l'Acadie
55648,Jules-Poitras / Crépeau
55660,Jules-Poitras / Deguire
55815,Jules-Poitras / No 1385
55716,Jules-Poitras / Thompson
55729,Jules-Poitras / Côte-Vertu
55718,Côte-Vertu / Muir
55707,Côte-Vertu / Champigny
55696,Côte-Vertu / Barré
55689,Côte-Vertu / Dutrisac
55661,Côte-Vertu / Sainte-Croix
55649,Côte-Vertu / Saint-Germain
60289,Station Côte-Vertu
55677,Décarie / de l'Église
55825,Décarie / Beaudet
55714,du Collège / Saint-Germain
55726,du Collège / Filiatrault
55742,Hodge / Sainte-Croix
55745,Hodge / Hébert
55751,Hodge / Laperrière
55754,Hodge / Houde
55895,Hodge / Harris
55759,Hodge / Montpellier
61371,Stinson / Montpellier
