50507,Station Namur (Jean-Talon / Décarie)
50475,Décarie / Paré
50435,Décarie / Ferrier
50410,Décarie / de la Savane
50377,Station De la Savane (Décarie / de Sorel)
56023,Décarie / Duncan
55827,Décarie / No 255
55717,Station du Collège Sud (Décarie / Cartier)
55703,Station du Collège Nord (Décarie / du Collège)
55675,Décarie / de l'Église
55658,Décarie / Decelles
55640,Station Côte-Vertu (Décarie / Côte-Vertu)
60394,Rochon / Cardinal
55574,Cardinal / Tassé
55548,Cardinal / Deguire
55531,Deguire / Grenet
55868,Grenet / Bombardier
55504,Grenet / Poirier
55490,Grenet / Cambridge
55476,Grenet / Oxford
55470,Grenet / Laval
55457,Grenet / Henri-Bourassa
50191,Gare Bois-Franc (Grenet / Ranger)
50183,Grenet / de Louisbourg
53758,Grenet / No 11940
50171,Grenet / De Salaberry
50161,Grenet / Legault
50154,Grenet / De Mésy
50151,Grenet / Gouin
50144,Gouin / Laurentien
50142,Gouin / Cousineau
50140,Gouin / de Somerset
50138,Gouin / du Golf
50136,Gouin / Henri-D'Arles
50134,Gouin / Olivier
50132,Gouin / de Beauséjour
50128,Gouin / Toupin
50127,Gouin / Albert-Prévost
50126,Gouin / Antoine-Berthelet
50125,Gouin / Wilfrid-Lazure
53770,Gouin / Résidence Saraguay
53690,Gouin / LeMesurier
54020,Gouin / Wood
50124,Gouin / du Ruisseau
58287,Gouin / No 9409
58219,Gouin / Wilfrid
58217,Gouin / d'Orléans
58216,Gouin / Hortie
58215,Gouin / Laurin
58213,Gouin / Alexander
58212,Gouin / Robitaille
58211,Gouin / Sunnybrooke
58210,Gouin / Deslauriers
58209,Gouin / Dollard
58017,Gouin / 1re Rue
58012,Gouin / 2e Rue
58252,Gouin / No 10376
58324,Gouin / Le Boulevard
58019,Gouin / 3e Avenue
58003,Gouin / 4e Avenue
58207,Gouin / Meighen
58020,Gouin / 8e Avenue
58203,Gouin / de Pierrefonds
58196,des Sources / Gouin
58304,de Pierrefonds / No 11700
58302,de Pierrefonds / No 11950
58197,de Pierrefonds / Saint-Barnabas
58188,de Pierrefonds / Westpark
58246,de Pierrefonds / Perron
58173,de Pierrefonds / Fredmir
58162,de Pierrefonds / Belleville
58273,de Pierrefonds / Fox
58271,de Pierrefonds / Richmond
58141,de Pierrefonds / René-Émard
60536,Saint-Jean / Harry-Worth
57997,Saint-Jean / Jolicoeur
57851,Saint-Jean / Harris
57853,Saint-Jean / Shakespeare
57855,Saint-Jean / Westminster
57833,Saint-Jean / de Salaberry
57858,Saint-Jean / Devon
57616,Saint-Jean / Labrosse
61309,Saint-Jean / Brunswick
57649,Hymus / Saint-Jean
57637,Hymus / Paprican
57622,Hymus / Alston
57614,Hymus / No 285
60652,Hymus / No 300
57603,Hymus / Stillview
58365,Hymus / André-Brunet
58363,Hymus / Eaton
58360,Hymus / Châteauneuf
58357,Hymus / de la Caravelle
58356,Hymus / No 16889
58378,Saint-Charles / Hymus
58355,Saint-Charles / Kirkland
58391,Saint-Charles / No 2768
58462,Saint-Charles / Creswell
58466,Saint-Charles / Sherbrooke
58485,Gare Beaconsfield
