58485,Gare Beaconsfield
58467,Saint-Charles / Sherbrooke
58461,Saint-Charles / Creswell
58390,Saint-Charles / No 2755
58354,Saint-Charles / Kirkland
58351,Saint-Charles / Hymus
58386,Hymus / No 16889
58358,Hymus / de la Caravelle
58361,Hymus / Châteauneuf
58364,Hymus / Eaton
58366,Hymus / André-Brunet
57604,Hymus / Stillview
60651,Hymus / No 300
57766,Hymus / No 285
57623,Hymus / Alston
57636,Hymus / Paprican
57648,Hymus / Saint-Jean
57808,Saint-Jean / Holiday
57792,Saint-Jean / Complexe Pointe-Claire
57981,Saint-Jean / Blue Haven
57834,Saint-Jean / de Salaberry
57854,Saint-Jean / Lake
57852,Saint-Jean / Roger-Pilon
57994,Saint-Jean / Ernest
58147,Saint-Jean / Anselme-Lavigne
60537,Saint-Jean / Harry-Worth
58135,Saint-Jean / de Pierrefonds
58143,de Pierrefonds / René-Émard
58270,de Pierrefonds / Richmond
58272,de Pierrefonds / Aragon
58274,de Pierrefonds / Belleville
58174,de Pierrefonds / Fredmir
58247,de Pierrefonds / Perron
58275,de Pierrefonds / Westpark
58276,de Pierrefonds / Saint-Barnabas
58301,de Pierrefonds / No 11950
58303,de Pierrefonds / No 11700
58200,de Pierrefonds / des Sources
58202,de Pierrefonds / Gouin
58013,Gouin / 6e Avenue
58208,Gouin / Gare Roxboro
58004,Gouin / 4e Avenue
58018,Gouin / 2e Avenue
58014,Gouin / The Boulevard
58251,Gouin / No 10376
58015,Gouin / 2e Rue
58016,Gouin / 1re Rue
58278,Gouin / Dollard
58279,Gouin / Deslauriers
58235,Gouin / Sunnybrooke
58280,Gouin / Robitaille
58214,Gouin / Alexander
58281,Gouin / Hortie
58218,Gouin / d'Orléans
58282,Gouin / Wilfrid
58283,Gouin / Autoroute 13
54064,Gouin / Camille
53766,Gouin / Wood
53691,Gouin / LeMesurier
53771,Gouin / Résidence Saraguay
53767,Gouin / Joseph-Saucier
53768,Gouin / Antoine-Berthelet
53769,Gouin / Albert-Prévost
50129,Gouin / Toupin
50133,Gouin / de Beauséjour
50135,Gouin / Olivier
50137,Gouin / Henri-D'Arles
50139,Gouin / du Golf
50141,Gouin / de Somerset
50145,Gouin / Laurentien
50146,Gouin / Lachapelle
50155,Grenet / De Mésy
50162,Grenet / Legault
50173,Grenet / De Salaberry
50177,Grenet / No 11940
50184,Grenet / de Louisbourg
50192,Grenet / Ranger
55459,Grenet / Henri-Bourassa
55471,Grenet / Laval
55477,Grenet / Oxford
55491,Grenet / Cambridge
55505,Grenet / Poirier
55867,Grenet / Bombardier
55532,Grenet / Deguire
55542,Deguire / Crevier
55569,Crevier / Tassé
55590,Crevier / Rochon
55615,Rochon / Gohier
55890,Station Côte-Vertu
55677,Décarie / de l'Église
55825,Décarie / Beaudet
55706,Station du Collège Nord (Décarie / du Collège)
55723,Station du Collège Sud (Décarie / Saint-Louis)
55826,Décarie / No 290
56116,Décarie / Côte-de-Liesse
56105,Décarie / No 8400
50398,Station de la Savane (Décarie / Royalmount)
50436,Décarie / Ferrier
50477,Décarie / Paré
50507,Station Namur (Jean-Talon / Décarie)
