60482,d'Amiens / Hôtel-de-Ville
55164,d'Amiens / Armand-Lavergne
55188,Armand-Lavergne / Forest
55159,Forest / Garon
55133,Forest / Pie-IX
55150,Pie-IX / Fleury
55179,Pie-IX / Industriel
60484,des Grandes-Prairies / Pie-IX
60506,des Grandes-Prairies / Lionel-Groulx
54749,des Grandes-Prairies / No 4840
54754,des Grandes-Prairies / Viau
54760,des Grandes-Prairies / Saguenay
54763,des Grandes-Prairies / Salvaye
54764,des Grandes-Prairies / Puyseaux
54774,des Grandes-Prairies / Lacordaire
54775,des Grandes-Prairies / Lacordaire
54793,des Grandes-Prairies / du Prado
55020,des Grandes-Prairies / No 6150
55027,des Grandes-Prairies / Langelier
55022,Langelier / No 9300
61643,Couture / Léonard
54868,Couture / Pascal-Gagnon
60625,Pascal-Gagnon / du Champ-d'Eau
60486,Pascal-Gagnon / des Grandes-Prairies
60487,Pascal-Gagnon / Place Pascal-Gagnon
60489,Renaude-Lapointe / No 11200
54680,Renaude-Lapointe / Minicut
54691,Renaude-Lapointe / No 10291
54678,Renaude-Lapointe / Béclard
54534,Colbert / Ravenel
54687,Colbert / No 10700
54520,Colbert / Larrey
54525,Larrey / Mirabeau
54731,Larrey / L.-J.-Forget
54531,Larrey / Secant
54705,Jean-René-Ouimet / Parkway
54725,Parkway / No 10800
54727,Parkway / No 10700
54726,Parkway / No 10600
54548,Parkway / Bombardier
54561,Parkway / Ernest-Cormier
60490,Parkway / Grenache
60491,Jarry / Parkway
54598,Jarry / Ray-Lawson
60205,des Sciences / Ray-Lawson
60492,des Sciences / de l'Innovation
60493,des Sciences / du Golf
60494,des Sciences / No 9500
60464,des Sciences / des Bâtisseurs
