60464,des Sciences / des Bâtisseurs
60465,des Bâtisseurs / Métropolitain
60468,du Golf / Métropolitain
60469,des Sciences / du Golf
60470,des Sciences / de l'Innovation
61586,des Sciences / Ray-Lawson
54599,Jarry / Ray-Lawson
60471,Jarry / Parkway
60472,Parkway / Grenache
60473,Parkway / Ernest-Cormier
60474,Parkway / Jules-Léger
54706,Parkway / No 10600
54707,Parkway / No 10700
54704,Parkway / Jean-René-Ouimet
54521,Jean-René-Ouimet / Secant
54530,Secant / Larrey
54688,Larrey / L.-J.-Forget
54524,Larrey / Mirabeau
54692,Colbert / Larrey
54512,Colbert / No 10700
54535,Colbert / Ravenel
54537,Colbert / Bombardier
54679,Renaude-Lapointe / Béclard
54690,Renaude-Lapointe / No 10291
54681,Renaude-Lapointe / Minicut
60475,Renaude-Lapointe / No 11200
60476,Pascal-Gagnon / Place Pascal-Gagnon
60477,Pascal-Gagnon / des Grandes-Prairies
60626,Pascal-Gagnon / du Champ-d'Eau
54869,Couture / Pascal-Gagnon
61644,Couture / Léonard
60478,Langelier / Couture
54816,Langelier / des Grandes-Prairies
55018,des Grandes-Prairies / No 6363
55019,des Grandes-Prairies / No 6205
54792,des Grandes-Prairies / du Prado
54772,des Grandes-Prairies / Lacordaire
60479,des Grandes-Prairies / Puyseaux
60480,des Grandes-Prairies / Saguenay
54755,des Grandes-Prairies / Viau
55012,des Grandes-Prairies / No 4840
60481,des Grandes-Prairies / Lionel-Groulx
51037,Pie-IX / 53e Rue
54189,Pie-IX / 56e Rue
55157,Pie-IX / Majeau
55132,Pie-IX / Forest
60482,d'Amiens / Hôtel-de-Ville
