60326,d'Amos / Arthur-Buies
55257,Henri-Bourassa / Lacordaire
55294,Henri-Bourassa / Rolland
55306,Langelier / Renoir
55302,Langelier / Dijon
60507,Marie-Victorin / Albert-Hudon
60387,Henri-Bourassa / Henri-Bourassa
61529,Henri-Bourassa / 6e Avenue
53738,Henri-Bourassa / Colbert
54514,Henri-Bourassa / L.-J.-Forget
51932,Henri-Bourassa / Marco-Polo
60328,Henri-Bourassa / Ray-Lawson
53785,Henri-Bourassa / No 8255
54513,Henri-Bourassa / No 9050
54734,Henri-Bourassa / Rodolphe-Forget
54481,Henri-Bourassa / No 9225
52803,Henri-Bourassa / 54e Avenue
52860,Henri-Bourassa / 57e Avenue
52909,Henri-Bourassa / Broadway
54406,Henri-Bourassa / No 9850
54409,Henri-Bourassa / Marien
54241,Henri-Bourassa / Saint-Jean-Baptiste
60508,Métropolitain / Dollard-Desjardins
60509,Métropolitain / du Tricentenaire
60510,Métropolitain / 32e Avenue
60590,Henri-Bourassa / 40e Avenue
61311,Sherbrooke / Stationnement incitatif
53718,Prince-Arthur / No 14135
60331,52e Avenue / Sherbrooke
