60331,52e Avenue / Sherbrooke
54380,Sherbrooke / Stationnement incitatif
60591,Henri-Bourassa / 40e Avenue
60511,Métropolitain / No 12345
60512,Métropolitain / No 12321
60513,Métropolitain / No 12225
54246,Henri-Bourassa / Saint-Jean-Baptiste
54408,Henri-Bourassa / Marien
50122,Henri-Bourassa / No 9875
52907,Henri-Bourassa / Rivière-des-Prairies
52859,Henri-Bourassa / 57e Avenue
52802,Henri-Bourassa / 54e Avenue
54472,Henri-Bourassa / No 9225
54733,Henri-Bourassa / Rodolphe-Forget
54682,Henri-Bourassa / No 9050
54684,Henri-Bourassa / No 8255
60333,Henri-Bourassa / Armand-Bombardier
51931,Henri-Bourassa / Marco-Polo
51847,Henri-Bourassa / L.-J.-Forget
53739,Henri-Bourassa / Nicolas-Josselin
61530,Henri-Bourassa / 6e Avenue
60389,Henri-Bourassa / Renaude-Lapointe
60514,Albert-Hudon / Marie-Victorin
55303,Langelier / Dijon
55304,Langelier / Renoir
55292,Henri-Bourassa / Rolland
60326,d'Amos / Arthur-Buies
