58485,Gare Beaconsfield
58467,Saint-Charles / Sherbrooke
58461,Saint-Charles / Creswell
58390,Saint-Charles / No 2755
58354,Saint-Charles / Kirkland
58351,Saint-Charles / Hymus
58379,Saint-Charles / Sainte-Marie
58346,Brunswick / Valérie
58344,Brunswick / Shannon
58342,Brunswick / Henri-Daoust
58380,Henri-Daoust / Dragon
58100,Henri-Daoust / Antoine-Faucon
58106,Antoine-Faucon / Biroleau
58112,Antoine-Faucon / Saint-Charles
58108,Saint-Charles / Oakwood
58101,Saint-Charles / Duval
58096,de Pierrefonds / Saint-Charles
58263,de Pierrefonds / Forbes
58264,de Pierrefonds / Sainte-Anne
58120,Paiement / de Pierrefonds
58081,Cégep Gérald-Godin
