58081,Cégep Gérald-Godin
58070,Gouin / Saint-Joseph
58074,Gouin / de la Caserne
58099,Gouin / Sainte-Anne
58104,Sainte-Anne / de Pierrefonds
58262,de Pierrefonds / Forbes
58093,de Pierrefonds / Saint-Charles
58090,de Pierrefonds / Louis-Fréchette
58089,de Pierrefonds / Nanterre
58240,de Pierrefonds / des Cageux
58249,des Cageux / Gouin
58087,Gouin / Coursol
58286,Gouin / Coursol
58298,Château-Pierrefonds / Oka
58259,Château-Pierrefonds / du Manoir
58233,Château-Pierrefonds / de Pierrefonds
58230,Château-Pierrefonds / Meloche
58228,Château-Pierrefonds / Antoine-Faucon
58224,Antoine-Faucon / des Cageux
58226,Antoine-Faucon / Grilli
58221,Antoine-Faucon / Henri-Daoust
58341,Henri-Daoust / Harmony
58343,Brunswick / Henri-Daoust
58345,Brunswick / Shannon
58348,Brunswick / Saint-Charles
58350,Saint-Charles / Sainte-Marie
58352,Saint-Charles / Hymus
58355,Saint-Charles / Kirkland
58391,Saint-Charles / No 2768
58462,Saint-Charles / Creswell
58466,Saint-Charles / Sherbrooke
58485,Gare Beaconsfield
