61253,Sainte-Anne / Terminus Macdonald
58571,Lakeshore / No 20846
58497,Lakeshore / Saint-Andrew's
58498,Lakeshore / Case
58500,Lakeshore / Churchill
58501,Lakeshore / No 20578
58504,Lakeshore / Morgan
58506,Lakeshore / Sunny Acres
58508,Lakeshore / Normandy
58510,Lakeshore / Apple Hill
58512,Lakeshore / Wilson
58514,Lakeshore / Magnolia
58486,Beaconsfield / Redfern
58423,Beaconsfield / Lakeview
58425,Beaconsfield / Madsen
58427,Beaconsfield / Woodland
58429,Beaconsfield / Saint-Louis
58432,Beaconsfield / Legault
58436,Beaconsfield / Neveu
58441,Beaconsfield / Harrow
58447,Beaconsfield / Shore
58417,Beaconsfield / Beaconsfield Court
58455,Beaconsfield / Gables
58463,Beaconsfield / East Gables
58469,Beaconsfield / Kenwood
58474,Saint-Charles / Beaconsfield
57772,Autoroute 20 / Saint-Jean
57789,Gare Pointe-Claire
61260,Herron / Dumont
57538,Gare Dorval
61339,Station Lionel-Groulx / Greene
