61337,Station Lionel-Groulx / Greene
57539,Gare Dorval
57790,Gare Pointe-Claire
57811,Autoroute 20 Ouest / Saint-Jean
58471,Saint-Charles / Prairie
58475,Beaconsfield / Saint-Charles
58468,Beaconsfield / Kenwood
58460,Beaconsfield / Fieldsend
58454,Beaconsfield / Gables
60148,Beaconsfield / Beaconsfield Court
58446,Beaconsfield / Shore
58440,Beaconsfield / Harrow
58437,Beaconsfield / Neveu
58431,Beaconsfield / Legault
58428,Beaconsfield / Saint-Louis
58426,Beaconsfield / Woodland
58424,Beaconsfield / Madsen
58422,Beaconsfield / Lakeview
58421,Beaconsfield / Brentwood
58513,Lakeshore / Magnolia
58511,Lakeshore / Willowdale
58509,Lakeshore / Apple Hill
58507,Lakeshore / Normandy
58505,Lakeshore / Sunny Acres
58502,Lakeshore / Morgan
58520,Lakeshore / No 20551
58499,Lakeshore / Churchill
58517,Lakeshore / No 20713
58496,Lakeshore / Saint-Andrew's
58516,Lakeshore / No 20846
61253,Sainte-Anne / Terminus Macdonald
