54110,Station Angrignon / Terminus
57060,Carrefour Angrignon
56950,Newman / Guy-Bouchard
56943,Newman / Senkus
57046,Newman / No 7214
56918,Newman / Léger
57045,Newman / No 7475
56899,Newman / Lapierre
56885,Newman / No 7721
56880,Newman / Thierry
56862,Newman / Lise
56851,Newman / Shevchenko
57082,CLSC de LaSalle (Newman/No 8550)
56833,Newman / Dollard
56836,Newman / Dollard
56818,90e Avenue / 90e Boulevard
57050,90e Avenue / Radisson
57048,90e Avenue / Boivin
56804,90e Avenue / Airlie
56800,90e Avenue / Red Cross
56794,Centrale / 90e Avenue
57052,Centrale / No 9389
56785,Centrale / Eastman
56779,Centrale / Orchard
56773,Orchard / LaSalle
56765,LaSalle / Lafleur
56768,Lafleur / Chatelle
56770,Lafleur / Brosseau
56759,Terminus Lafleur / Newman
