58021,Gare Roxboro-Pierrefonds
58196,des Sources / Gouin
58199,des Sources / de Pierrefonds
58188,de Pierrefonds / Westpark
58246,de Pierrefonds / Perron
58173,de Pierrefonds / Fredmir
58271,de Pierrefonds / Richmond
58141,de Pierrefonds / René-Émard
58244,de Pierrefonds / Harry-Worth
58124,de Pierrefonds / Jacques-Bizard
58110,Gouin / Paiement
58116,Gouin / Laframboise
58056,Cherrier / Lachapelle
58062,Cherrier / des Prés
58047,Cherrier / Saint-Charles
58045,Cherrier / de l'Église
58065,École Jacques-Bizard (de l'Église / No 515)
58038,de l'Église / Chèvremont
58041,Chèvremont / de Tonty
58043,Chèvremont / Ouimet
58064,Chèvremont / Aimé-Lecavalier
58049,Chèvremont / Jacques-Bizard
58034,Chèvremont / No 3250
58051,Chèvremont / Jules-Janvril
58052,Chèvremont / Beaulieu
58053,Chèvremont / Joncaire
58058,Chèvremont / Saint-Malo
58035,Chèvremont / du Triolet
58036,du Triolet / Cherrier
58061,Cherrier / Pierre-Foretier
58060,Cherrier / Léon-Brisebois
58037,Cherrier / Denis
58059,Cherrier / Poudrette
58057,Cherrier / Pierre-Boileau
58054,Cherrier / Jacques-Bizard
58050,Chèvremont / Jacques-Bizard
