58050,Chèvremont / Jacques-Bizard
58044,Chèvremont / Lacombe
58042,Chèvremont / Ouimet
58040,Chèvremont / de Tonty
58039,Chèvremont / de l'Église
58066,Centre socioculturel (de l'Église / No 490)
58046,de l'Église / Cherrier
58048,Cherrier / Dollard
58063,Cherrier / des Prés
58055,Cherrier / Lachapelle
58082,Gouin / Laframboise
58109,Gouin / Paiement
58266,de Pierrefonds / Jacques-Bizard
58245,de Pierrefonds / Harry-Worth
58143,de Pierrefonds / René-Émard
58270,de Pierrefonds / Richmond
58174,de Pierrefonds / Fredmir
58247,de Pierrefonds / Perron
58275,de Pierrefonds / Westpark
58200,de Pierrefonds / des Sources
58021,Gare Roxboro-Pierrefonds
