58307,Anselme-Lavigne / No 14103
58149,Anselme-Lavigne / Saint-Jean
60537,Saint-Jean / Harry-Worth
58135,Saint-Jean / de Pierrefonds
58143,de Pierrefonds / René-Émard
58270,de Pierrefonds / Richmond
58272,de Pierrefonds / Aragon
58274,de Pierrefonds / Belleville
58174,de Pierrefonds / Fredmir
57993,Fredmir / Greenwood
58183,Fredmir / Anselme-Lavigne
57868,Anselme-Lavigne / Buttonwood
57876,Anselme-Lavigne / Howard
57879,Anselme-Lavigne / Westpark
57883,Anselme-Lavigne / Oslo
57887,Anselme-Lavigne / Greenview
57895,Anselme-Lavigne / des Sources
57898,des Sources / Belcourt
58001,des Sources / 14e Rue
57906,des Sources / Roger-Pilon
57912,des Sources / Churchill
57924,des Sources / Hyman
57933,de Salaberry / Davignon
57943,Davignon / de Salaberry
57949,Davignon / Fountain
57984,Davignon / Thornton
57953,Davignon / Brunswick
57494,Transcanadienne / No 2052
57372,Transcanadienne / André
57495,Transcanadienne / No 1600
57386,Transcanadienne / No 1400
57496,Transcanadienne / No 1300
55792,Transcanadienne / Abrams
55366,Transcanadienne / Halpern
55343,Transcanadienne Sud / No 9300
55889,Transcanadienne / No 8150
55452,Transcanadienne / McArthur
55469,Transcanadienne / Locke
55946,Locke / No 500
55512,Locke / Griffith
55544,Griffith / Migneron
55553,Cavendish / Griffith
55600,Cavendish / Côte-de-Liesse
55621,Dalton / Côte-de-Liesse
56110,Passerelle Isabey-Darnley (Côte-de-Liesse/Isabey)
56139,Côte-de-Liesse / No 5750
56120,Côte-de-Liesse / No 5430
55827,Décarie / No 255
55841,Station du Collège Sud (Ouimet / Cartier)
