55841,Station du Collège Sud (Ouimet / Cartier)
55826,Décarie / No 290
55356,Côte-de-Liesse Nord / No 5415
55843,Côte-de-Liesse / No 5805
55656,Transcanadienne / Ward
55579,Transcanadienne / No 6363
55573,Transcanadienne / Dr.-Frederik-Philips
55558,Transcanadienne / No 7101
55473,Transcanadienne / Bégin
55789,Transcanadienne / Pomba
55928,Transcanadienne / No 9379
55365,Transcanadienne / Halpern
55958,Transcanadienne / No 9775
57533,Transcanadienne / No 1255
57387,Transcanadienne / Sunnybrooke
57492,Transcanadienne / No 1675
57546,Transcanadienne / No 1865
57371,Transcanadienne / Deacon
57947,des Sources / Brunswick
57930,des Sources / de Salaberry
57923,des Sources / Hyman
57910,des Sources / Sunnydale
57905,des Sources / Roger-Pilon
58000,des Sources / 14e Rue
57999,des Sources / 9e Rue
57896,Anselme-Lavigne / des Sources
57886,Anselme-Lavigne / Greenview
57882,Anselme-Lavigne / Oslo
57878,Anselme-Lavigne / Drouin
57875,Anselme-Lavigne / Howard
57989,Anselme-Lavigne / France
58182,Anselme-Lavigne / Fredmir
57856,Fredmir / Cedarcrest
58175,de Pierrefonds / No 13100
58162,de Pierrefonds / Belleville
58273,de Pierrefonds / Fox
58271,de Pierrefonds / Richmond
58145,de René-Émard / Pierrefonds
58307,Anselme-Lavigne / No 14103
