54269,Station Sauvé Sud (Berri / Sauvé)
61241,de Louvain / Millen
61117,Saint-Hubert / de Louvain
50466,Saint-Hubert / Sauvé
50420,Saint-Hubert / Sauriol
50383,Saint-Hubert / Fleury
50396,Fleury / Georges-Baril
50407,Fleury / Chambord
50419,Fleury / Christophe-Colomb
50425,Fleury / Hamel
50434,Fleury / Francis
50459,Fleury / Fabre
50473,Fleury / Papineau
50517,Papineau / Sauriol
50572,Sauvé / Charton
50595,Sauvé / De Lorimier
61118,De Lorimier / de Port-Royal
61242,Charland / Parthenais
50706,Charland / de Lille
50755,Charland / Sackville
50803,Charland / J.-J.-Gagnier
50880,Saint-Michel / Champdoré
50932,Saint-Michel / de Louvain
51001,Saint-Michel / Legendre
51079,Saint-Michel / Émile-Journault
51143,Saint-Michel / Denis-Papin
51224,Saint-Michel / Robert
51277,Saint-Michel / Deville
51360,Saint-Michel / D'Hérelle
51394,Saint-Michel / Jarry
51471,Saint-Michel / Crémazie nord
51473,Saint-Michel / Crémazie
51519,Saint-Michel / Villeray
60771,Station Saint-Michel
51663,Jean-Talon / 13e Avenue
51693,Jean-Talon / 15e Avenue
51707,Jean-Talon / 17e Avenue
51749,Jean-Talon / 19e Avenue
51759,20e Avenue / Jean-Talon
54094,20e Avenue / Everett
51656,Pie-IX / Villeray
51529,Pie-IX / Jarry
51479,Pie-IX / D'Hérelle
51424,Pie-IX / Jean-Rivard
51366,Pie-IX / Robert
51298,Pie-IX / Denis-Papin
51245,Pie-IX / 39e Rue
51184,Pie-IX / 43e Rue
54238,Pie-IX / 45e Rue
51100,Pie-IX / 48e Rue
51037,Pie-IX / 53e Rue
54189,Pie-IX / 56e Rue
55181,Pie-IX / Industriel
55157,Pie-IX / Majeau
55132,Pie-IX / Forest
55114,d'Amiens / Pie-IX
55133,Forest / Pie-IX
