55133,Forest / Pie-IX
55150,Pie-IX / Fleury
55309,Pie-IX / Larin
55179,Pie-IX / Industriel
50993,Pie-IX / 55e Rue
51036,Pie-IX / des Grandes-Prairies
51115,Pie-IX / 46e Rue
51185,Pie-IX / 43e Rue
51246,Pie-IX / 39e Rue
51299,Pie-IX / Denis-Papin
51367,Pie-IX / Robert
51425,Pie-IX / Jean-Rivard
51480,Pie-IX / D'Hérelle
51531,Pie-IX / Jarry
51658,Pie-IX / Villeray
51736,Pie-IX / Everett
54298,Pie-IX / Jean-Talon
51757,Jean-Talon / 20e Avenue
51706,Jean-Talon / 17e Avenue
51692,Jean-Talon / 15e Avenue
51662,Jean-Talon / 13e Avenue
51631,Jean-Talon / Saint-Michel
54294,Saint-Michel / Shaughnessy
51570,Saint-Michel / Everett
51517,Saint-Michel / Villeray
51469,Saint-Michel / Crémazie
51392,Saint-Michel / Jarry
51359,Saint-Michel / D'Hérelle est
53968,Saint-Michel / D'Hérelle ouest
51276,Saint-Michel / Deville
54180,Saint-Michel / Robert
51142,Saint-Michel / Denis-Papin
51080,Saint-Michel / Émile-Journault
51000,Saint-Michel / Legendre
50931,Saint-Michel / de Louvain
50879,Saint-Michel / Champdoré
50802,Charland / J.-J.-Gagnier
50754,Charland / Sackville
50731,Charland / D'Iberville
50704,Charland / de Lille
61243,Charland / Parthenais
50652,Charland / De Lorimier
61120,De Lorimier / Sauvé
50571,Sauvé / Charton
50556,Sauvé / Papineau
50516,Papineau / Sauriol
50452,Fleury / Garnier
50433,Fleury / Francis
50424,Fleury / Hamel
50417,Fleury / Christophe-Colomb
50406,Fleury / Chambord
50395,Fleury / Georges-Baril
50384,Fleury / Saint-Hubert
50368,Fleury / Millen
50357,Fleury / Lajeunesse
50394,Berri / Sauriol
50437,Station Sauvé Nord (Berri / Sauvé)
