53672,100e Avenue / Bureau
53716,Sainte-Maria-Goretti / 100e Avenue
53670,Sainte-Maria-Goretti / 96e Avenue
53879,Sainte-Maria-Goretti / 93e Avenue
53660,Sainte-Maria-Goretti / Terrasse Maria-Goretti
53654,Notre-Dame / 86e Avenue
54378,Notre-Dame / 83e Avenue
53642,Notre-Dame / 81e Avenue
53634,Notre-Dame / Bellevue
53627,Notre-Dame / Beausoleil
53617,Notre-Dame / 67e Avenue
54147,Notre-Dame / Antoine-Bazinet
53600,Notre-Dame / 58e Avenue
53596,Notre-Dame / 54e Avenue
53593,Notre-Dame / De La Rousselière
53602,Notre-Dame / 43e Avenue
53615,Notre-Dame / 36e Avenue
53629,Notre-Dame / 32e Avenue
53668,Notre-Dame / 24e Avenue
53656,Notre-Dame / 16e Avenue
53649,Notre-Dame / Saint-Jean-Baptiste
53624,Notre-Dame / 3e Avenue
54462,Notre-Dame / Broadway
54510,Notre-Dame / Gonthier
53449,Notre-Dame / Des Ormeaux
53489,Notre-Dame / Georges-Bizet
53845,René-Lévesque / De Champlain
53031,René-Lévesque / Panet
52980,René-Lévesque / Amherst
52881,René-Lévesque / Saint-Denis
52783,René-Lévesque / Clark
52745,René-Lévesque / Saint-Urbain
52697,René-Lévesque / Jeanne-Mance
52625,Place du Frère-André
52587,René-Lévesque / Robert-Bourassa
52529,René-Lévesque / Mansfield
52483,Square Dorchester (René-Lévesque / Peel)
52416,René-Lévesque / de la Montagne
54175,Lucien-L'Allier / René-Lévesque
