52415,de la Montagne / René-Lévesque
52485,René-Lévesque / Peel
52530,René-Lévesque / Mansfield
53918,René-Lévesque / Union
52627,Basilique St-Patrick (R.-Lévesque/St-Alexandre)
60683,René-Lévesque / Jeanne-Mance
52782,René-Lévesque / Saint-Laurent
52882,René-Lévesque / Saint-Denis
52982,René-Lévesque / Amherst
53032,Maison de Radio-Canada (René-Lévesque / Panet)
53073,René-Lévesque / Papineau
53488,Notre-Dame / Georges-Bizet
53451,Notre-Dame / Pierre-Tétreault
53468,Notre-Dame / Hector
54463,Notre-Dame / de l'Église
53625,Notre-Dame / 3e Avenue
53651,Notre-Dame / Saint-Jean-Baptiste
53657,Notre-Dame / 16e Avenue
53666,Notre-Dame / du Tricentenaire
53630,Notre-Dame / 32e Avenue
53616,Notre-Dame / 36e Avenue
53603,Notre-Dame / 43e Avenue
53595,Notre-Dame / De La Rousselière
53599,Notre-Dame / 54e Avenue
53601,Notre-Dame / 57e Avenue
53605,Notre-Dame / 60e Avenue
53618,Notre-Dame / 67e Avenue
53641,Notre-Dame / Beausoleil
53640,Notre-Dame / Bellevue
53644,Notre-Dame / 81e Avenue
54379,Notre-Dame / Antoine-Chaudillon
53655,Notre-Dame / Antoine-Chaudillon
53846,Notre-Dame / Raoul-Jobin
53880,Sainte-Maria-Goretti / 93e Avenue
53671,Sainte-Maria-Goretti / 96e Avenue
53715,Sainte-Maria-Goretti / 100e Avenue
53672,100e Avenue / Bureau
