61329,Station Lionel-Groulx / Saint-Jacques
57539,Gare Dorval
57422,Gare Pine Beach
57790,Gare Pointe-Claire
57811,Autoroute 20 Ouest / Saint-Jean
57824,Autoroute 20 / Cartier
58481,Saint-Charles / Amherst
58493,Elm / Beaconsfield
58488,Gare Beaurepaire (sortie 45 / Woodland)
58526,Gare Baie-D'Urfé
58522,Morgan / Surrey
58525,Morgan / Victoria
58521,Morgan / Westchester
58503,Morgan / Lakeshore
58520,Lakeshore / No 20551
58499,Lakeshore / Churchill
58517,Lakeshore / No 20713
58496,Lakeshore / Saint-Andrew's
58516,Lakeshore / No 20846
58591,Sainte-Anne / Terminus Macdonald
