58591,Sainte-Anne / Terminus Macdonald
58586,Poultry Cottages / des Pins
58578,Pine / Sainte-Marie
58587,Zoo Écomuseum
58581,Sainte-Marie / No 21025
58575,Sainte-Marie / Meloche
58573,Sainte-Marie / Daoust
60987,Institut national de santé (Ste-Marie/No 20045)
60799,Sainte-Marie / No 19925
61234,Sainte-Marie / de l'Anse-à-l'Orme
58336,Sainte-Marie / Meaney
58387,Sainte-Marie / Transcanadienne
58393,Sainte-Marie / Transcanadienne
58392,Transcanadienne / Montrose
58394,Transcanadienne / Daniel
58395,Transcanadienne / Mountain View
60124,Transcanadienne / No 16800
61340,Transcanadienne / Edmond
57792,Saint-Jean / Complexe Pointe-Claire
57767,Revcon / Place Frontenac
57822,Brunswick / Terminus Fairview
