57822,Brunswick / Terminus Fairview
57621,Brunswick / Saint-Jean
58396,Transcanadienne / Berne
58398,Transcanadienne / Houde
58416,Sainte-Marie / No 18111
58401,Jean-Yves / Transcanadienne
58400,Jean-Yves / Cinéma
58337,Sainte-Marie / Meaney
58333,Sainte-Marie / de l'Anse-à-l'Orme
60800,Sainte-Marie / No 19925
58335,Institut national de santé (Ste-Marie/No 20045)
58413,Sainte-Marie / Morgan
58595,Sainte-Marie / Industriel
58574,Sainte-Marie / Meloche
58552,Sainte-Marie / No 21025
58588,Zoo Écomuseum
58553,Sainte-Marie / des Pins
58585,Poultry Cottages / des Pins
58580,Collège John Abbott
