56385,Westminster / Côte-Saint-Luc
56399,Côte-Saint-Luc / Robert-Burns
56410,Côte-Saint-Luc / Rosedale
50606,Côte-Saint-Luc / Cavendish
50726,Cavendish / Fielding
50824,Cavendish / Somerled
50955,Cavendish / de Monkland
51078,Sherbrooke / Benny
51268,Sherbrooke / de Clifton
51398,Sherbrooke / Girouard
52620,Saint-Antoine / Peel
52666,Robert-Bourassa / De La Gauchetière
52588,Robert-Bourassa / René-Lévesque
52499,Robert-Bourassa / Sainte-Catherine
52384,De Maisonneuve / Mansfield
54001,Metcalfe / Sainte-Catherine
54004,Square Dorchester (Metcalfe / René-Lévesque)
