52617,Peel / Saint-Antoine
52666,Robert-Bourassa / De La Gauchetière
52588,Robert-Bourassa / René-Lévesque
52499,Robert-Bourassa / Sainte-Catherine
52384,De Maisonneuve / Mansfield
54001,Metcalfe / Sainte-Catherine
54004,Square Dorchester (Metcalfe / René-Lévesque)
52416,René-Lévesque / de la Montagne
52331,René-Lévesque / Guy
51396,Sherbrooke / Girouard
51259,Sherbrooke / Royal
51027,Sherbrooke / Cavendish
50953,Cavendish / de Monkland
50826,Cavendish / Somerled
50724,Cavendish / Fielding
54092,Côte-Saint-Luc / Cumberland
56409,Côte-Saint-Luc / Rosedale
56398,Côte-Saint-Luc / Ashdale
56386,Côte-Saint-Luc / Westminster
