61338,Station Lionel-Groulx / Greene
57539,Gare Dorval
57522,Dorval / No 353
57458,Carson / Les Jardins Dorval
57454,Carson / Lepage
57448,Carson / Roy
57444,Fénelon / Dumont
57422,Gare Pine Beach
57790,Gare Pointe-Claire
57769,Cartier / Salisbury
57771,Cartier / de Val-Soleil
57635,Cartier / No 117
57642,Cartier / Lanthier
57641,de Lourdes / Bord-du-Lac
57802,Bord-du-Lac / Sainte-Anne
57631,Bord-du-Lac / Saint-Jean-Baptiste
57618,Bord-du-Lac / Pointe-Claire
58479,Lakeshore / Beaconsfield
58490,Beaconsfield / Hyde Park
58476,Beaconsfield / Claude
58474,Saint-Charles / Beaconsfield
58481,Saint-Charles / Amherst
58458,Sherbrooke / Castle
58452,Sherbrooke / Allancroft
58448,Sherbrooke / Forest
58444,Sherbrooke / Westcroft
58438,Sherbrooke / Fleet
58434,Sherbrooke / Robin
58430,Sherbrooke / Montrose
58487,Montrose / Sainte-Marie
58339,Sainte-Marie / Saint-Tropez
58401,Jean-Yves / Transcanadienne
58400,Jean-Yves / Cinéma
58337,Sainte-Marie / Meaney
61250,de l'Anse-à-l'Orme / Timberlea-Trail
