61250,de l'Anse-à-l'Orme / Timberlea-Trail
58336,Sainte-Marie / Meaney
58340,Sainte-Marie / Saint-Tropez
58433,Montrose / Arlington
60255,Montrose / Windermere
60256,Sherbrooke / Robin
58439,Sherbrooke / Fleet
58445,Sherbrooke / Westcroft
58449,Sherbrooke / Hollis
58453,Sherbrooke / Allancroft
58459,Sherbrooke / Castle
58482,Gare Beaconsfield
58471,Saint-Charles / Prairie
58477,Beaconsfield / Claude
58478,Beaconsfield / Hyde Park
58480,Beaconsfield / Lakeshore
57619,Bord-du-Lac / Pointe-Claire
57632,Bord-du-Lac / Saint-Jean-Baptiste
57803,Bord-du-Lac / Sainte-Anne
57643,Lanthier / Cartier
57785,Cartier / No 117
57770,Cartier / de Val-Soleil
57601,Cartier / Autoroute 20
57789,Gare Pointe-Claire
57423,Herron / Pine Beach
57519,Herron / No 1268
57518,Dumont / Fénelon
57453,Carson / Roy
57455,Carson / Lepage
57499,Carson / Les Jardins Dorval
57491,Dorval / No 352
57538,Gare Dorval
61339,Station Lionel-Groulx / Greene
