52595,Laurier / Pie-IX
52643,Saint-Joseph / Bourbonnière
53749,Saint-Joseph / No 3500
52521,Saint-Joseph / Saint-Michel
52448,Saint-Joseph / 6e Avenue
52420,Saint-Joseph / 3e Avenue
54266,Saint-Joseph / Messier
52221,Saint-Joseph / De Lorimier
52143,Saint-Joseph / Papineau
52080,Saint-Joseph / De Lanaudière
52017,Saint-Joseph / Christophe-Colomb
60993,Saint-Denis / Saint-Joseph
52056,Station Mont-Royal (Saint-Denis / du Mont-Royal)
52207,Saint-Denis / Rachel
52422,Saint-Denis / des Pins
52665,Berri / Ontario
52793,Station Berri-UQAM (Berri / de Maisonneuve)
52881,René-Lévesque / Saint-Denis
52745,René-Lévesque / Saint-Urbain
52697,René-Lévesque / Jeanne-Mance
52625,Place du Frère-André
52587,René-Lévesque / Robert-Bourassa
52529,René-Lévesque / Mansfield
52483,Square Dorchester (René-Lévesque / Peel)
52416,René-Lévesque / de la Montagne
52373,René-Lévesque / Bishop
52327,René-Lévesque / Guy
52236,Guy / Sainte-Catherine
60999,Station Guy-Concordia (Maisonneuve / St-Mathieu)
