60999,Station Guy-Concordia (Maisonneuve / St-Mathieu)
52196,Saint-Mathieu / Sainte-Catherine
52329,René-Lévesque / Guy
52374,René-Lévesque / Bishop
52437,René-Lévesque / Drummond
52485,René-Lévesque / Peel
52530,René-Lévesque / Mansfield
53918,René-Lévesque / Union
60683,René-Lévesque / Jeanne-Mance
52782,René-Lévesque / Saint-Laurent
60994,René-Lévesque / Sanguinet
52791,Station Berri-UQAM (Berri / De Maisonneuve)
52662,Berri / Ontario
61272,Saint-Denis / Roy
52205,Saint-Denis / Rachel
52054,Station Mont-Royal (Saint-Denis / du Mont-Royal)
51918,Saint-Denis / Saint-Joseph
52019,Saint-Joseph / Christophe-Colomb
52081,Saint-Joseph / De Lanaudière
52145,Saint-Joseph / Papineau
52223,Saint-Joseph / De Lorimier
52295,Saint-Joseph / Fullum
52421,Saint-Joseph / 3e Avenue
52449,Saint-Joseph / 6e Avenue
52523,Saint-Joseph / Saint-Michel
50106,Saint-Joseph / No 3500
52644,Saint-Joseph / Bourbonnière
52595,Laurier / Pie-IX
