55337,Saint-Vital / Henri-Bourassa
55332,Gouin / No 3591
55032,Gouin / Lausanne
55030,Gouin / No 3315
55029,Gouin / Audoin
60433,Gouin / Cadieux
60505,Saint-Michel / Henri-Bourassa
55335,Saint-Michel / Henri-Bourassa
55042,Monselet / Leblanc
55051,Monselet / du Parc-Georges
55063,Monselet / Saint-Vital
55071,Monselet / Plaza
55093,Monselet / des Récollets
55104,Monselet / Pie-IX
55114,d'Amiens / Pie-IX
55124,d'Amiens / Hébert
55137,d'Amiens / Garon
55164,d'Amiens / Armand-Lavergne
55185,d'Amiens / Drapeau
55202,d'Amiens / L'Archevêque
55216,d'Amiens / Sainte-Gertrude
55241,Racette / d'Amiens
55219,Racette / de Castille
55242,de Castille / Edger
55249,de Castille / Louis-Fréchette
55266,Jean-Meunier / Louis-Francoeur
55250,Jean-Meunier / de Charleroi
55280,Lacordaire / de Charleroi
55269,Lacordaire / d'Amos
55254,Lacordaire / Henri-Bourassa
55278,Henri-Bourassa / Désy
59461,Henri-Bourassa / No 6100
55294,Henri-Bourassa / Rolland
55301,Henri-Bourassa / Valade
55306,Langelier / Renoir
55302,Langelier / Dijon
55296,Langelier / Marie-Victorin
55285,Langelier / Maurice-Duplessis
55291,Maurice-Duplessis / Albert-Hudon
54236,Hôpital Rivière-des-Prairies
51464,Cégep Marie-Victorin
54048,Maurice-Duplessis / 6e Avenue
51553,Maurice-Duplessis / Pierre-Blanchet
51610,Maurice-Duplessis / Marc-Aurèle-Fortin
53928,Maurice-Duplessis / Fernand-Gauthier
51698,Maurice-Duplessis / La Valinière
51760,Maurice-Duplessis / No 7860
51811,Maurice-Duplessis / Armand-Bombardier
51849,Maurice-Duplessis / Clément-Ader
51907,Maurice-Duplessis / 27e Avenue
51994,Maurice-Duplessis / André-Dumas
53929,Alexis-Carrel / Maurice-Duplessis
51980,Alexis-Carrel / Samuel-Morse
51888,Alexis-Carrel / Perras
54050,Perras / Pierre-Baillargeon
54152,Perras / Rodolphe-Forget
52125,Perras / René-Masson
53684,Perras / 49e Avenue
52303,Perras / 54e Avenue
54073,Perras / 57e Avenue
60802,Rivière-des-Prairies / 3e Rue
60403,Rivière-des-Prairies / Gouin
