60403,Rivière-des-Prairies / Gouin
60462,Rivière-des-Prairies / 3e Rue
52375,Perras / 57e Avenue
52302,Perras / 54e Avenue
53683,Perras / 51e Avenue
52124,Perras / René-Masson
54151,Perras / Rodolphe-Forget
54049,Perras / Pierre-Baillargeon
51891,Perras / Alexis-Carrel
51981,Alexis-Carrel / Samuel-Morse
52072,Alexis-Carrel / Maurice-Duplessis
51993,Maurice-Duplessis / André-Dumas
51906,Maurice-Duplessis / 27e Avenue
51850,Maurice-Duplessis / Clément-Ader
51809,Maurice-Duplessis / Armand-Bombardier
51756,Maurice-Duplessis / No 7861
51699,Maurice-Duplessis / La Valinière
53927,Maurice-Duplessis / Fernand-Gauthier
54051,Maurice-Duplessis / No 7588
51552,Maurice-Duplessis / Pierre-Blanchet
51521,Maurice-Duplessis / 5e Avenue
53930,Cégep Marie-Victorin
53931,Hôpital Rivière-des-Prairies (M.-Duplessis/No 7000
55290,Maurice-Duplessis / Albert-Hudon
55286,Maurice-Duplessis / Langelier
55298,Langelier / Marie-Victorin
55303,Langelier / Dijon
55304,Langelier / Renoir
55312,Henri-Bourassa / No 6475
55300,Henri-Bourassa / Valade
55292,Henri-Bourassa / Rolland
59462,Henri-Bourassa / No 6085
55277,Henri-Bourassa / Désy
55258,Lacordaire / Henri-Bourassa
55270,Lacordaire / d'Amos
55279,Lacordaire / de Charleroi
55253,Jean-Meunier / Louis-Francoeur
55265,Jean-Meunier / de Castille
55248,de Castille / Louis-Fréchette
55231,de Castille / Alfred
55220,Racette / de Castille
55240,Racette / d'Amiens
55215,d'Amiens / Sainte-Gertrude
55201,d'Amiens / L'Archevêque
55184,d'Amiens / Drapeau
55162,d'Amiens / Armand-Lavergne
55136,d'Amiens / Garon
55123,d'Amiens / Hébert
55113,d'Amiens / Pie-IX
55105,Monselet / Pie-IX
55092,Monselet / des Récollets
55070,Monselet / Plaza
55062,Monselet / Saint-Vital
55050,Monselet / du Parc-Georges
55041,Monselet / Leblanc
55037,Monselet / Saint-Michel
61240,Saint-Michel / Gouin
55031,Gouin / Mackay
55033,Gouin / Audoin
55331,Gouin / Belleville
55316,Gouin / des Laurentides
55044,Saint-Vital / Henri-Bourassa
