54386,81e Avenue / Notre-Dame
54384,81e Avenue / Victoria
54383,81e Avenue / Forsyth
59315,Sherbrooke / Damien-Gauthier
53989,Sherbrooke / Yves-Thériault
53731,Sherbrooke / Réal-Benoit
61581,Gare Pointe-aux-Trembles
53512,Sherbrooke / 53e Avenue
54380,Sherbrooke / Stationnement incitatif
53494,Sherbrooke / 40e Avenue
53486,Sherbrooke / 36e Avenue
53476,Sherbrooke / 32e Avenue
53458,Sherbrooke / du Tricentenaire
53434,Sherbrooke / 16e Avenue
53424,Sherbrooke / Saint-Jean-Baptiste
53411,Sherbrooke / 3e Avenue
54420,Sherbrooke / Broadway
54483,Georges-V / Sainte-Claire
54510,Notre-Dame / Gonthier
53449,Notre-Dame / Des Ormeaux
53489,Notre-Dame / Georges-Bizet
53845,René-Lévesque / De Champlain
53031,René-Lévesque / Panet
52980,René-Lévesque / Amherst
52881,René-Lévesque / Saint-Denis
52783,René-Lévesque / Clark
52745,René-Lévesque / Saint-Urbain
52697,René-Lévesque / Jeanne-Mance
52625,Place du Frère-André
52587,René-Lévesque / Robert-Bourassa
52529,René-Lévesque / Mansfield
52483,Square Dorchester (René-Lévesque / Peel)
52416,René-Lévesque / de la Montagne
54175,Lucien-L'Allier / René-Lévesque
