52415,de la Montagne / René-Lévesque
52485,René-Lévesque / Peel
52530,René-Lévesque / Mansfield
53918,René-Lévesque / Union
52627,Basilique St-Patrick (R.-Lévesque/St-Alexandre)
60683,René-Lévesque / Jeanne-Mance
52782,René-Lévesque / Saint-Laurent
52882,René-Lévesque / Saint-Denis
52982,René-Lévesque / Amherst
53032,Maison de Radio-Canada (René-Lévesque / Panet)
53073,René-Lévesque / Papineau
53488,Notre-Dame / Georges-Bizet
53451,Notre-Dame / Pierre-Tétreault
54425,Georges-V / Dubuisson
54482,Georges-V / Sainte-Claire
54488,Sherbrooke / de la Grande Allée
53412,Sherbrooke / 3e Avenue
53426,Sherbrooke / Saint-Jean-Baptiste
53435,Sherbrooke / 16e Avenue
53457,Sherbrooke / du Tricentenaire
53477,Sherbrooke / 32e Avenue
53487,Sherbrooke / 36e Avenue
53495,Sherbrooke / 40e Avenue
61311,Sherbrooke / Stationnement incitatif
53513,Sherbrooke / 53e Avenue
61582,Gare Pointe-aux-Trembles
53526,Sherbrooke / Réal-Benoit
50119,Sherbrooke / Yves-Thériault
59316,Sherbrooke / Damien-Gauthier
53574,Sherbrooke / 81e Avenue
53583,81e Avenue / Forsyth
53635,81e Avenue / Victoria
53643,81e Avenue / Notre-Dame
