51622,Perras / Armand-Bombardier
51589,Perras / Salomon-Marion
51542,Perras / Élie-Beauregard
54154,Perras / Fernand-Gauthier
51442,Perras / Marc-Aurèle-Fortin
51421,Perras / Gilbert-Barbier
54054,Perras / 6e Avenue
54155,Perras / 4e Avenue
51283,Hôpital Rivière-des-Prairies (Perras / Ozias-Leduc
55260,Léger / Albert-Hudon
55233,Léger / Langelier
55223,Léger / Chartrand
55207,Léger / Rolland
55192,Léger / Fortin
55171,Lacordaire / Léger
55187,Lacordaire / Arthur-Chevrier
55210,Lacordaire / Maurice-Duplessis
55230,Lacordaire / des Iris
55256,Lacordaire / Henri-Bourassa
55279,Lacordaire / de Charleroi
61546,Gare Saint-Léonard-Montréal-Nord
54773,Lacordaire / des Grandes-Prairies
54796,Lacordaire / Couture
54815,Lacordaire / Honoré-Mercier
54834,Lacordaire / Lavoisier
54851,Lacordaire / Lafourcade
54872,Lacordaire / Robert
54903,Lacordaire / Jarry
54920,Lacordaire / Métropolitain
52777,Lacordaire / Rosemont
53102,Station Cadillac (Sherbrooke / De Cadillac)
