53102,Station Cadillac (Sherbrooke / De Cadillac)
54080,Station Radisson Sud (Sherbrooke / du Trianon)
54679,Renaude-Lapointe / Béclard
54690,Renaude-Lapointe / No 10291
54681,Renaude-Lapointe / Minicut
54745,Renaude-Lapointe / No 11300
53738,Henri-Bourassa / Colbert
51784,Henri-Bourassa / Marc-Aurèle-Fortin
54514,Henri-Bourassa / L.-J.-Forget
51932,Henri-Bourassa / Marco-Polo
52026,Armand-Bombardier / Henri-Bourassa
51878,Armand-Bombardier / Blaise-Pascal
51808,Armand-Bombardier / Maurice-Duplessis
51622,Perras / Armand-Bombardier
