59089,Querbes / Durocher
50682,de Liège / De l'Épée
50748,Bloomfield / d'Anvers
50837,Bloomfield / Jarry
50907,Bloomfield / Ball
50970,Bloomfield / Saint-Roch
51062,Bloomfield / Ogilvy
51070,Ogilvy / Querbes
51094,Station Parc (Ogilvy / Hutchison)
51257,du Parc / Beaumont
50552,du Parc / No 6590
51348,du Parc / Beaubien
51408,du Parc / Van Horne
51503,du Parc / Bernard
51578,du Parc / Saint-Viateur
51673,du Parc / Fairmount
51711,du Parc / Laurier
51751,du Parc / Saint-Joseph
51799,du Parc / Villeneuve
51882,du Parc / du Mont-Royal
53703,Monument sir George-Étienne Cartier
60664,du Parc / des Pins
52250,du Parc / Léo-Pariseau
52298,du Parc / Prince-Arthur
52365,du Parc / Milton
52443,du Parc / Sherbrooke
52534,Station Place-des-Arts Ouest / De Bleury
52608,De Bleury / Sainte-Catherine
52679,De Bleury / René-Lévesque
52625,Place du Frère-André
52587,René-Lévesque / Robert-Bourassa
52529,René-Lévesque / Mansfield
52483,Square Dorchester (René-Lévesque / Peel)
52463,René-Lévesque / Stanley
52416,René-Lévesque / de la Montagne
52373,René-Lévesque / Bishop
52327,René-Lévesque / Guy
52236,Guy / Sainte-Catherine
52201,Station Guy-Concordia (Guy / De Maisonneuve)
52113,Guy / Sherbrooke
52044,Côte-des-Neiges / Summerhill
51984,Côte-des-Neiges / du Docteur-Penfield
53761,Hôpital général (des Pins/Côte-des-Neiges)
51840,Côte-des-Neiges / Cedar
51732,Côte-des-Neiges / The Boulevard
51664,Côte-des-Neiges / Hill Park
51626,Côte-des-Neiges / Blueridge
51545,Côte-des-Neiges / Remembrance
51486,Côte-des-Neiges / Forest Hill
53837,Cimetière Notre-Dame-des-Neiges
51426,Côte-des-Neiges / Ridgewood
51321,Côte-des-Neiges / Decelles
51251,Côte-des-Neiges / Queen-Mary
51186,Côte-des-Neiges / Jean-Brillant
51155,Station Côte-des-Neiges (Côte-des-Neiges/Lacombe)
51101,Côte-des-Neiges / Saint-Kevin
51045,Côte-des-Neiges / Côte-Sainte-Catherine
53864,Côte-des-Neiges / de La Peltrie
50940,Côte-des-Neiges / Van Horne
50903,Côte-des-Neiges / Carlton
50863,Côte-des-Neiges / Barclay
50789,Côte-des-Neiges / Mackenzie
50692,Côte-des-Neiges / Jean-Talon
56078,Laird / Glencoe
56076,Laird / Geneva
56073,Laird / Caledonia
56069,Laird / Moncrieff
56066,Laird / Alexander
56136,Gare Mont-Royal (Dunkirk / Cornwall)
