56065,Graham / Dunkirk
56062,Lombard / Graham
56067,Laird / Chester
56070,Laird / Stanstead
56074,Laird / Caledonia
56077,Laird / Kenilworth
56071,Laird / Jean-Talon
50810,Côte-des-Neiges / de Bedford
50865,Côte-des-Neiges / Barclay
50904,Côte-des-Neiges / Carlton
50942,Côte-des-Neiges / Van Horne
53865,Côte-des-Neiges / de La Peltrie
51047,Côte-des-Neiges / Côte-Sainte-Catherine
51102,Côte-des-Neiges / Saint-Kevin
51156,Côte-des-Neiges / Lacombe
51187,Station Côte-des-Neiges
51253,Côte-des-Neiges / Queen-Mary
51391,Côte-des-Neiges / No 4858
51427,Côte-des-Neiges / Ridgewood
51487,Côte-des-Neiges / Forest Hill
51546,Côte-des-Neiges / Remembrance
51627,Côte-des-Neiges / Blueridge
51653,Côte-des-Neiges / Gage
51715,McDougall / The Boulevard
51841,Côte-des-Neiges / Cedar
51923,du Docteur-Penfield / Côte-des-Neiges
51985,du Docteur-Penfield / Côte-des-Neiges
52045,Côte-des-Neiges / Summerhill
52096,Saint-Mathieu / Sherbrooke
52147,Station Guy-Concordia (St-Mathieu/De Maisonneuve)
52196,Saint-Mathieu / Sainte-Catherine
52285,Saint-Mathieu / René-Lévesque
52329,René-Lévesque / Guy
52374,René-Lévesque / Bishop
52437,René-Lévesque / Drummond
52485,René-Lévesque / Peel
52530,René-Lévesque / Mansfield
53918,René-Lévesque / Union
52627,Basilique St-Patrick (R.-Lévesque/St-Alexandre)
60683,René-Lévesque / Jeanne-Mance
61042,Station Place-des-Arts Nord / Jeanne-Mance
52442,Sherbrooke / De Bleury
50111,du Parc / Milton
50112,du Parc / Prince-Arthur
50115,du Parc / Léo-Pariseau
60663,du Parc / des Pins
53702,Monument sir George-Étienne Cartier
51880,du Parc / du Mont-Royal
51798,du Parc / Villeneuve
51750,du Parc / Saint-Joseph
51709,du Parc / Laurier
51671,du Parc / Fairmount
51576,du Parc / Saint-Viateur
51501,du Parc / Bernard
51406,du Parc / Van Horne
51349,du Parc / Beaubien
51285,du Parc / No 6659
51258,du Parc / Beaumont
51093,Station Parc (Hutchison / Ogilvy)
51069,Ogilvy / Querbes
51056,Ogilvy / Champagneur
50964,Champagneur / Saint-Roch
50896,Champagneur / Ball
50829,Champagneur / Jarry
50739,Champagneur / d'Anvers
50676,Champagneur / de Liège
50588,Champagneur / Crémazie
54225,Aréna Howie-Morenz
59089,Querbes / Durocher
