53017,Station Pie-IX (Pie-IX / Pierre-de-Coubertin)
52597,Pie-IX / Laurier
54029,Pie-IX / Rosemont
54033,Pie-IX / Beaubien
54027,Pie-IX / Bélair
51791,Pie-IX / Jean-Talon
54022,Pie-IX / Jarry
51366,Pie-IX / Robert
54025,Pie-IX / 47e Rue
51037,Pie-IX / 53e Rue
55181,Pie-IX / Industriel
55328,Pie-IX / Fleury
55102,Pie-IX / Monselet
61543,Pie-IX / No 11209
55073,Henri-Bourassa / Pelletier
55147,Henri-Bourassa / Sainte-Gertrude
55200,Henri-Bourassa / Salk
55257,Henri-Bourassa / Lacordaire
