55308,Albert-Hudon / Henri-Bourassa
55297,Marie-Victorin / Langelier
55272,Langelier / Arthur-Chevrier
55237,Léger / Langelier
55207,Léger / Rolland
55171,Lacordaire / Léger
55211,Lacordaire / des Tulipes
55324,Lacordaire / Renoir
55199,Henri-Bourassa / Salk
55145,Henri-Bourassa / Sainte-Gertrude
55325,Henri-Bourassa / Léger
61628,Station Amos
55103,Pie-IX / Monselet
55150,Pie-IX / Fleury
55179,Pie-IX / Industriel
51036,Pie-IX / des Grandes-Prairies
51115,Pie-IX / 46e Rue
51368,Pie-IX / Robert
51531,Pie-IX / Jarry
51795,Pie-IX / Jean-Talon
51912,Pie-IX / Bélanger
52128,Pie-IX / Beaubien
52311,Pie-IX / Rosemont
52596,Pie-IX / Laurier
53020,Station Pie-IX (Pierre-de-Coubertin / Pie-IX)
