59034,Station Radisson Nord / Terminus
53144,Des Groseilliers / Davis
54653,Radisson / des Galeries-d'Anjou
54650,des Galeries d'Anjou / de la Malicorne
54634,des Galeries-d'Anjou / des Jalesnes
54615,des Galeries-d'Anjou / Beaubien
54602,des Galeries-d'Anjou / Saint-Zotique
54594,des Galeries-d'Anjou / Bélanger
54685,Les Galeries d'Anjou / Centre Commercial
54580,des Galeries-d'Anjou / Jean-Talon
54565,des Galeries-d'Anjou / de Belfroy
54549,des Galeries-d'Anjou / Jarry
54540,des Galeries-d'Anjou / Fontevrault
54533,des Galeries-d'Anjou / de l'Alsace
54522,des Galeries-d'Anjou / M.-B.-Jodoin
54516,des Galeries-d'Anjou / Bombardier
54528,Bombardier / Renaude-Lapointe
54534,Colbert / Ravenel
54687,Colbert / No 10700
54520,Colbert / Larrey
54525,Larrey / Mirabeau
54731,Larrey / L.-J.-Forget
54515,L.-J.-Forget / Henri-Bourassa
51932,Henri-Bourassa / Marco-Polo
52026,Armand-Bombardier / Henri-Bourassa
51878,Armand-Bombardier / Blaise-Pascal
51808,Armand-Bombardier / Maurice-Duplessis
51766,Armand-Bombardier / Jean-Vincent
51722,Armand-Bombardier / André-Ampère
51669,Armand-Bombardier / Philippe-Lebon
51619,Armand-Bombardier / Perras
51691,Perras / 25e Avenue
51689,27e Avenue / Octave-Pelletier
51616,26e Avenue / Gouin
