51616,26e Avenue / Gouin
51690,27e Avenue / Octave-Pelletier
53694,Perras / 25e Avenue
54000,Armand-Bombardier / Perras
51670,Armand-Bombardier / Philippe-Lebon
51723,Armand-Bombardier / André-Ampère
51767,Armand-Bombardier / Jean-Vincent
51810,Armand-Bombardier / Maurice-Duplessis
51877,Armand-Bombardier / Blaise-Pascal
52025,Armand-Bombardier / Henri-Bourassa
51931,Henri-Bourassa / Marco-Polo
54721,L.-J.-Forget / Henri-Bourassa
54717,Larrey / L.-J.-Forget
54524,Larrey / Mirabeau
54692,Colbert / Larrey
54512,Colbert / No 10700
54535,Colbert / Ravenel
54537,Colbert / Bombardier
54529,Bombardier / Renaude-Lapointe
54519,des Galeries-d'Anjou / Bombardier
54523,des Galeries-d'Anjou / M.-B.-Jodoin
54532,des Galeries-d'Anjou / de l'Alsace
54536,des Galeries-d'Anjou / Giraud
54551,des Galeries-d'Anjou / Jarry
54564,des Galeries-d'Anjou / de la Pléiade
54581,des Galeries-d'Anjou / Jean-Talon
54584,des Galeries-d'Anjou / Jean-Talon
54686,Les Galeries d'Anjou / entrée des Halles
54595,des Galeries-d'Anjou / Bélanger
54603,des Galeries-d'Anjou / Saint-Zotique
54617,des Galeries-d'Anjou / Beaubien
54635,des Galeries-d'Anjou / des Jalesnes
54651,des Galeries d'Anjou / de la Malicorne
54654,Radisson / des Galeries-d'Anjou
53135,Radisson / Davis
53184,Terminus de la station Radisson (descente)
59034,Station Radisson Nord / Terminus
