54269,Station Sauvé Sud (Berri / Sauvé)
55066,Fleury / Lausanne
55091,Fleury / Saint-Vital
55151,Fleury / Pie-IX
55135,Forest / Pie-IX
55160,Forest / Garon
55189,Armand-Lavergne / Forest
55161,Armand-Lavergne / d'Amiens
55148,Armand-Lavergne / de Castille
55118,Armand-Lavergne / de Charleroi
55143,de Charleroi / Drapeau
55173,de Charleroi / L'Archevêque
55196,de Charleroi / Sainte-Gertrude
55206,de Charleroi / Racette
55229,de Charleroi / Salk
55252,Jean-Meunier / de Charleroi
55257,Henri-Bourassa / Lacordaire
55271,Amos / Lacordaire
