55271,Amos / Lacordaire
55330,Jean-Meunier / d'Amos
55251,Jean-Meunier / de Charleroi
55228,de Charleroi / Salk
55205,de Charleroi / Brunet
55194,de Charleroi / Sainte-Gertrude
55172,de Charleroi / L'Archevêque
55142,de Charleroi / Drapeau
55119,de Charleroi / Armand-Lavergne
55149,Armand-Lavergne / de Castille
55163,Armand-Lavergne / d'Amiens
55188,Armand-Lavergne / Forest
55159,Forest / Garon
55133,Forest / Pie-IX
55090,Fleury / Saint-Vital
55065,Fleury / Lausanne
50437,Station Sauvé Nord (Berri / Sauvé)
