54387,Maurice-Duplessis / 70e Avenue
54270,Maurice-Duplessis / 62e Avenue
54397,Maurice-Duplessis / Rivière-des-Prairies
54060,Maurice-Duplessis / 54e Avenue
54062,Maurice-Duplessis / Jean-Yves-Bigras
52379,Maurice-Duplessis / J.-J.-Joubert
60434,Rodolphe-Forget / Maurice-Duplessis
60214,Rodolphe-Forget / Robert-Armour
60215,Rodolphe-Forget / Henri-Bourassa
54682,Henri-Bourassa / No 9050
54683,Henri-Bourassa / No 8601
60391,du Golf / Henri-Bourassa
60452,du Golf / No 10400
60216,du Golf / de l'Invention
60453,du Golf / No 9884
60217,du Golf / du Parcours
60218,du Parcours / de l'Innovation
60220,de l'Innovation / du Parcours
60221,de l'Innovation / des Sciences
60223,des Sciences / Ray-Lawson
60236,Station Radisson (Sherbrooke / Des Groseilliers)
