60236,Station Radisson (Sherbrooke / Des Groseilliers)
54048,Maurice-Duplessis / 6e Avenue
51553,Maurice-Duplessis / Pierre-Blanchet
51610,Maurice-Duplessis / Marc-Aurèle-Fortin
53928,Maurice-Duplessis / Fernand-Gauthier
51698,Maurice-Duplessis / La Valinière
51760,Maurice-Duplessis / No 7860
51811,Maurice-Duplessis / Armand-Bombardier
51849,Maurice-Duplessis / Clément-Ader
51907,Maurice-Duplessis / 27e Avenue
51994,Maurice-Duplessis / André-Dumas
52073,Maurice-Duplessis / Alexis-Carrel
52157,Maurice-Duplessis / Pierre-Baillargeon
52217,Maurice-Duplessis / 41e Avenue
52266,Maurice-Duplessis / Rodolphe-Forget
52378,Maurice-Duplessis / J.-J.-Joubert
53977,Maurice-Duplessis / Jean-Yves-Bigras
54061,Maurice-Duplessis / 54e Avenue
52655,Maurice-Duplessis / Rivière-des-Prairies
54271,Maurice-Duplessis / 62e Avenue
61201,Maurice-Duplessis / No 10000
54387,Maurice-Duplessis / 70e Avenue
