54244,Centre de détention Rivière-des-Prairies
54245,Armand-Chaput / No 11380
54261,Institut Philippe-Pinel
54246,Henri-Bourassa / Saint-Jean-Baptiste
54471,Henri-Bourassa / No 10605
54408,Henri-Bourassa / Marien
50122,Henri-Bourassa / No 9875
52907,Henri-Bourassa / Rivière-des-Prairies
52859,Henri-Bourassa / 57e Avenue
52802,Henri-Bourassa / 54e Avenue
54367,Henri-Bourassa / No 9275
54472,Henri-Bourassa / No 9225
54733,Henri-Bourassa / Rodolphe-Forget
54682,Henri-Bourassa / No 9050
54683,Henri-Bourassa / No 8601
54684,Henri-Bourassa / No 8255
52027,Ray-Lawson / Henri-Bourassa
54539,Ray-Lawson / 6e Croissant
54545,Ray-Lawson / 5e Croissant
54555,Ray-Lawson / Jules-Léger
54568,Ray-Lawson / Ernest-Cormier
54587,Ray-Lawson / Grenache
54716,Ray-Lawson / Place Upton
54597,Ray-Lawson / Jarry
54620,Roi-René / Châteauneuf
53196,Station Radisson (Sherbrooke / Des Groseilliers)
59312,Station Radisson Nord / Terminus
