59312,Station Radisson Nord / Terminus
54596,Ray-Lawson / Roi-René
54715,Ray-Lawson / Upton
54586,Ray-Lawson / Grenache
54567,Ray-Lawson / Ernest-Cormier
54554,Ray-Lawson / Jules-Léger
54544,Ray-Lawson / 5e Croissant
54538,Ray-Lawson / 6e Croissant
52026,Armand-Bombardier / Henri-Bourassa
51878,Armand-Bombardier / Blaise-Pascal
51808,Armand-Bombardier / Maurice-Duplessis
51766,Armand-Bombardier / Jean-Vincent
51722,Armand-Bombardier / André-Ampère
51669,Armand-Bombardier / Philippe-Lebon
51619,Armand-Bombardier / Perras
51691,Perras / 25e Avenue
51720,Perras / 27e Avenue
51807,Perras / Alfred-Nobel
51890,Perras / Alexis-Carrel
54050,Perras / Pierre-Baillargeon
54152,Perras / Rodolphe-Forget
52125,Perras / René-Masson
53684,Perras / 49e Avenue
52303,Perras / 54e Avenue
54073,Perras / 57e Avenue
52429,Perras / Rivière-des-Prairies
52519,Perras / 62e Avenue
52558,Perras / Marien
52727,Perras / 70e Avenue
52824,Perras / Primat-Paré
52932,Perras / Voltaire
53026,Perras / Saint-Jean-Baptiste
60395,Perras / No 10955
60516,87e Avenue / Perras
60517,87e Avenue / 4e Rue
60518,87e Avenue / No 12300
60519,87e Avenue / No 12123
60337,Maurice-Duplessis / 87e Avenue
54243,Centre Rivière-des-Prairies (A.-Chaput/No 11900)
61273,Armand-Chaput / Rolland-Jeanneau
