50389,De Saint-Firmin / Gouin
50414,De Saint-Firmin / Henri-Bourassa
50463,De Saint-Firmin / Prieur
60706,Prieur / Séguin
50432,Papineau / Prieur
50472,Papineau / Fleury
50517,Papineau / Sauriol
50557,Papineau / Sauvé
50612,Papineau / Charland
50647,Papineau / de Louvain
61595,Papineau / Lecocq
50805,Papineau / Legendre
50877,Papineau / Émile-Journault
50984,Papineau / François-H.-Prévost
54396,Papineau / Barnabé-Larocque
54305,Papineau / Jacques-Casault
51108,Papineau / Crémazie
51110,Papineau / Crémazie Sud
51217,Papineau / Jarry
51275,Papineau / Tillemont
51303,Papineau / Villeray
51324,Papineau / L.-O.-David
51384,Papineau / Everett
51452,Station Fabre (Papineau / Jean-Talon)
51536,Papineau / Bélanger
51604,Papineau / Saint-Zotique
51678,Papineau / Beaubien
51769,Papineau / de Bellechasse
51821,Papineau / Rosemont
52024,Papineau / Masson
52120,Papineau / Laurier
52144,Papineau / Saint-Joseph
52200,Papineau / Gilford
52307,Papineau / du Mont-Royal
52389,Papineau / Marie-Anne
52476,Papineau / Rachel
52565,Papineau / Gauthier
52682,Papineau / Sherbrooke
52842,Papineau / Ontario
53813,Papineau / La Fontaine
53002,Papineau / De Maisonneuve
53022,Papineau / Sainte-Catherine
53009,Station Papineau (Cartier / Sainte-Catherine)
