57505,Gare Dorval
57525,Michel-Jasmin / O'Connell
57524,Michel-Jasmin / Orly
57523,Michel-Jasmin / Lépine
57362,Côte-de-Liesse / No 11450
57313,Côte-de-Liesse / 55e Avenue
57314,Côte-de-Liesse / 46e Avenue
57312,Côte-de-Liesse / 43e Avenue
57311,Côte-de-Liesse / 32e Avenue
57343,Côte-de-Liesse / No 9500
57357,Côte-de-Liesse / No 9432
55468,Côte-de-Liesse / Graveline
55907,Côte-de-Liesse / No 8180
55480,Côte-de-Liesse / Montée de Liesse
55851,Côte-de-Liesse / No 7520
55520,Côte-de-Liesse / Hickmore
55541,Côte-de-Liesse / Barr
55842,Passerelle Barr (Côte-de-Liesse / No 6600)
55844,Côte-de-Liesse / No 6400
55601,Côte-de-Liesse / Cavendish
55622,Côte-de-Liesse / Dalton
56110,Passerelle Isabey-Darnley (Côte-de-Liesse/Isabey)
56139,Côte-de-Liesse / No 5750
55937,Transcanadienne / Alexis-Nihon
55671,Alexis-Nihon / Ward
55644,Saint-Louis / Alexis-Nihon
55670,Saint-Louis / Gratton
55702,Saint-Louis / Crevier
60257,Station du Collège Sud (Décarie / Cartier)
56106,Côte-de-Liesse / Décarie
56141,Côte-de-Liesse / Lucerne
56145,Côte-de-Liesse / Sunset
50561,Crémazie / de l'Acadie
50671,Crémazie / Saint-Laurent
50770,Station Crémazie Sud (Crémazie / Berri)
50977,Crémazie / Christophe-Colomb
51178,Crémazie / Papineau
51343,Crémazie / Molson
51472,Crémazie / Saint-Michel
51541,17e Avenue / Crémazie
51548,Jarry / 23e Avenue
55015,Provencher / Métropolitain
55011,Métropolitain / Viau
54921,Métropolitain / Lacordaire
55026,Métropolitain / No 6170
54981,Métropolitain / Langelier
54589,des Galeries-d'Anjou / No 7450
