54589,des Galeries-d'Anjou / No 7450
54697,des Halles / Bélanger
54578,des Halles / Jean-Talon
54565,des Galeries-d'Anjou / de Belfroy
54553,Jarry / des Galeries-d'Anjou
54982,Métropolitain / Langelier
54750,Métropolitain / Lacordaire
54751,Métropolitain / Viau
55014,Métropolitain / Provencher
51524,Jarry / 22e Avenue
51539,17e Avenue / Crémazie
51470,Crémazie / Saint-Michel
51342,Crémazie / D'Iberville
51177,Crémazie / Papineau
50961,Crémazie / Christophe-Colomb
50794,Station Crémazie Nord (Crémazie / Lajeunesse)
50664,Crémazie / Clark
50549,Crémazie / de l'Acadie
55770,Côte-de-Liesse / Montpellier
55853,Office national du film du Canada
55757,Côte-de-Liesse / Sainte-Croix
55827,Décarie / No 255
55840,Station du Collège Sud (Cartier / Ouimet)
55691,Saint-Louis / Marcel-Laurin
55669,Saint-Louis / Gratton
55645,Saint-Louis / Vincent
55674,Alexis-Nihon / Ward
55843,Côte-de-Liesse / No 5805
55655,Passerelle Isabey-Darnley (Côte-de-Liesse/Isabey)
55855,Côte-de-Liesse / No 6015
55602,Côte-de-Liesse / Cavendish
55779,Côte-de-Liesse / No 6395
55860,Passerelle Barr (Côte-de-Liesse / No 6665)
55521,Côte-de-Liesse Nord / McArthur
60711,Côte-de-Liesse / Griffith
55856,Côte-de-Liesse / Montée de Liesse
55482,Côte-de-Liesse / No 8305
55780,Côte-de-Liesse / CAE
57489,Côte-de-Liesse / Autoroute Chomedey
57490,Côte-de-Liesse / Renaud
57526,Côte-de-Liesse / No 9551
57488,Côte-de-Liesse / No 10161
57487,Côte-de-Liesse / Riddle
57542,Côte-de-Liesse / No 10525
57565,Côte-de-Liesse / No 10755
57117,Côte-de-Liesse / Calais
57480,Côte-de-Liesse / Halpern
57477,Côte-de-Liesse / Avoca
57527,Côte-de-Liesse Nord / No 12055
61317,Gare Dorval
