60844,Station Joliette (Hochelaga / Joliette)
52815,Davidson / Rachel
52520,Saint-Michel / Saint-Joseph
52347,Saint-Michel / Masson
52107,Saint-Michel / Rosemont
51943,Saint-Michel / Beaubien
51743,Saint-Michel / Bélanger
51606,Station Saint-Michel Est
51517,Saint-Michel / Villeray
51392,Saint-Michel / Jarry
54180,Saint-Michel / Robert
51080,Saint-Michel / Émile-Journault
50931,Saint-Michel / de Louvain
50732,Saint-Michel / Sauvé
55057,Saint-Michel / Fleury
55333,Saint-Michel / Henri-Bourassa
55334,Saint-Michel / Henri-Bourassa
