55334,Saint-Michel / Henri-Bourassa
60505,Saint-Michel / Henri-Bourassa
55059,Saint-Michel / Fleury
50733,Saint-Michel / Sauvé
50932,Saint-Michel / de Louvain
51079,Saint-Michel / Émile-Journault
51224,Saint-Michel / Robert
51394,Saint-Michel / Jarry
51519,Saint-Michel / Villeray
51605,Station Saint-Michel Ouest
51745,Saint-Michel / Bélanger
51945,Saint-Michel / Beaubien
52109,Saint-Michel / Rosemont
52349,Saint-Michel / Masson
52522,Saint-Michel / Saint-Joseph
61046,Rachel / Cuvillier
52952,Valois / Sherbrooke
60844,Station Joliette (Hochelaga / Joliette)
