60296,Station Côte-Vertu
55504,Grenet / Poirier
55457,Grenet / Henri-Bourassa
50151,Grenet / Gouin
50144,Gouin / Laurentien
50142,Gouin / Cousineau
50140,Gouin / de Somerset
50138,Gouin / du Golf
50136,Gouin / Henri-D'Arles
50134,Gouin / Olivier
50132,Gouin / de Beauséjour
50128,Gouin / Toupin
50127,Gouin / Albert-Prévost
50126,Gouin / Antoine-Berthelet
50125,Gouin / Wilfrid-Lazure
53770,Gouin / Résidence Saraguay
53690,Gouin / LeMesurier
54020,Gouin / Wood
50124,Gouin / du Ruisseau
58287,Gouin / No 9409
58219,Gouin / Wilfrid
58217,Gouin / d'Orléans
58216,Gouin / Hortie
60294,Gouin / Sainte-Suzanne
58213,Gouin / Alexander
58212,Gouin / Robitaille
58211,Gouin / Sunnybrooke
58209,Gouin / Dollard
58012,Gouin / 2e Rue
58019,Gouin / 3e Avenue
58003,Gouin / 4e Avenue
58328,Gare Roxboro-Pierrefonds
58203,Gouin / de Pierrefonds
58196,des Sources / Gouin
58304,de Pierrefonds / No 11700
58188,de Pierrefonds / Westpark
58246,de Pierrefonds / Perron
58173,de Pierrefonds / Fredmir
58271,de Pierrefonds / Richmond
58141,de Pierrefonds / René-Émard
58244,de Pierrefonds / Harry-Worth
58124,de Pierrefonds / Jacques-Bizard
58118,de Pierrefonds / Paiement
58103,de Pierrefonds / Sainte-Anne
58093,de Pierrefonds / Saint-Charles
58089,de Pierrefonds / Nanterre
58240,de Pierrefonds / des Cageux
58249,des Cageux / Gouin
58286,Gouin / Coursol
