58286,Gouin / Coursol
58298,Château-Pierrefonds / Oka
58233,Château-Pierrefonds / de Pierrefonds
58239,de Pierrefonds / Prével
58241,de Pierrefonds / des Cageux
58083,de Pierrefonds / Nanterre
58095,de Pierrefonds / Saint-Charles
58264,de Pierrefonds / Sainte-Anne
58119,de Pierrefonds / Paiement
58266,de Pierrefonds / Jacques-Bizard
58245,de Pierrefonds / Harry-Worth
58143,de Pierrefonds / René-Émard
58270,de Pierrefonds / Richmond
58174,de Pierrefonds / Fredmir
58247,de Pierrefonds / Perron
58275,de Pierrefonds / Westpark
58200,de Pierrefonds / des Sources
58202,de Pierrefonds / Gouin
58208,Gouin / Gare Roxboro
60843,Gare Roxboro-Pierrefonds
58018,Gouin / 2e Avenue
58015,Gouin / 2e Rue
58278,Gouin / Dollard
58235,Gouin / Sunnybrooke
58280,Gouin / Robitaille
58214,Gouin / Alexander
60287,Gouin / Sainte-Suzanne
58281,Gouin / Hortie
58218,Gouin / d'Orléans
58282,Gouin / Wilfrid
58283,Gouin / Autoroute 13
54064,Gouin / Camille
53766,Gouin / Wood
53691,Gouin / LeMesurier
53771,Gouin / Résidence Saraguay
53767,Gouin / Joseph-Saucier
53768,Gouin / Antoine-Berthelet
53769,Gouin / Albert-Prévost
50129,Gouin / Toupin
50133,Gouin / de Beauséjour
50135,Gouin / Olivier
50137,Gouin / Henri-D'Arles
50139,Gouin / du Golf
50141,Gouin / de Somerset
50145,Gouin / Laurentien
50146,Gouin / Lachapelle
50148,Ranger / Gouin
50156,De Mésy / Grenet
55459,Grenet / Henri-Bourassa
55505,Grenet / Poirier
60296,Station Côte-Vertu
