53757,Station Henri-Bourassa / Terminus
55109,Henri-Bourassa / Bellevois
55147,Henri-Bourassa / Sainte-Gertrude
55175,Henri-Bourassa / Racette
55191,Henri-Bourassa / Alfred
55200,Henri-Bourassa / Salk
55214,Henri-Bourassa / Sainte-Colette
55257,Henri-Bourassa / Lacordaire
55278,Henri-Bourassa / Désy
55295,Rolland / Henri-Bourassa
55319,Rolland / Dijon
55321,Rolland / Marie-Victorin
55264,Rolland / Maurice-Duplessis
55238,Rolland / Arthur-Chevrier
55212,Rolland / Dagenais
55310,Dagenais / Langelier
55329,Léger / Chartrand
