55329,Léger / Chartrand
55223,Léger / Chartrand
55213,Rolland / Dagenais
55239,Rolland / Arthur-Chevrier
55262,Rolland / Maurice-Duplessis
55323,Rolland / Matte
55322,Rolland / Marie-Victorin
55320,Rolland / Dijon
55293,Rolland / Henri-Bourassa
55277,Henri-Bourassa / Désy
55255,Henri-Bourassa / Lacordaire
55222,Henri-Bourassa / Jean-Meunier
55199,Henri-Bourassa / Salk
55190,Henri-Bourassa / Alfred
55174,Henri-Bourassa / Racette
55145,Henri-Bourassa / Sainte-Gertrude
55115,Henri-Bourassa / L'Archevêque
54127,Station Henri-Bourassa (descente)
