51974,Station Laurier Sud (Gilford / Berri)
61299,Saint-Hubert / Laurier
61301,Saint-Hubert / Saint-Grégoire
61370,Saint-Grégoire / de Mentana
61302,Saint-Grégoire / Chambord
51930,Saint-Grégoire / Garnier
51976,Saint-Grégoire / Marquette
52043,Masson / Cartier
52090,Masson / De Lorimier
52190,Masson / D'Iberville
52214,Masson / Molson
52248,Masson / 2e Avenue
52270,Masson / 4e Avenue
52299,Masson / 7e Avenue
52317,Masson / 9e Avenue
52350,Masson / Saint-Michel
52371,Masson / Lafond
52392,Masson / 15e Avenue
52426,Masson / 18e Avenue
52465,Masson / Charlemagne
52497,Masson / Pie-IX
52578,Laurier / Jeanne-d'Arc
