52578,Laurier / Jeanne-d'Arc
52464,Charlemagne / Masson
52452,Masson / d'Orléans
52419,Masson / 17e Avenue
52391,Masson / 15e Avenue
52370,Masson / Lafond
52348,Masson / Saint-Michel
52316,Masson / 9e Avenue
52294,Masson / 6e Avenue
52259,Masson / 3e Avenue
52233,Masson / 1re Avenue
52188,Masson / D'Iberville
52191,Masson / D'Iberville
52088,Masson / De Lorimier
52023,Masson / Papineau
51975,Saint-Grégoire / Marquette
51929,Saint-Grégoire / Garnier
51893,Saint-Grégoire / Chambord
51852,Saint-Grégoire / De La Roche
53812,Saint-Grégoire / Saint-André
61369,Saint-Grégoire / Rivard
51816,Saint-Denis / Boucher
51864,Station Laurier Nord (Saint-Denis / Laurier)
60366,Station Laurier (Berri / Saint-Joseph)
