55829,Station Côte-Vertu
57818,Fairview / Plymouth
60415,Terminus Fairview / Brunswick
57981,Saint-Jean / Blue Haven
57834,Saint-Jean / de Salaberry
57854,Saint-Jean / Lake
57852,Saint-Jean / Roger-Pilon
57994,Saint-Jean / Ernest
58147,Saint-Jean / Anselme-Lavigne
60537,Saint-Jean / Harry-Worth
58137,de Pierrefonds / Saint-Jean
58244,de Pierrefonds / Harry-Worth
58124,de Pierrefonds / Jacques-Bizard
58118,de Pierrefonds / Paiement
58103,de Pierrefonds / Sainte-Anne
58093,de Pierrefonds / Saint-Charles
58089,de Pierrefonds / Nanterre
58240,de Pierrefonds / des Cageux
58249,des Cageux / Gouin
58286,Gouin / Coursol
61374,Château-Pierrefonds / Oka
60414,de Pierrefonds / Château-Pierrefonds
