58286,Gouin / Coursol
61374,Château-Pierrefonds / Oka
60414,de Pierrefonds / Château-Pierrefonds
58239,de Pierrefonds / Prével
58241,de Pierrefonds / des Cageux
58083,de Pierrefonds / Nanterre
58095,de Pierrefonds / Saint-Charles
58264,de Pierrefonds / Sainte-Anne
58119,de Pierrefonds / Paiement
58266,de Pierrefonds / Jacques-Bizard
58245,de Pierrefonds / Harry-Worth
58136,de Pierrefonds / Saint-Jean
60536,Saint-Jean / Harry-Worth
57997,Saint-Jean / Jolicoeur
57851,Saint-Jean / Harris
57853,Saint-Jean / Shakespeare
57855,Saint-Jean / Westminster
57833,Saint-Jean / de Salaberry
57858,Saint-Jean / Devon
57616,Saint-Jean / Labrosse
57620,Saint-Jean / Brunswick
57794,Terminus Fairview
60288,Station Côte-Vertu
