50313,Station Henri-Bourassa / Terminus
50351,Henri-Bourassa / Christophe-Colomb
50409,Henri-Bourassa / Séguin
50515,Henri-Bourassa / Saint-Michel
55045,Henri-Bourassa / Saint-Vital
61542,Henri-Bourassa / Pie IX
55073,Henri-Bourassa / Pelletier
55086,Léger / Henri-Bourassa
55098,Léger / L'Archevêque
55108,Léger / Sainte-Gertrude
55117,Léger / Brunet
55130,Léger / Salk
55141,Léger / Sainte-Colette
55156,Léger / Lanthier
55169,Léger / Lacordaire
55183,Léger / Désy
55193,Léger / Fortin
55208,Léger / Rolland
55224,Léger / Chartrand
60386,Langelier / Léger
55317,Gouin / No 6700
55311,Gouin / No 6750
53697,Gouin / No 6880
54186,Gouin / No 7015
51220,Gouin / Ozias-Leduc
54138,Ozias-Leduc / Perras
54053,Perras / 6e Avenue
51422,Perras / Gilbert-Barbier
51443,Perras / Marc-Aurèle-Fortin
51488,Perras / Fernand-Gauthier
51543,Perras / Élie-Beauregard
51590,Perras / Salomon-Marion
51621,Perras / Armand-Bombardier
51691,Perras / 25e Avenue
51720,Perras / 27e Avenue
51807,Perras / Alfred-Nobel
51890,Perras / Alexis-Carrel
54050,Perras / Pierre-Baillargeon
54152,Perras / Rodolphe-Forget
60305,Rodolphe-Forget / Louis-Dessaulles
60306,Rodolphe-Forget / Maurice-Duplessis
52378,Maurice-Duplessis / J.-J.-Joubert
53977,Maurice-Duplessis / Jean-Yves-Bigras
54061,Maurice-Duplessis / 54e Avenue
52655,Maurice-Duplessis / Rivière-des-Prairies
54271,Maurice-Duplessis / 62e Avenue
61201,Maurice-Duplessis / No 10000
61638,Maurice-Duplessis / Saint-Jean-Baptiste
61606,Gare Rivière-des-Prairies
