61605,Gare Rivière-des-Prairies
60316,Maurice-Duplessis / Saint-Jean-Baptiste
54284,Maurice-Duplessis / 70e Avenue
54270,Maurice-Duplessis / 62e Avenue
54397,Maurice-Duplessis / Rivière-des-Prairies
54060,Maurice-Duplessis / 54e Avenue
54062,Maurice-Duplessis / Jean-Yves-Bigras
52379,Maurice-Duplessis / J.-J.-Joubert
52264,Maurice-Duplessis / Rodolphe-Forget
60311,Rodolphe-Forget / Louis-Dessaulles
60336,Rodolphe-Forget / Perras
54049,Perras / Pierre-Baillargeon
51889,Perras / Alexis-Carrel
51806,Perras / Alfred-Nobel
51719,Perras / 27e Avenue
53694,Perras / 25e Avenue
51620,Perras / Armand-Bombardier
51589,Perras / Salomon-Marion
51542,Perras / Élie-Beauregard
54154,Perras / Fernand-Gauthier
51442,Perras / Marc-Aurèle-Fortin
51421,Perras / Gilbert-Barbier
54054,Perras / 6e Avenue
54155,Perras / 4e Avenue
51283,Hôpital Rivière-des-Prairies (Perras / Ozias-Leduc
55260,Léger / Albert-Hudon
55237,Léger / Langelier
55223,Léger / Chartrand
55207,Léger / Rolland
55192,Léger / Fortin
55182,Léger / Désy
55167,Léger / Lacordaire
55155,Léger / Lanthier
55140,Léger / Sainte-Colette
55129,Léger / Salk
55116,Léger / Brunet
55106,Léger / Sainte-Gertrude
55097,Léger / L'Archevêque
55089,Léger / Drapeau
55080,Léger / Armand-Lavergne
55064,Henri-Bourassa / Pie IX
55052,Henri-Bourassa / London
55043,Henri-Bourassa / Saint-Vital
50513,Henri-Bourassa / Saint-Michel
50413,Henri-Bourassa / De Saint-Firmin
50350,Henri-Bourassa / Christophe-Colomb
54127,Station Henri-Bourassa (descente)
