61336,Station Lionel-Groulx / Greene
57504,Gare Dorval
57665,Saint-Jean / Drake
57658,Saint-Jean / Douglas-Shand
57652,Saint-Jean / Cardiff
57646,Saint-Jean / Hymus
57823,Brunswick / Terminus Fairview
57836,De Salaberry / Devon
57979,De Salaberry / Walworth
57837,De Salaberry / Sommerset
58367,De Salaberry / Berkshire
58384,De Salaberry / Acres
58370,De Salaberry / Brunswick
58372,Brunswick / Argyle
58347,Brunswick / du Merlot
58113,Antoine-Faucon / Saint-Charles
58105,Antoine-Faucon / Biroleau
58220,Antoine-Faucon / Henri-Daoust
58225,Antoine-Faucon / Grilli
58223,Antoine-Faucon / des Cageux
58227,Antoine-Faucon / Château-Pierrefonds
58229,Château-Pierrefonds / Meloche
58231,Château-Pierrefonds / Rousson
61256,de Pierrefonds / Winnie-Wakefield
61258,de Pierrefonds / du Palomino
61257,de Pierrefonds / du Palomino
61321,de Pierrefonds / Winnie-Wakefield
61254,de Pierrefonds / Winnie-Wakefield
