61254,de Pierrefonds / Winnie-Wakefield
58230,Château-Pierrefonds / Meloche
58228,Château-Pierrefonds / Antoine-Faucon
58226,Antoine-Faucon / Grilli
58221,Antoine-Faucon / Henri-Daoust
58106,Antoine-Faucon / Biroleau
58112,Antoine-Faucon / Saint-Charles
58349,Brunswick / du Merlot
58373,Brunswick / Argyle
58371,Brunswick / De Salaberry
58383,De Salaberry / Acres
58368,De Salaberry / Médoc
57978,De Salaberry / Sommerset
57839,De Salaberry / Devon
57841,De Salaberry / Saint-Jean
57858,Saint-Jean / Devon
60889,Brunswick / Terminus Fairview
57647,Saint-Jean / Hymus
57653,Saint-Jean / Sedgefield
57659,Saint-Jean / Douglas-Shand
57668,Saint-Jean / Springdale
57788,Saint-Jean / Autoroute 20
57537,Gare Dorval
61339,Station Lionel-Groulx / Greene
