54316,Sherbrooke / de la Famille-Dubreuil
53611,Sherbrooke / Gouin
54315,Sherbrooke / de la Famille-Dubreuil
53573,Sherbrooke / 81e Avenue
59315,Sherbrooke / Damien-Gauthier
50121,Sherbrooke / Arthur-Généreux
53989,Sherbrooke / Yves-Thériault
53731,Sherbrooke / Réal-Benoit
61581,Gare Pointe-aux-Trembles
53512,Sherbrooke / 53e Avenue
54380,Sherbrooke / Stationnement incitatif
53494,Sherbrooke / 40e Avenue
53486,Sherbrooke / 36e Avenue
53476,Sherbrooke / 32e Avenue
53469,Sherbrooke / Robert-Chevalier
53458,Sherbrooke / du Tricentenaire
53434,Sherbrooke / 16e Avenue
53424,Sherbrooke / Saint-Jean-Baptiste
53420,Sherbrooke / 8e Avenue
53411,Sherbrooke / 3e Avenue
54418,Sherbrooke / Marien
54420,Sherbrooke / Broadway
54415,Sherbrooke / Durocher
54115,Station Honoré-Beaugrand (Terminus Nord)
