54119,Station Honoré-Beaugrand / Terminus Nord
54416,Sherbrooke / Durocher
54488,Sherbrooke / de la Grande Allée
54419,Sherbrooke / Marien
53412,Sherbrooke / 3e Avenue
53421,Sherbrooke / 8e Avenue
53426,Sherbrooke / Saint-Jean-Baptiste
53435,Sherbrooke / 16e Avenue
53457,Sherbrooke / du Tricentenaire
53470,Sherbrooke / Robert-Chevalier
53477,Sherbrooke / 32e Avenue
53487,Sherbrooke / 36e Avenue
53495,Sherbrooke / 40e Avenue
61311,Sherbrooke / Stationnement incitatif
53513,Sherbrooke / 53e Avenue
61582,Gare Pointe-aux-Trembles
53526,Sherbrooke / Réal-Benoit
50119,Sherbrooke / Yves-Thériault
50120,Sherbrooke / Arthur-Généreux
59316,Sherbrooke / Damien-Gauthier
53574,Sherbrooke / 81e Avenue
54316,Sherbrooke / de la Famille-Dubreuil
53611,Sherbrooke / Gouin
