54116,100e Avenue / Bureau
53654,Notre-Dame / 86e Avenue
54378,Notre-Dame / 83e Avenue
53642,Notre-Dame / 81e Avenue
53486,Sherbrooke / 36e Avenue
53404,Cherrier / 32e Avenue
53883,Jean-Grou / Industriel
53405,Industriel / du Tricentenaire
54251,Industriel / Jean-Sicard
53885,Industriel / Dollard-Desjardins
53389,Industriel / Jean-Viel
53381,Industriel / Saint-Jean-Baptiste
53425,Saint-Jean-Baptiste / Sherbrooke
53411,Sherbrooke / 3e Avenue
54115,Station Honoré-Beaugrand (Terminus Nord)
