60367,Station Henri-Bourassa / Terminus
50351,Henri-Bourassa / Christophe-Colomb
50409,Henri-Bourassa / Séguin
50515,Henri-Bourassa / Saint-Michel
55045,Henri-Bourassa / Saint-Vital
61542,Henri-Bourassa / Pie IX
55073,Henri-Bourassa / Pelletier
55086,Léger / Henri-Bourassa
55098,Léger / L'Archevêque
55108,Léger / Sainte-Gertrude
55117,Léger / Brunet
55130,Léger / Salk
55141,Léger / Sainte-Colette
55156,Léger / Lanthier
55169,Léger / Lacordaire
55198,Lacordaire / Claude
60310,Maurice-Duplessis / Lacordaire
55227,Maurice-Duplessis / Désy
60539,Maurice-Duplessis / Hurteau
55288,Maurice-Duplessis / Langelier
55291,Maurice-Duplessis / Albert-Hudon
54236,Hôpital Rivière-des-Prairies
51464,Cégep Marie-Victorin
54048,Maurice-Duplessis / 6e Avenue
51553,Maurice-Duplessis / Pierre-Blanchet
51610,Maurice-Duplessis / Marc-Aurèle-Fortin
53928,Maurice-Duplessis / Fernand-Gauthier
51698,Maurice-Duplessis / La Valinière
51760,Maurice-Duplessis / No 7860
51811,Maurice-Duplessis / Armand-Bombardier
51849,Maurice-Duplessis / Clément-Ader
51907,Maurice-Duplessis / 27e Avenue
51994,Maurice-Duplessis / André-Dumas
52073,Maurice-Duplessis / Alexis-Carrel
52157,Maurice-Duplessis / Pierre-Baillargeon
52217,Maurice-Duplessis / 41e Avenue
60340,Rodolphe-Forget / Maurice-Duplessis
60311,Rodolphe-Forget / Louis-Dessaulles
60312,Rodolphe-Forget / Perras
52125,Perras / René-Masson
53684,Perras / 49e Avenue
52303,Perras / 54e Avenue
54073,Perras / 57e Avenue
52429,Perras / Rivière-des-Prairies
52519,Perras / 62e Avenue
52558,Perras / Marien
52727,Perras / 70e Avenue
52824,Perras / Primat-Paré
52932,Perras / Voltaire
53026,Perras / Saint-Jean-Baptiste
60395,Perras / No 10955
60516,87e Avenue / Perras
60517,87e Avenue / 4e Rue
60518,87e Avenue / No 12300
60519,87e Avenue / No 12123
53224,87e Avenue / 6e Rue
60337,Maurice-Duplessis / 87e Avenue
61525,Gare Rivière-des-Prairies
60317,Saint-Jean-Baptiste / No 12045
60319,Saint-Jean-Baptiste / Cité des Prairies
60520,Saint-Jean-Baptiste / No 12301
60320,Saint-Jean-Baptiste / Émilie-du-Chatelet
60323,Saint-Jean-Baptiste / No 12475
60515,Perras / 81e Avenue
