60515,Perras / 81e Avenue
52927,Perras / Voltaire
52825,Perras / Primat-Paré
52726,Perras / 70e Avenue
52557,Perras / 64e Avenue
52518,Perras / 62e Avenue
52428,Perras / Rivière-des-Prairies
52375,Perras / 57e Avenue
52302,Perras / 54e Avenue
53683,Perras / 51e Avenue
52124,Perras / René-Masson
60304,Perras / Rodolphe-Forget
60305,Rodolphe-Forget / Louis-Dessaulles
60306,Rodolphe-Forget / Maurice-Duplessis
52216,Maurice-Duplessis / 41e Avenue
52156,Maurice-Duplessis / Pierre-Baillargeon
52071,Maurice-Duplessis / Alexis-Carrel
51993,Maurice-Duplessis / André-Dumas
51906,Maurice-Duplessis / 27e Avenue
51850,Maurice-Duplessis / Clément-Ader
51809,Maurice-Duplessis / Armand-Bombardier
51756,Maurice-Duplessis / No 7861
51699,Maurice-Duplessis / La Valinière
53927,Maurice-Duplessis / Fernand-Gauthier
54051,Maurice-Duplessis / No 7588
51552,Maurice-Duplessis / Pierre-Blanchet
51521,Maurice-Duplessis / 5e Avenue
53930,Cégep Marie-Victorin
53931,Hôpital Rivière-des-Prairies (M.-Duplessis/No 7000
55290,Maurice-Duplessis / Albert-Hudon
55286,Maurice-Duplessis / Langelier
55282,Maurice-Duplessis / Monty
55261,Maurice-Duplessis / Rolland
55232,Maurice-Duplessis / Laurier
61587,Maurice-Duplessis / Lacordaire
55197,Lacordaire / Claude
60307,Léger / Lacordaire
55155,Léger / Lanthier
55140,Léger / Sainte-Colette
55129,Léger / Salk
55116,Léger / Brunet
55106,Léger / Sainte-Gertrude
55097,Léger / L'Archevêque
55089,Léger / Drapeau
55080,Léger / Armand-Lavergne
55064,Henri-Bourassa / Pie IX
55052,Henri-Bourassa / London
55043,Henri-Bourassa / Saint-Vital
50513,Henri-Bourassa / Saint-Michel
50413,Henri-Bourassa / De Saint-Firmin
50350,Henri-Bourassa / Christophe-Colomb
54127,Station Henri-Bourassa (descente)
