61016,Carrefour Angrignon
57108,Carr. Angrignon; entrée est (Angrignon/No 2221)
60633,Angrignon / face aux tours Angrignon
61662,Station Angrignon (des Trinitaires / Lamont)
56986,De La Vérendrye / Lapierre
57086,De La Vérendrye / Melatti
56973,Bishop-Power / George
56976,George / Gagné
56929,Champlain / 35e Avenue
56917,Dollard / Champlain
56891,Dollard / Salley
56843,Dollard / Réjane
56836,Newman / Dollard
56811,Newman / Jean-Milot
56771,Terminus Lafleur / Newman
56769,Lafleur / Centrale
57107,Parc des Saints-Anges
61012,LaSalle / Dupras
61013,LaSalle / Lyette
57347,Saint-Joseph / 8e Avenue
57251,10e Avenue / Notre-Dame
57246,10e Avenue / Saint-Antoine
57242,10e Avenue / Provost
57230,Provost / 16e Avenue
57207,Provost / 25e Avenue
57201,Provost / 31e Avenue
57200,32e Avenue / Saint-Antoine
57344,Victoria / 33e Avenue
57177,Victoria / 40e Avenue
57165,Victoria / 44e Avenue
57152,Victoria / 48e Avenue
57125,Victoria / 54e Avenue
57484,Bouchard / Galland
57481,Bouchard / No 205
57474,Bouchard / George-V
61317,Gare Dorval
