57507,Gare Dorval
57467,Bouchard / Racine
57475,Bouchard / George-V
57514,Bouchard / No 200
57483,Bouchard / Bourke
57126,Victoria / 54e Avenue
57153,Victoria / 49e Avenue
57166,Victoria / 44e Avenue
57178,Victoria / 40e Avenue
57190,Victoria / 33e Avenue
57198,32e Avenue / Saint-Antoine
57202,Provost / 31e Avenue
57214,Provost / 24e Avenue
57231,Provost / 16e Avenue
57244,Provost / 10e Avenue
57245,10e Avenue / Saint-Antoine
57252,10e Avenue / Notre-Dame
57254,Notre-Dame / 8e Avenue
57263,6e Avenue / Saint-Joseph
61009,LaSalle / Lyette
61010,LaSalle / Dupras
57106,Parc des Saints-Anges
56768,Lafleur / Chatelle
60869,Terminus Lafleur / Newman
56817,Newman / 90e Boulevard
56834,Newman / Dollard
56844,Dollard / Réjane
56892,Dollard / Salley
56916,Hôpital de LaSalle
56930,Champlain / 35e Avenue
57097,Gagné / George
56971,Bishop-Power / Champlain
57087,Bourdeau / No 7675
57080,Bourdeau / Lapierre
51611,des Trinitaires / Lamont
61263,Station Angrignon / Terminus
56943,Newman / Senkus
61016,Carrefour Angrignon
