61330,Station Lionel-Groulx / Saint-Jacques
57272,Victoria / 1re Avenue
57261,Victoria / 6e Avenue
57247,Victoria / 10e Avenue
61048,Victoria / 15e Avenue
57225,Victoria / 18e Avenue
57215,Victoria / 21e Avenue
57341,Victoria / 28e Avenue
57189,Victoria / 34e Avenue
57184,Victoria / 37e Avenue
57177,Victoria / 40e Avenue
57165,Victoria / 44e Avenue
57152,Victoria / 48e Avenue
57136,Victoria / Meadowbrook
57125,Victoria / 54e Avenue
57484,Bouchard / Galland
57481,Bouchard / No 205
57474,Bouchard / George-V
61317,Gare Dorval
