57506,Gare Dorval
57467,Bouchard / Racine
57511,Bouchard / Poste de pompiers
57475,Bouchard / George-V
57514,Bouchard / No 200
57483,Bouchard / Bourke
57126,Victoria / 54e Avenue
57137,Victoria / 51e Avenue
57153,Victoria / 49e Avenue
57166,Victoria / 44e Avenue
57178,Victoria / 40e Avenue
57185,Victoria / 36e Avenue
57190,Victoria / 33e Avenue
57338,Victoria / 28e Avenue
57216,Victoria / 21e Avenue
57226,Victoria / 18e Avenue
61047,Victoria / 16e Avenue
57249,Victoria / 10e Avenue
57262,Victoria / 6e Avenue
57278,William-Macdonald / George-V
61330,Station Lionel-Groulx / Saint-Jacques
