50110,Gare Montréal-Ouest (Elmurst/Sherbrooke)
53792,Sherbrooke / Westmore
50766,West Broadway / Sherbrooke
50716,West Broadway / de Terrebonne
50648,West Broadway / Somerled
50576,West Broadway / Fielding
50597,Fielding / Doherty
50614,Fielding / Saint-Ignatius
50623,Fielding / Coronation
50662,Fielding / Rosedale
50689,Fielding / Walkley
50727,Fielding / Cavendish
50762,Fielding / West Hill
50799,Fielding / Grand Boulevard
50828,Fielding / Hingston
56332,Fielding / Côte-Saint-Luc
56319,Ellerdale / Queen-Mary
56324,Queen-Mary / Stratford
56328,Queen-Mary / Macdonald
50986,Queen-Mary / Earnscliffe
51020,Queen-Mary / Décarie
51032,Queen-Mary / Trans Island
51051,Station Snowdon (Queen-Mary / Circle)
51086,Queen-Mary / Lemieux
51119,Queen-Mary / Victoria
51146,Queen-Mary / Roslyn
51175,Institut de gériatrie (Queen-Mary/Cedar Crescent)
53677,Oratoire Saint-Joseph (Queen-Mary/du Frère-André)
51267,Queen-Mary / Gatineau
51229,Decelles / Jean-Brillant
51167,Decelles / Édouard-Montpetit
51214,Édouard-Montpetit / McKenna
51248,Édouard-Montpetit / Louis-Colin
53877,Station Université-de-Montréal
51287,Édouard-Montpetit / Woodbury
51319,Édouard-Montpetit / de Stirling
51388,Station Édouard-Montpetit
56184,Vincent-d'Indy / Willowdale
56175,Vincent-d'Indy / Côte-Sainte-Catherine
56188,Côte-Sainte-Catherine / Dunlop
56196,Côte-Sainte-Catherine / Courcelette
56199,Côte-Sainte-Catherine / Pagnuelo
56205,Côte-Sainte-Catherine / Stuart
56207,Côte-Sainte-Catherine / Outremont
56211,Laurier / Querbes
51712,Laurier / du Parc
51765,Laurier / Saint-Urbain
51829,Saint-Joseph / Saint-Laurent
51856,Saint-Joseph / De Bullion
51921,Saint-Joseph / Saint-Denis
60366,Station Laurier (Berri / Saint-Joseph)
