54069,Station Laurier Sud (Rivard / Gilford)
51919,Saint-Joseph / Saint-Denis
51855,Saint-Joseph / De Bullion
51828,Saint-Joseph / Saint-Laurent
51763,Laurier / Saint-Urbain
51710,Laurier / du Parc
51713,Laurier / du Parc
56210,Laurier / De L'Épée
56206,Côte-Sainte-Catherine / Outremont
56204,Côte-Sainte-Catherine / Stuart
56200,Côte-Sainte-Catherine / Les Hautvilliers
56194,Côte-Sainte-Catherine / Rockland
56187,Côte-Sainte-Catherine / Claude-Champagne
56178,Vincent-d'Indy / Côte-Sainte-Catherine
51387,Station Édouard-Montpetit
50114,CEPSUM (Édouard-Montpetit / No 2141)
51318,Édouard-Montpetit / de Stirling
51286,Édouard-Montpetit / Woodbury
53878,Station Université-de-Montréal
51247,Édouard-Montpetit / Louis-Colin
51213,Édouard-Montpetit / McKenna
51168,Édouard-Montpetit / Decelles
51230,Decelles / Jean-Brillant
51278,Decelles / Queen-Mary
51252,Queen-Mary / Côte-des-Neiges
51254,Queen-Mary / Côte-des-Neiges
53678,Oratoire Saint-Joseph (Queen-Mary/No 3800)
51176,Institut de gériatrie (Queen-Mary/Cedar Crescent)
51145,Queen-Mary / Roslyn
51117,Queen-Mary / Victoria
51081,Queen-Mary / Ponsard
54074,Station Snowdon (Queen-Mary / Westbury)
51031,Queen-Mary / Trans Island
51003,Queen-Mary / Coolbrook
50966,Queen-Mary / Clanranald
56327,Queen-Mary / Macdonald
56323,Queen-Mary / Stratford
56322,Fielding / Côte-Saint-Luc
50827,Fielding / Hingston
50797,Fielding / Grand Boulevard
50761,Fielding / West Hill
50725,Fielding / Cavendish
50688,Fielding / Walkley
50661,Fielding / Rosedale
50622,Fielding / Coronation
50613,Fielding / Saint-Ignatius
50596,Fielding / Doherty
50577,Fielding / O'Bryan
50650,West Broadway / Somerled
50717,West Broadway / de Terrebonne
50764,West Broadway / Sherbrooke
50747,Sherbrooke / Patricia
50110,Gare Montréal-Ouest (Elmurst/Sherbrooke)
