50760,Station Crémazie (Édicule Nord)
50678,Lajeunesse / Émile-Journault
50600,Legendre / Berri
50589,Legendre / Henri-Julien
53701,Centre de transport Legendre
50563,Legendre / Saint-Laurent
50518,Saint-Laurent / Chabanel
50457,Saint-Laurent / de Louvain
50422,Saint-Laurent / de Port-Royal
50390,Saint-Laurent / Sauvé
50355,Saint-Laurent / Sauriol
50336,Saint-Laurent / Fleury
50309,Saint-Laurent / Prieur
50294,Saint-Laurent / Henri-Bourassa
50300,Henri-Bourassa / Laverdure
50303,Station Henri-Bourassa Ouest / Berri
54127,Station Henri-Bourassa (descente)
