53757,Station Henri-Bourassa / Terminus
50301,Station Henri-Bourassa / Saint-Denis
50299,Henri-Bourassa / Laverdure
50298,Saint-Laurent / Henri-Bourassa
50310,Saint-Laurent / Prieur
50338,Saint-Laurent / Fleury
50356,Saint-Laurent / Sauriol
50392,Saint-Laurent / Sauvé
50423,Saint-Laurent / de Port-Royal
50455,Saint-Laurent / de Louvain
50519,Saint-Laurent / Chabanel
50566,Legendre / Saint-Laurent (coin sud-est)
53700,Centre de transport Legendre
50590,Legendre / Henri-Julien
50602,Legendre / Berri
50672,Berri / Émile-Journault
50760,Station Crémazie (Édicule Nord)
