55737,Côte-Vertu / Lebeau
55748,Lebeau / Deslauriers
55340,Deslauriers / No 605
55823,Deslauriers / No 390
55822,Benjamin-Hudon / Deslauriers
55769,Benjamin-Hudon / Lebeau
55821,Gince / Lebeau
53829,Gince / No 55
50490,Charles-De La Tour / De Beauharnois
50453,Charles-De La Tour / Legendre
50411,Charles-De La Tour / Chabanel
50361,Charles-De La Tour / de Louvain
50379,de Louvain / de l'Acadie
50426,Chabanel / de l'Acadie
50448,Gare Chabanel
54349,Chabanel / Jeanne-Mance
54352,de l'Esplanade / Chabanel
54353,de l'Esplanade / de Louvain
50456,de Louvain / Saint-Laurent
50519,Saint-Laurent / Chabanel
50564,Saint-Laurent / Legendre
50620,Saint-Laurent / De Beauharnois
50671,Crémazie / Saint-Laurent
50720,Crémazie / Casgrain
50734,Crémazie / Henri-Julien
50769,Station Crémazie Sud (Crémazie / Berri)
50813,Crémazie / Foucher
50859,Crémazie / Saint-Hubert
50860,Crémazie / Saint-Hubert
50978,Christophe-Colomb / Crémazie
50920,Christophe-Colomb / Henri-Gauthier
50852,Christophe-Colomb / Étienne-Blanchard
50772,Christophe-Colomb / Émile-Journault
50834,Émile-Journault / André-Grasset
50878,Émile-Journault / Papineau
50804,Papineau / Legendre
61556,Stade de soccer de Montréal (Papineau / Lecocq)
50646,Papineau / de Louvain
50610,Papineau / Charland
50653,Charland / De Lorimier
61242,Charland / Parthenais
50706,Charland / de Lille
50755,Charland / Sackville
50803,Charland / J.-J.-Gagnier
50718,Sauvé / J.-J.-Gagnier
