50718,Sauvé / J.-J.-Gagnier
50685,Sauvé / Sackville
50666,Sauvé / D'Iberville
50635,de Lille / Sauvé
50705,de Lille / Charland
61243,Charland / Parthenais
50652,Charland / De Lorimier
50611,Charland / Charton
50647,Papineau / de Louvain
61595,Papineau / Lecocq
50805,Papineau / Legendre
50877,Papineau / Émile-Journault
50833,Émile-Journault / André-Grasset
50773,Émile-Journault / Christophe-Colomb
50853,Christophe-Colomb / Étienne-Blanchard
50921,Christophe-Colomb / Henri-Gauthier
50975,Christophe-Colomb / Crémazie
53950,Collège André-Grasset
50857,Crémazie / Saint-Hubert
50812,Crémazie / Foucher
50794,Station Crémazie Nord (Crémazie / Lajeunesse)
53947,Crémazie / De Gaspé
50669,Crémazie / Saint-Laurent
50619,Saint-Laurent / De Beauharnois
50562,Saint-Laurent / Legendre
50518,Saint-Laurent / Chabanel
50458,de Louvain / No 7
54347,de l'Esplanade / No 9449
54344,de l'Esplanade / No 9350
54348,Chabanel / Jeanne-Mance
50450,Gare Chabanel
54359,Chabanel / du Marché-Central
50428,de l'Acadie / Chabanel
50381,de Louvain / de l'Acadie
50362,de Louvain / Charles-De La Tour
50412,Charles-De La Tour / Chabanel
50454,Charles-De La Tour / Legendre
50491,Charles-De La Tour / De Beauharnois
53830,Gince / No 95
55768,Lebeau / Benjamin-Hudon
55766,Benjamin-Hudon / Deslauriers
55824,Deslauriers / No 390
55341,Deslauriers / No 555
55749,Deslauriers / Lebeau
55735,Lebeau / Côte-Vertu
55737,Côte-Vertu / Lebeau
