52947,Saint-Laurent / Saint-Jacques
52918,Saint-Laurent / Saint-Antoine
52806,Saint-Laurent / De la Gauchetière
52780,Saint-Laurent / René-Lévesque
52710,Saint-Laurent / Sainte-Catherine
52649,Station Saint-Laurent / De Maisonneuve
52610,Saint-Laurent / Ontario
52511,Saint-Laurent / Sherbrooke
52400,Saint-Laurent / Prince-Arthur
52291,Saint-Laurent / Roy
52226,Saint-Laurent / Napoléon
52172,Saint-Laurent / Duluth
52103,Saint-Laurent / Rachel
52039,Saint-Laurent / Marie-Anne
51971,Saint-Laurent / du Mont-Royal
51875,Saint-Laurent / Villeneuve
51827,Saint-Laurent / Saint-Joseph
51786,Saint-Laurent / Laurier
51748,Saint-Laurent / Fairmount
51705,Saint-Laurent / Maguire
51641,Saint-Laurent / Saint-Viateur
51572,Saint-Laurent / Bernard
51505,Saint-Laurent / de Bellechasse
51440,Saint-Laurent / Beaubien
51369,Saint-Laurent / Saint-Zotique
54280,Saint-Laurent / Bélanger
51249,Saint-Laurent / Jean-Talon
51205,Station De Castelnau Est / Saint-Laurent
51149,Saint-Laurent / Faillon
51067,Saint-Laurent / Villeray
51006,Saint-Laurent / Gounod
50934,Saint-Laurent / Jarry
50868,Saint-Laurent / Guizot
50785,Saint-Laurent / de Liège
50668,Saint-Laurent / Crémazie
50619,Saint-Laurent / De Beauharnois
50562,Saint-Laurent / Legendre
61028,Chabanel / Clark
54352,de l'Esplanade / Chabanel
54353,de l'Esplanade / de Louvain
60401,de Louvain / Saint-Laurent
