52146,Station Guy-Concordia (Maisonneuve / St-Mathieu)
53775,De Maisonneuve / du Fort
54166,De Maisonneuve / Chomedey
52070,Station Atwater (Lambert-Closse / Ste-Catherine)
52130,Sainte-Catherine / du Fort
52197,Sainte-Catherine / Saint-Mathieu
52238,Guy / Sainte-Catherine
52328,Guy / René-Lévesque
52425,Guy / Saint-Antoine
52501,Guy / Saint-Jacques
54308,Guy / Paxton
52674,Guy / William
52605,William / des Seigneurs
53723,des Seigneurs / du Canal
52725,Saint-Patrick / Shearer
52767,Shearer / Richardson
52797,Shearer / du Centre
52716,du Centre / Island
52623,du Centre / Ropery
53699,Station Charlevoix (Charlevoix / de Châteauguay)
52633,Charlevoix / Mullins
52690,Charlevoix / Knox
52740,Charlevoix / de Coleraine
52818,Charlevoix / Wellington
52871,Parc-Marguerite-Bourgeoys
52887,Wellington / Fortune
52893,Wellington / Charon
54233,Charon / Favard
54229,Charon / Le Ber
53049,Ash / Dick-Irvin
54232,Charon / Dick-Irvin
54228,Charon / Le Ber
53029,Le Ber / de la Congrégation
54231,de la Congrégation / Favard
52911,de la Congrégation / de Sébastopol
53899,Wellington / de la Sucrerie
53869,De Condé / du Centre
