53869,De Condé / du Centre
54307,de la Sucrerie / Grand Trunk
52902,Sainte-Madeleine / Wellington
52978,Sainte-Madeleine / Favard
53030,Sainte-Madeleine / Le Ber
54234,Charon / Frank-Selke
54235,Dick-Irvin / Frank-Selke
54230,Dick-Irwin / Ash
53048,Ash / Le Ber
52979,Ash / Favard
52890,Ash / Wellington
52886,Wellington / Fortune
52870,Wellington / de Liverpool
52817,Wellington / Charlevoix
52739,Charlevoix / de Coleraine
52689,Charlevoix / Knox
52598,Charlevoix / Grand Trunk
54018,Station Charlevoix
52624,du Centre / Ropery
52717,du Centre / Island
52799,Shearer / Clarendon
52724,Shearer / Saint-Patrick
53722,des Seigneurs / du Canal
52604,des Seigneurs / Basin
52675,Guy / William
52615,Guy / Paxton
52500,Guy / Saint-Jacques
52424,Guy / Saint-Antoine
52326,Guy / René-Lévesque
52236,Guy / Sainte-Catherine
52146,Station Guy-Concordia (Maisonneuve / St-Mathieu)
