57072,George / Albert-Couture
56977,George / Gagné
56978,Gagné / Lévis-Sauvé
56987,Centrale / 16e Avenue
56997,Centrale / 12e Avenue
57006,Centrale / Bishop-Power
57028,Bishop-Power / No 220
57015,Édouard / 8e Avenue
57017,Édouard / 5e Avenue
57073,Édouard / 3e Avenue
57020,Édouard / Alepin
57022,Édouard / Lacharité
57025,Lacharité / Ouimet
56504,Ouimet / Fayolle
56506,Ouimet / Clémenceau
56510,Ouimet / Crawford
56514,Crawford / Churchill
56525,Crawford / LaSalle
56701,LaSalle / No 7105
57063,Hôpital Douglas (LaSalle/No 6875)
56536,LaSalle / Bannantyne
56566,LaSalle / Valiquette
56694,LaSalle / Godin
56610,LaSalle / Richard
56617,LaSalle / Beatty
56669,Wellington / Argyle
56619,Wellington / Desmarchais
56621,Wellington / 4e Avenue
56627,Wellington / 1re Avenue
56629,Wellington / Rielle
56631,Station de l'Église (Wellington / Galt)
56636,Wellington / de l'Église
56638,Wellington / Hickson
56624,de Rushbrooke / LaSalle
61651,Caisse / de Rushbrooke
