56697,Station LaSalle
56612,Caisse / LaSalle
56625,LaSalle / Victor
56637,Wellington / Hickson
56635,Wellington / de l'Église
56632,Station de l'Église (Wellington / Galt)
56628,Wellington / Rielle
56626,Wellington / 1re Avenue
56620,Wellington / 4e Avenue
56618,Wellington / Desmarchais
56613,Wellington / Woodland
56616,Wellington / Beatty
56609,LaSalle / Richard
56704,LaSalle / Riverview
56565,LaSalle / Valiquette
56535,LaSalle / Bannantyne
56696,Hôpital Douglas (LaSalle / No 7875)
56532,LaSalle / No 7105
56524,LaSalle / Crawford
56515,Crawford / Churchill
56509,Crawford / Ouimet
56505,Ouimet / Clémenceau
56503,Ouimet / Fayolle
57024,Ouimet / Lacharité
57021,Lacharité / Édouard
57019,Édouard / Alepin
57018,Édouard / 2e Avenue
57016,Édouard / 5e Avenue
57014,Édouard / 8e Avenue
57044,Bishop-Power / No 220
57007,Centrale / Bishop-Power
56996,Centrale / 12e Avenue
56988,Centrale / Cyrenne
56984,Centrale / Blais
57026,Raymond / Mongeau
56961,Raymond / Lévis-Sauvé
57072,George / Albert-Couture
