56706,LaSalle / Argyle
56619,Wellington / Desmarchais
56621,Wellington / 4e Avenue
56627,Wellington / 1re Avenue
56629,Wellington / Rielle
56631,Station de l'Église (Wellington / Galt)
56636,Wellington / de l'Église
56638,Wellington / Hickson
56715,Wellington / Régina
56718,Wellington / No 3500
56719,Wellington / No 3265
60540,Wellington / Gilberte-Dubé
53900,Wellington / Charlevoix
52871,Parc-Marguerite-Bourgeoys
52887,Wellington / Fortune
52893,Wellington / Charon
52912,Wellington / de la Congrégation
53899,Wellington / de la Sucrerie
53898,Wellington / du Centre
52926,Wellington / Bridge
52913,Wellington / Young
52945,Wellington / Ann
52972,Wellington / Duke
52975,Wellington / Queen
52992,Wellington / des Soeurs-Grises
60426,McGill / Le Moyne
52826,Station Square-Victoria-OACI / McGill
52705,Station Square-Victoria-OACI / Viger
52666,Robert-Bourassa / De La Gauchetière
52588,Robert-Bourassa / René-Lévesque
52499,Robert-Bourassa / Sainte-Catherine
52412,Robert-Bourassa / du Président-Kennedy
