52451,Station McGill (Union / De Maisonneuve)
52527,Union / Sainte-Catherine
52626,René-Lévesque / du Beaver Hall
52669,du Beaver Hall / Belmont
52786,Station Square-Victoria-OACI / Saint-Antoine
52856,McGill / Notre-Dame
54070,McGill / Saint-Paul
52991,McGill / Wellington
52974,Wellington / Queen
54382,Wellington / Duke
52970,Wellington / de Nazareth
52944,Wellington / Ann
52919,Wellington / Peel
52898,Wellington / Murray
52925,Wellington / Bridge
52914,Wellington / De Condé
52894,Wellington / de la Sucrerie
52901,Wellington / Sainte-Madeleine
52892,Wellington / Charon
52886,Wellington / Fortune
52870,Wellington / de Liverpool
52817,Wellington / Charlevoix
56643,Wellington / Gilberte-Dubé
56639,Wellington / LaSalle
56637,Wellington / Hickson
56635,Wellington / de l'Église
56632,Station de l'Église (Wellington / Galt)
56628,Wellington / Rielle
56626,Wellington / 1re Avenue
56620,Wellington / 4e Avenue
56618,Wellington / Desmarchais
56706,LaSalle / Argyle
