60238,Station Atwater (Tupper / Atwater)
56302,Place Alexis-Nihon (Ste-Catherine/No 4026)
56296,Sainte-Catherine / Wood
56293,Sainte-Catherine / Greene
56292,Sainte-Catherine / Clarke
56288,Sainte-Catherine / Redfern
56283,Sainte-Catherine / Metcalfe
56280,Sainte-Catherine / Park
56276,Sainte-Catherine / Lansdowne
56270,Sainte-Catherine / Victoria
56261,Victoria / No 339
56251,Sherbrooke / Claremont
51495,Sherbrooke / de Vendôme
51461,Sherbrooke / Décarie
51396,Sherbrooke / Girouard
51334,Girouard / Côte-Saint-Antoine
51291,Girouard / Notre-Dame-de-Grâce
51235,Girouard / Duquette
51201,Girouard / de Monkland
51128,Girouard / de Terrebonne
51072,Clanranald / Côte-Saint-Luc
51024,Clanranald / Snowdon
50965,Clanranald / Queen-Mary
60662,Clanranald / Isabella
