60662,Clanranald / Isabella
54208,Clanranald / Dupuis
50832,Earnscliffe / Dupuis
50917,Earnscliffe / Isabella
50985,Earnscliffe / Queen-Mary
51038,Earnscliffe / Snowdon
51137,de Terrebonne / Earnscliffe
51129,Girouard / Guillaume-Couture
51203,Girouard / de Monkland
51236,Girouard / Duquette
51292,Girouard / Notre-Dame-de-Grâce
51333,Girouard / Côte-Saint-Antoine
51397,Girouard / Sherbrooke
51399,Sherbrooke / Girouard
51463,Sherbrooke / Décarie
51496,Sherbrooke / de Vendôme
56253,Sherbrooke / Claremont
56257,Sherbrooke / Victoria
56271,Victoria / Sainte-Catherine
56275,Sainte-Catherine / Béthune
56282,Sainte-Catherine / Irvine
56284,Sainte-Catherine / Metcalfe
56287,Sainte-Catherine / Hillside Lane
56291,Sainte-Catherine / Dorchester
56294,Sainte-Catherine / Greene
56295,Sainte-Catherine / Gladstone
56300,Sainte-Catherine / Atwater
