50149,Grenet / De Serres
50148,Ranger / Gouin
50156,De Mésy / Grenet
50162,Grenet / Legault
50173,Grenet / De Salaberry
50177,Grenet / No 11940
50184,Grenet / de Louisbourg
50192,Grenet / Ranger
55459,Grenet / Henri-Bourassa
55471,Grenet / Laval
55477,Grenet / Oxford
55491,Grenet / Cambridge
55505,Grenet / Poirier
55867,Grenet / Bombardier
55532,Grenet / Deguire
55542,Deguire / Crevier
55569,Crevier / Tassé
55590,Crevier / Rochon
55615,Rochon / Gohier
61654,Station Côte-Vertu
