52194,Station Guy-Concordia (Guy / De Maisonneuve)
52113,Guy / Sherbrooke
52044,Côte-des-Neiges / Summerhill
51984,Côte-des-Neiges / du Docteur-Penfield
53761,Hôpital général (des Pins/Côte-des-Neiges)
51840,Côte-des-Neiges / Cedar
51714,Le Boulevard / McDougall
51680,Le Boulevard / de Trafalgar
56269,The Boulevard / Mount-Pleasant
56264,The Boulevard / Clarke
56259,The Boulevard / Westmount
56247,The Boulevard / Edgehill
56240,The Boulevard / Renfrew
56233,The Boulevard / Belmont
56229,The Boulevard / Lansdowne
56226,The Boulevard / Grosvenor
56224,The Boulevard / Victoria
51307,Côte-Saint-Luc / Bonavista
51237,Côte-Saint-Luc / No 5105
51179,Côte-Saint-Luc / Décarie
51158,Côte-Saint-Luc / de l'Orphelinat
51138,Côte-Saint-Luc / Earnscliffe
51071,Côte-Saint-Luc / Clanranald
51010,Côte-Saint-Luc / Dufferin
56325,Côte-Saint-Luc / Wilson
56320,Côte-Saint-Luc / Ellerdale
50776,Côte-Saint-Luc / Heath
56316,Côte-Saint-Luc / Grand Boulevard
56414,Côte-Saint-Luc / West Hill
50677,Randall / Chester
50637,Chester / Cavendish
50618,Chester / Walkley
50569,Walkley / Côte-Saint-Luc
