50569,Walkley / Côte-Saint-Luc
50606,Côte-Saint-Luc / Cavendish
50627,Côte-Saint-Luc / Randall
56415,Côte-Saint-Luc / West Hill
56317,Côte-Saint-Luc / Grand Boulevard
50752,Côte-Saint-Luc / Hingston
56321,Côte-Saint-Luc / Ellerdale
50895,Côte-Saint-Luc / Draper
56326,Côte-Saint-Luc / Wilson
50999,Côte-Saint-Luc / Oxford
51090,Côte-Saint-Luc / Girouard
54077,Côte-Saint-Luc / de Terrebonne
51182,Côte-Saint-Luc / Décarie
53944,Côte-Saint-Luc / No 5105
51306,Côte-Saint-Luc / Bonavista
51347,The Boulevard / Victoria
56227,The Boulevard / Grosvenor
56230,The Boulevard / Lansdowne
56234,The Boulevard / Belmont
56241,The Boulevard / Renfrew
56248,The Boulevard / Sydenham
56260,The Boulevard / Westmount
56265,The Boulevard / Clarke
56268,The Boulevard / Mount-Pleasant
51681,Le Boulevard / de Trafalgar
51716,Le Boulevard / McDougall
51841,Côte-des-Neiges / Cedar
51923,du Docteur-Penfield / Côte-des-Neiges
51985,du Docteur-Penfield / Côte-des-Neiges
52045,Côte-des-Neiges / Summerhill
52096,Saint-Mathieu / Sherbrooke
52147,Station Guy-Concordia (St-Mathieu/De Maisonneuve)
52196,Saint-Mathieu / Sainte-Catherine
53762,Saint-Mathieu / Baile
52285,Saint-Mathieu / René-Lévesque
54163,René-Lévesque / Amesbury
52330,Guy / René-Lévesque
52194,Station Guy-Concordia (Guy / De Maisonneuve)
