53036,Station Joliette (Hochelaga / Joliette)
53011,Hochelaga / Davidson
52922,Davidson / Sherbrooke
52815,Davidson / Rachel
53825,Saint-Michel / William-Tremblay
52651,Saint-Michel / du Mont-Royal
52520,Saint-Michel / Saint-Joseph
52431,Saint-Michel / Laurier
52347,Saint-Michel / Masson
52239,Saint-Michel / Dandurand
52158,Saint-Michel / Holt
52107,Saint-Michel / Rosemont
52046,Saint-Michel / de Bellechasse
51943,Saint-Michel / Beaubien
51838,Saint-Michel / Saint-Zotique
51743,Saint-Michel / Bélanger
60617,Saint-Michel / Bélair
51630,Saint-Michel / Jean-Talon
51606,Station Saint-Michel Est
51517,Saint-Michel / Villeray
51469,Saint-Michel / Crémazie
51392,Saint-Michel / Jarry
51359,Saint-Michel / D'Hérelle est
53968,Saint-Michel / D'Hérelle ouest
51276,Saint-Michel / Deville
54180,Saint-Michel / Robert
51142,Saint-Michel / Denis-Papin
51080,Saint-Michel / Émile-Journault
51000,Saint-Michel / Legendre
50931,Saint-Michel / de Louvain
50879,Saint-Michel / Champdoré
50814,Saint-Michel / Charland
50732,Saint-Michel / Sauvé
55078,Saint-Michel / Mont-Joli
55057,Saint-Michel / Fleury
55046,Saint-Michel / Prieur
55333,Saint-Michel / Henri-Bourassa
55334,Saint-Michel / Henri-Bourassa
