55334,Saint-Michel / Henri-Bourassa
60505,Saint-Michel / Henri-Bourassa
55335,Saint-Michel / Henri-Bourassa
55047,Saint-Michel / Prieur
55059,Saint-Michel / Fleury
55079,Saint-Michel / Mont-Joli
50733,Saint-Michel / Sauvé
50815,Saint-Michel / Charland
50880,Saint-Michel / Champdoré
50932,Saint-Michel / de Louvain
51001,Saint-Michel / Legendre
51079,Saint-Michel / Émile-Journault
51143,Saint-Michel / Denis-Papin
51224,Saint-Michel / Robert
51277,Saint-Michel / Deville
51360,Saint-Michel / D'Hérelle
51394,Saint-Michel / Jarry
51471,Saint-Michel / Crémazie nord
51473,Saint-Michel / Crémazie
51519,Saint-Michel / Villeray
51557,Saint-Michel / L.-O.-David
51605,Station Saint-Michel Ouest
51632,Saint-Michel / Jean-Talon
54364,Saint-Michel / Bélair
51745,Saint-Michel / Bélanger
51839,Saint-Michel / Saint-Zotique
51945,Saint-Michel / Beaubien
52047,Saint-Michel / de Bellechasse
52109,Saint-Michel / Rosemont
52159,Saint-Michel / Holt
52240,Saint-Michel / Dandurand
52349,Saint-Michel / Masson
52432,Saint-Michel / Laurier
52522,Saint-Michel / Saint-Joseph
52628,Saint-Michel / du Mont-Royal
53826,Saint-Michel / William-Tremblay
61046,Rachel / Cuvillier
52865,Rachel / De Chambly
52952,Valois / Sherbrooke
53053,Nicolet / Hochelaga
53036,Station Joliette (Hochelaga / Joliette)
