58329,Plage du Cap-Saint-Jacques
58256,Parc-nature du Cap-Saint-Jacques
58323,Gouin / du Cap-Saint-Jacques
58320,Gouin / Pilon
58292,Gouin / No 19688
58258,Gouin / De La Morandière
60582,Gouin / du Palomino
58255,Gouin / No 18923
58253,Gouin / No 18465
58298,Château-Pierrefonds / Oka
58259,Château-Pierrefonds / du Manoir
58233,Château-Pierrefonds / de Pierrefonds
58239,de Pierrefonds / Prével
58241,de Pierrefonds / des Cageux
58083,de Pierrefonds / Nanterre
58261,de Pierrefonds / Louis-Fréchette
58095,de Pierrefonds / Saint-Charles
58096,de Pierrefonds / Saint-Charles
58263,de Pierrefonds / Forbes
58075,de Pierrefonds / Richelieu
58264,de Pierrefonds / Sainte-Anne
58308,de Pierrefonds / No 15760
58119,de Pierrefonds / Paiement
58266,de Pierrefonds / Jacques-Bizard
58269,de Pierrefonds / Saint-Pierre
58236,de Pierrefonds / Esther-Blondin
58245,de Pierrefonds / Harry-Worth
58290,de Pierrefonds / Harry-Worth
58136,de Pierrefonds / Saint-Jean
58143,de Pierrefonds / René-Émard
58270,de Pierrefonds / Richmond
58272,de Pierrefonds / Aragon
58274,de Pierrefonds / Belleville
58174,de Pierrefonds / Fredmir
58247,de Pierrefonds / Perron
58275,de Pierrefonds / Westpark
58276,de Pierrefonds / Saint-Barnabas
58301,de Pierrefonds / No 11950
58303,de Pierrefonds / No 11700
58200,de Pierrefonds / des Sources
58202,de Pierrefonds / Gouin
58013,Gouin / 6e Avenue
58208,Gouin / Gare Roxboro
58004,Gouin / 4e Avenue
58018,Gouin / 2e Avenue
58014,Gouin / The Boulevard
58251,Gouin / No 10376
58015,Gouin / 2e Rue
58016,Gouin / 1re Rue
58278,Gouin / Dollard
58279,Gouin / Deslauriers
58235,Gouin / Sunnybrooke
58280,Gouin / Robitaille
58214,Gouin / Alexander
60287,Gouin / Sainte-Suzanne
58281,Gouin / Hortie
58218,Gouin / d'Orléans
58282,Gouin / Wilfrid
58283,Gouin / Autoroute 13
54064,Gouin / Camille
53766,Gouin / Wood
53691,Gouin / LeMesurier
53771,Gouin / Résidence Saraguay
53767,Gouin / Joseph-Saucier
53768,Gouin / Antoine-Berthelet
53769,Gouin / Albert-Prévost
50129,Gouin / Toupin
50133,Gouin / de Beauséjour
50135,Gouin / Olivier
50137,Gouin / Henri-D'Arles
50139,Gouin / du Golf
50141,Gouin / de Somerset
50145,Gouin / Laurentien
50146,Gouin / Lachapelle
50148,Ranger / Gouin
50156,De Mésy / Grenet
50151,Grenet / Gouin
