50151,Grenet / Gouin
50144,Gouin / Laurentien
50142,Gouin / Cousineau
50140,Gouin / de Somerset
50138,Gouin / du Golf
50136,Gouin / Henri-D'Arles
50134,Gouin / Olivier
50132,Gouin / de Beauséjour
50128,Gouin / Toupin
50127,Gouin / Albert-Prévost
50126,Gouin / Antoine-Berthelet
50125,Gouin / Wilfrid-Lazure
53770,Gouin / Résidence Saraguay
53690,Gouin / LeMesurier
54020,Gouin / Wood
50124,Gouin / du Ruisseau
58287,Gouin / No 9409
58219,Gouin / Wilfrid
58217,Gouin / d'Orléans
58216,Gouin / Hortie
60294,Gouin / Sainte-Suzanne
58213,Gouin / Alexander
58212,Gouin / Robitaille
58211,Gouin / Sunnybrooke
58210,Gouin / Deslauriers
58209,Gouin / Dollard
58017,Gouin / 1re Rue
58012,Gouin / 2e Rue
58252,Gouin / No 10376
58324,Gouin / Le Boulevard
58019,Gouin / 3e Avenue
58003,Gouin / 4e Avenue
58207,Gouin / Meighen
58020,Gouin / 8e Avenue
58203,Gouin / de Pierrefonds
58196,des Sources / Gouin
58304,de Pierrefonds / No 11700
58302,de Pierrefonds / No 11950
58197,de Pierrefonds / Saint-Barnabas
58188,de Pierrefonds / Westpark
58246,de Pierrefonds / Perron
58173,de Pierrefonds / Fredmir
58162,de Pierrefonds / Belleville
58273,de Pierrefonds / Fox
58271,de Pierrefonds / Richmond
58141,de Pierrefonds / René-Émard
58137,de Pierrefonds / Saint-Jean
58291,de Pierrefonds / Harry-Worth
58244,de Pierrefonds / Harry-Worth
58237,de Pierrefonds / Esther-Blondin
58268,de Pierrefonds / Saint-Pierre
58124,de Pierrefonds / Jacques-Bizard
58118,de Pierrefonds / Paiement
58299,de Pierrefonds / No 15729
58103,de Pierrefonds / Sainte-Anne
58069,de Pierrefonds / Richelieu
58262,de Pierrefonds / Forbes
58093,de Pierrefonds / Saint-Charles
58090,de Pierrefonds / Louis-Fréchette
58089,de Pierrefonds / Nanterre
58240,de Pierrefonds / des Cageux
58238,de Pierrefonds / de Riva-Bella
58232,de Pierrefonds / Château-Pierrefonds
58260,Château-Pierrefonds / Joseph-Wilson
58297,Château-Pierrefonds / Oka
58596,Gouin / No 18465
58254,Gouin / No 18923
60583,Gouin / du Palomino
58257,Gouin / De La Morandière
58305,Gouin / No 19688
58306,Gouin / Pilon
58085,Gouin / du Cap-Saint-Jacques
58256,Parc-nature du Cap-Saint-Jacques
58317,Gouin / No 20392
58318,Gouin / No 20752
58329,Plage du Cap-Saint-Jacques
