50150,De Serres / Grenet
54319,Gouin / Grenet
50158,Gouin / de la Miséricorde
50160,Hôpital du Sacré-Coeur (Gouin/No 5400)
50165,Gouin / Saint-Évariste
50169,Gouin / O'Brien
50176,Gouin / Dépatie
50181,Gouin / Filion
50188,Gouin / Bohlé
50200,Gouin / De Poutrincourt
50206,Gouin / Taylor
50210,de l'Acadie / Gouin
50220,de l'Acadie / Viel
60797,de l'Acadie / De Salaberry
50234,De Salaberry / du Bois-de-Boulogne
50239,De Salaberry / Poincaré
53801,Prison de Bordeaux
53803,Hôpital Notre-Dame-de-la-Merci (Gouin/Norwood)
50254,Gouin / Tanguay
50258,Gouin / Jeanne-Mance
50267,Gouin / Meunier
50272,Gouin / Waverly
50275,Gouin / Clark
50282,Saint-Laurent / Gouin
50291,Saint-Laurent / Lighthall
50297,Henri-Bourassa / Saint-Laurent
50300,Henri-Bourassa / Laverdure
50303,Station Henri-Bourassa Ouest / Berri
50307,Station Henri-Bourassa Sud / Millen
50317,Henri-Bourassa / Saint-Hubert
50321,Henri-Bourassa / Georges-Baril
50335,Henri-Bourassa / Chambord
50351,Henri-Bourassa / Christophe-Colomb
50364,Henri-Bourassa / Hamel
50367,Henri-Bourassa / Francis
50388,Henri-Bourassa / du Fort-Lorette
50400,Henri-Bourassa / Papineau
50409,Henri-Bourassa / Séguin
50415,Henri-Bourassa / De Saint-Firmin
50430,Henri-Bourassa / Parthenais
50445,Henri-Bourassa / de Lille
50465,Henri-Bourassa / D'Iberville
50484,Henri-Bourassa / Sackville
50495,Henri-Bourassa / J.-J.-Gagnier
50514,Henri-Bourassa / Poitras
50515,Henri-Bourassa / Saint-Michel
55035,Henri-Bourassa / Leblanc
55040,Henri-Bourassa / du Parc-Georges
55045,Henri-Bourassa / Saint-Vital
55049,Henri-Bourassa / Plaza
55053,Henri-Bourassa / des Récollets
61542,Henri-Bourassa / Pie IX
55067,Henri-Bourassa / Hôtel-de-Ville
55073,Henri-Bourassa / Pelletier
55094,Henri-Bourassa / Balzac
55109,Henri-Bourassa / Bellevois
55147,Henri-Bourassa / Sainte-Gertrude
55175,Henri-Bourassa / Racette
55191,Henri-Bourassa / Alfred
55200,Henri-Bourassa / Salk
55214,Henri-Bourassa / Sainte-Colette
55245,CLSC de Montréal-Nord (Lacordaire / Renoir)
55221,Lacordaire / Crevier
55209,Lacordaire / Maurice-Duplessis
55227,Maurice-Duplessis / Désy
55244,Maurice-Duplessis / P.-M.-Favier
55263,Maurice-Duplessis / Rolland
55281,Maurice-Duplessis / Matte
55288,Maurice-Duplessis / Langelier
55291,Maurice-Duplessis / Albert-Hudon
54236,Hôpital Rivière-des-Prairies
54223,Cégep Marie-Victorin (Marie-Victorin/No 7000)
