54223,Cégep Marie-Victorin (Marie-Victorin/No 7000)
55318,Marie-Victorin / Albert-Hudon
55297,Marie-Victorin / Langelier
55289,Langelier / Bonneville
55282,Maurice-Duplessis / Monty
55276,Maurice-Duplessis / Lapierre
55261,Maurice-Duplessis / Rolland
55232,Maurice-Duplessis / Laurier
55211,Lacordaire / des Tulipes
55230,Lacordaire / des Iris
55256,Lacordaire / Henri-Bourassa
55222,Henri-Bourassa / Jean-Meunier
55199,Henri-Bourassa / Salk
55190,Henri-Bourassa / Alfred
55174,Henri-Bourassa / Racette
55145,Henri-Bourassa / Sainte-Gertrude
55115,Henri-Bourassa / L'Archevêque
55095,Henri-Bourassa / Drapeau
55325,Henri-Bourassa / Léger
55072,Henri-Bourassa / Pelletier
55064,Henri-Bourassa / Pie IX
55052,Henri-Bourassa / London
55048,Henri-Bourassa / Plaza
55043,Henri-Bourassa / Saint-Vital
55039,Henri-Bourassa / de Mère-Anselme
55038,Henri-Bourassa / de Belleville
55034,Henri-Bourassa / Audoin
50513,Henri-Bourassa / Saint-Michel
50494,Henri-Bourassa / J.-J.-Gagnier
50483,Henri-Bourassa / Sackville
50464,Henri-Bourassa / D'Iberville
50444,Henri-Bourassa / de Lille
50429,Henri-Bourassa / Parthenais
50413,Henri-Bourassa / De Saint-Firmin
50408,Henri-Bourassa / Séguin
53805,Henri-Bourassa / Lambert
50387,Henri-Bourassa / du Fort-Lorette
50366,Henri-Bourassa / Francis
50363,Henri-Bourassa / Hamel
50350,Henri-Bourassa / Christophe-Colomb
50333,Henri-Bourassa / De La Roche
50316,Henri-Bourassa / Saint-Hubert
50306,Station Henri-Bourassa Nord / Lajeunesse
50301,Station Henri-Bourassa / Saint-Denis
50299,Henri-Bourassa / Laverdure
50295,Henri-Bourassa / Saint-Laurent
50281,Saint-Laurent / Gouin
50274,Gouin / Clark
50271,Gouin / Waverly
50266,Gouin / Meunier
50257,Gouin / Jeanne-Mance
50253,Gouin / Tanguay
53804,Hôpital Notre-Dame-de-la-Merci
53802,Prison de Bordeaux
50238,De Salaberry / Poincaré
50235,De Salaberry / Desenclaves
50230,De Salaberry / de l'Acadie
50219,de l'Acadie / Viel
50209,de l'Acadie / Gouin
50205,Gouin / René-Guénette
50199,Gouin / De Poutrincourt
50187,Gouin / Bohlé
50180,Gouin / Filion
50175,Gouin / Dépatie
50170,Gouin / Saint-Germain
50166,Gouin / Saint-Évariste
53800,Hôpital du Sacré-Coeur (Gouin / Fréchette)
50157,Gouin / de la Miséricorde
50150,De Serres / Grenet
