60593,Raymond-Lasnier / Beaulac
60564,Raymond-Lasnier / Cavendish
60562,Poirier / Cavendish
60577,Poirier / des Harfangs
59633,Poirier / Harriet-Quimby
59636,des Nations / Alexis-Nihon
59637,Alexis-Nihon / des Appalaches
59638,Alexis-Nihon / Charles-Darwin
55970,Alexis-Nihon / des Harfangs
55972,Alexis-Nihon / Robert-Peary
55974,Alexis-Nihon / de l'Everest
59639,Alexis-Nihon / Thimens
61110,Lucien-Thimens / Alexis-Nihon
60459,Lucien-Thimens / Marcel-Laurin
55595,Marcel-Laurin / Côte-Vertu
60292,Station Côte-Vertu
