60292,Station Côte-Vertu
55594,Côte-Vertu / Leduc
60460,Lucien-Thimens / Marcel-Laurin
61111,Lucien-Thimens / Alexis-Nihon
59640,Alexis-Nihon / du Périgord
55973,Alexis-Nihon / de l'Everest
55971,Alexis-Nihon / Robert-Peary
55969,Alexis-Nihon / des Harfangs
55967,Alexis-Nihon / Charles-Darwin
59629,Square Nelligan
59630,des Nations / Alexis-Nihon
59632,des Nations / Harriet-Quimby
60560,Poirier / des Harfangs
60561,Poirier / Cavendish
60563,Raymond-Lasnier / Cavendish
60594,Raymond-Lasnier / Beaulac
60569,Poirier / Émile-Bélanger
60567,Émile-Bélanger / Raymond-Lasnier
60593,Raymond-Lasnier / Beaulac
