61207,Station LaSalle (Caisse / No 322)
56717,LaSalle / Strathmore
56718,Wellington / No 3500
56719,Wellington / No 3265
60540,Wellington / Gilberte-Dubé
53900,Wellington / Charlevoix
52871,Parc-Marguerite-Bourgeoys
52887,Wellington / Fortune
52893,Wellington / Charon
54233,Charon / Favard
54229,Charon / Le Ber
53049,Ash / Dick-Irvin
54232,Charon / Dick-Irvin
54228,Charon / Le Ber
53029,Le Ber / de la Congrégation
54231,de la Congrégation / Favard
52911,de la Congrégation / de Sébastopol
53899,Wellington / de la Sucrerie
52829,du Centre / de la Sucrerie
52796,du Centre / Shearer
52716,du Centre / Island
52623,du Centre / Ropery
54018,Station Charlevoix
52473,Charlevoix / Augustin-Cantin
61209,Charlevoix / Sainte-Cunégonde
61210,Charlevoix / Fauteux
52244,Notre-Dame / Atwater
52169,Notre-Dame / Rose-de-Lima
61339,Station Lionel-Groulx / Greene
