61337,Station Lionel-Groulx / Greene
52246,Notre-Dame / Atwater
52321,Notre-Dame / Charlevoix
61204,Charlevoix / Rufus-Rockhead
52547,Station Charlevoix (Centre / Charlevoix)
52624,du Centre / Ropery
52717,du Centre / Island
52798,du Centre / Shearer
53676,du Centre / de la Sucrerie
52894,Wellington / de la Sucrerie
52902,Sainte-Madeleine / Wellington
52978,Sainte-Madeleine / Favard
53030,Sainte-Madeleine / Le Ber
54234,Charon / Frank-Selke
54235,Dick-Irvin / Frank-Selke
54230,Dick-Irwin / Ash
53048,Ash / Le Ber
52979,Ash / Favard
52890,Ash / Wellington
52886,Wellington / Fortune
52870,Wellington / de Liverpool
52817,Wellington / Charlevoix
56643,Wellington / Gilberte-Dubé
61651,Caisse / de Rushbrooke
