61665,Station Mont-Royal (Berri / du Mont-Royal)
52017,Saint-Joseph / Christophe-Colomb
52001,Saint-Joseph / de Mentana
51919,Saint-Joseph / Saint-Denis
51855,Saint-Joseph / De Bullion
51828,Saint-Joseph / Saint-Laurent
61667,Saint-Joseph / du Parc
56214,Côte-Sainte-Catherine / McNider
56217,Côte-Sainte-Catherine / du Mont-Royal
53748,Observatoire Camillien-Houde
53745,Remembrance / Chemin du Chalet
53838,Remembrance / Cavalerie du SPVM
54133,Lac aux Castors Ouest
51486,Côte-des-Neiges / Forest Hill
51426,Côte-des-Neiges / Ridgewood
51290,Decelles / Troie
51252,Queen-Mary / Côte-des-Neiges
51254,Queen-Mary / Côte-des-Neiges
53678,Oratoire Saint-Joseph (Queen-Mary/No 3800)
51176,Institut de gériatrie (Queen-Mary/Cedar Crescent)
51145,Queen-Mary / Roslyn
51117,Queen-Mary / Victoria
51081,Queen-Mary / Ponsard
51050,Station Snowdon (Queen-Mary / Westbury)
