61666,Station Snowdon (Queen-Mary / Circle)
51086,Queen-Mary / Lemieux
51119,Queen-Mary / Victoria
51146,Queen-Mary / Roslyn
51175,Institut de gériatrie (Queen-Mary/Cedar Crescent)
53677,Oratoire Saint-Joseph (Queen-Mary/du Frère-André)
51267,Queen-Mary / Gatineau
51279,Place du 6-décembre-1989 (Queen-Mary / Decelles)
51391,Côte-des-Neiges / No 4858
51427,Côte-des-Neiges / Ridgewood
51487,Côte-des-Neiges / Forest Hill
51544,Remembrance / Royal Canadian Hussars
53992,Lac aux Castors Ouest
54351,Remembrance / Cavalerie du SPVM
53744,Remembrance / Chemin du Chalet
53747,Observatoire Camillien-Houde
61663,Côte-Sainte-Catherine / du Mont-Royal
56215,Côte-Sainte-Catherine / McNider
56212,Côte-Sainte-Catherine / Saint-Joseph
61664,Saint-Joseph / du Parc
51829,Saint-Joseph / Saint-Laurent
51856,Saint-Joseph / De Bullion
51921,Saint-Joseph / Saint-Denis
51948,Station Laurier (Saint-Joseph / Berri)
52002,Saint-Joseph / de Mentana
52019,Saint-Joseph / Christophe-Colomb
61665,Station Mont-Royal (Berri / du Mont-Royal)
