52846,Station Berri-UQAM (Berri / Place Émilie-Gamelin)
61151,Saint-Denis / René-Lévesque
52995,Saint-Denis / Saint-Antoine
53698,Notre-Dame / de Bonsecours
60726,Saint-Laurent / de la Commune
60728,Musée Pointe-à-Callière (de la Commune/D'Youville)
60729,de la Commune / McGill
52974,Wellington / Queen
54382,Wellington / Duke
52970,Wellington / de Nazareth
52944,Wellington / Ann
52921,Peel / Wellington
53872,Peel / Ottawa
52743,École de technologie supérieure (Peel/Notre-Dame)
52617,Peel / Saint-Antoine
52550,Station Bonaventure (Peel / De La Gauchetière)
52482,Place du Canada (René-Lévesque / Peel)
60713,Centre infotouriste de Montréal
