60713,Centre infotouriste de Montréal
54004,Square Dorchester (Metcalfe / René-Lévesque)
60714,de la Cathédrale / De La Gauchetière
52619,Peel / Saint-Antoine
52744,École de technologie supérieure (Peel/Notre-Dame)
53871,Peel / Ottawa
52945,Wellington / Ann
52972,Wellington / Duke
52975,Wellington / Queen
52992,Wellington / des Soeurs-Grises
60716,de la Commune / McGill
60717,Musée Pointe-à-Callière
60718,de la Commune / Saint-Jean-Baptiste
60719,Place Jacques-Cartier
60720,de la Commune / de Bonsecours
60868,de la Commune / Bonneau
60801,Berri / Cirque Éloize
52976,Berri / Viger
52904,Berri / René-Lévesque
52846,Station Berri-UQAM (Berri / Place Émilie-Gamelin)
