57809,Terminus Fairview
57657,Hymus / Carlisle
57664,Hymus / Hastings
57674,Hymus / Hilary
57686,Hymus / Winthrop
57693,Hymus / Nordic
57703,Hymus / Delmar
60820,Hymus / Leacock
60821,Hymus / Columbus
60822,Hymus / No 50
60823,Hymus / des Sources
60825,Avro / No 2525
60826,Avro / Saint-Rémi
60827,Avro / Saint-François
60828,Saint-François / André
60831,Frederick-Banting / Marie-Curie
60272,Frederick-Banting / No 7290
60273,Frederick-Banting / No 7150
60832,Frederick-Banting / Alfred-Nobel
60274,Alfred-Nobel / Albert-Einstein
60833,Alexander-Fleming / No 2280
60834,Marie-Curie / Albert-Einstein
60866,Marie-Curie / Frederick-Banting
60835,Marie-Curie / No 2650
60837,Marie-Curie / Alfred-Nobel
60867,Marie-Curie / Alfred-Nobel
55976,Marie-Curie / No 2800
60276,Vanden-Abeele / Halpern
60277,Vanden-Abeele / No 6198
55863,Saint-François / Donahue
55898,Côte-Vertu / No 2308
55717,Station du Collège Sud (Décarie / Cartier)
55703,Station du Collège Nord (Décarie / du Collège)
60807,Station Côte-Vertu (Gohier / Côte-Vertu)
