60807,Station Côte-Vertu (Gohier / Côte-Vertu)
55706,Station du Collège Nord (Décarie / du Collège)
55723,Station du Collège Sud (Décarie / Saint-Louis)
55862,Saint-François / Donahue
60268,Vanden-Abeele / No 6198
60269,Vanden-Abeele / Halpern
60270,Marie-Curie / No 2800
60271,Marie-Curie / Alfred-Nobel
55979,Marie-Curie / Frederick-Banting
61116,Marie-Curie / Frederick-Banting
60865,Marie-Curie / Frederick-Banting
55987,Marie-Curie / No 2450
55984,Alexander-Fleming / Alfred-Nobel
55982,Alfred-Nobel / Albert-Einstein
55980,Alfred-Nobel / Frederick-Banting
60840,Frederick-Banting / No 7171
60841,Frederick-Banting / Marie-Curie
60809,Saint-François / de l'Aviation
60810,Saint-François / Avro
60811,Avro / Saint-Rémi
60812,Avro / No 2525
60813,Hymus / No 39
60817,Hymus / No 59
60816,Hymus / Columbus
60818,Hymus / Leacock
60819,Hymus / Delmar
57692,Hymus / Nordic
57687,Hymus / Gun
57673,Hymus / Hilary
57663,Hymus / Hastings
57656,Hymus / Carlisle
57809,Terminus Fairview
