61611,Station Berri-UQAM (Berri / No 1621)
52662,Berri / Ontario
52844,Station Berri-UQAM (Berri / Sainte-Catherine)
52834,René-Lévesque / de l'Hôtel-de-Ville
52783,René-Lévesque / Clark
52697,René-Lévesque / Jeanne-Mance
52625,Place du Frère-André
52529,René-Lévesque / Mansfield
52483,Square Dorchester (René-Lévesque / Peel)
52416,René-Lévesque / de la Montagne
52373,René-Lévesque / Bishop
61334,Station Lionel-Groulx / Atwater
61261,Aéroport Pierre-Elliott-Trudeau
