54108,Station Angrignon / Terminus
56727,des Trinitaires / Newman
57078,Allard / Newman
51563,Allard / Irwin
51640,Allard / De Montmagny
51731,Allard / Dumas
53857,Station Monk (Allard / Monk)
51876,Allard / Hadley
51927,Allard / Laurendeau
51928,Laurendeau / Egan
51933,Laurendeau / Springland
51959,Laurendeau / Desmarchais
54158,Laurendeau / Jolicoeur
51969,Laurendeau / Jacques-Hertel
51977,Laurendeau / Le Caron
51995,Laurendeau / de l'Église
61585,Saint-Rémi / Cabot
53861,Saint-Rémi / Sainte-Émilie
51871,Saint-Rémi / Notre-Dame
51833,Saint-Rémi / Acorn
51700,Saint-Rémi / Saint-Jacques
51826,Saint-Jacques / Delinelle
51870,Saint-Jacques / Lenoir
51925,Saint-Jacques / Sainte-Marguerite
51987,Station Place-Saint-Henri / Saint-Ferdinand
52033,Saint-Jacques / du Couvent
52052,Saint-Jacques / Laporte
52094,Saint-Jacques / Rose-de-Lima
61328,Station Lionel-Groulx / Saint-Jacques
