61328,Station Lionel-Groulx / Saint-Jacques
56305,Saint-Antoine / Greene
52093,Saint-Antoine / Rose-de-Lima
51997,Saint-Antoine / Laporte
51964,Saint-Antoine / du Couvent
51917,Saint-Antoine / Saint-Ferdinand
51885,Saint-Antoine / Sainte-Marguerite
51851,Saint-Antoine / Lenoir
51789,Saint-Antoine / De Courcelle
54044,Saint-Rémi / Pullman
51834,Saint-Rémi / Acorn
51873,Saint-Rémi / Notre-Dame
51942,Saint-Rémi / Saint-Ambroise
61584,Saint-Rémi / Cabot
51996,Laurendeau / de l'Église
51978,Laurendeau / Le Caron
51970,Laurendeau / Jacques-Hertel
51962,Laurendeau / De Maricourt
51960,Laurendeau / Desmarchais
51934,Laurendeau / Springland
54075,Laurendeau / D'Arcy-McGee
53860,Hadley / Allard
53856,Station Monk (Allard / Monk)
51730,Allard / Dumas
51639,Allard / De Montmagny
51562,Allard / Irwin
56968,Allard / Newman
60633,Angrignon / face aux tours Angrignon
54112,Station Angrignon / Terminus
