61042,Station Place-des-Arts Nord / Jeanne-Mance
52442,Sherbrooke / De Bleury
50111,du Parc / Milton
50112,du Parc / Prince-Arthur
50115,du Parc / Léo-Pariseau
60663,du Parc / des Pins
53702,Monument sir George-Étienne Cartier
51880,du Parc / du Mont-Royal
51798,du Parc / Villeneuve
51750,du Parc / Saint-Joseph
51709,du Parc / Laurier
51671,du Parc / Fairmount
51576,du Parc / Saint-Viateur
51501,du Parc / Bernard
51406,du Parc / Van Horne
51349,du Parc / Beaubien
51285,du Parc / No 6659
51258,du Parc / Beaumont
51093,Station Parc (Hutchison / Ogilvy)
51069,Ogilvy / Querbes
51056,Ogilvy / Champagneur
50964,Champagneur / Saint-Roch
50896,Champagneur / Ball
50829,Champagneur / Jarry
50739,Champagneur / d'Anvers
50676,Champagneur / de Liège
50588,Champagneur / Crémazie
54225,Aréna Howie-Morenz
59089,Querbes / Durocher
