59089,Querbes / Durocher
50682,de Liège / De l'Épée
50748,Bloomfield / d'Anvers
50837,Bloomfield / Jarry
50907,Bloomfield / Ball
50970,Bloomfield / Saint-Roch
51062,Bloomfield / Ogilvy
51070,Ogilvy / Querbes
51094,Station Parc (Ogilvy / Hutchison)
51257,du Parc / Beaumont
50552,du Parc / No 6590
51348,du Parc / Beaubien
51408,du Parc / Van Horne
51503,du Parc / Bernard
51578,du Parc / Saint-Viateur
51673,du Parc / Fairmount
51711,du Parc / Laurier
51751,du Parc / Saint-Joseph
51799,du Parc / Villeneuve
51882,du Parc / du Mont-Royal
53703,Monument sir George-Étienne Cartier
60664,du Parc / des Pins
52250,du Parc / Léo-Pariseau
52298,du Parc / Prince-Arthur
52365,du Parc / Milton
52443,du Parc / Sherbrooke
52534,Station Place-des-Arts Ouest / De Bleury
52608,De Bleury / Sainte-Catherine
60683,René-Lévesque / Jeanne-Mance
61108,du Président-Kennedy / Saint-Urbain
61042,Station Place-des-Arts Nord / Jeanne-Mance
