53014,Station Frontenac (Frontenac / Ontario)
52934,Frontenac / de Rouen
52877,Parc Médéric-Martin (Hochelaga / Gascon)
52889,Hochelaga / Hogan
53750,Hochelaga / Florian
52967,Station Préfontaine Sud (Hochelaga / Moreau)
53000,Hochelaga / Saint-Germain
53012,Hochelaga / Davidson
53037,Station Joliette (Hochelaga / Joliette)
53054,Hochelaga / Nicolet
53072,Hochelaga / d'Orléans
53088,Hochelaga / Pie-IX
53107,Hochelaga / Letourneux
53129,Hochelaga / Aird
53148,Hochelaga / Leclaire
53161,Hochelaga / Saint-Clément
53168,Hochelaga / Viau
53195,Hochelaga / Vimont
53204,Hochelaga / de l'Assomption
53232,Hochelaga / Monsabré
53240,Hochelaga / Louis-Veuillot
53257,Hochelaga / De Cadillac
53273,Polyvalente Édouard-Montpetit
53300,Hochelaga / Langelier
53305,Hochelaga / Desautels
53320,Hochelaga / Haig
53329,Hochelaga / Beauclerk
53979,Hôpital Louis-H.-La Fontaine (Hochelaga/No 7401)
53356,Hochelaga / Curatteau
53361,Honoré-Beaugrand / Hochelaga
53346,Honoré-Beaugrand / Pierre-de-Coubertin
53335,Honoré-Beaugrand / Sainte-Claire
53306,Honoré-Beaugrand / de Marseille
53293,Honoré-Beaugrand / Roux
54257,Station Honoré-Beaugrand / Sherbrooke
53290,Saint-Donat / Sherbrooke
53265,Saint-Donat / De Forbin-Janson
54676,Saint-Donat / De Grosbois
54674,Saint-Donat / Roi-René
54672,Saint-Donat / des Réaux
54668,Saint-Donat / Chénier
54661,Joseph-Renaud / Yves-Prévost
54646,Joseph-Renaud / Châtillon
54629,Joseph-Renaud / Wilfrid-Pelletier
54605,Joseph-Renaud / Châteauneuf
54609,Châteauneuf / Talcy
54610,Châteauneuf / Rabelais
54612,Châteauneuf / de la Loire
54621,Châteauneuf / de Fougeray
54623,Châteauneuf / Des Ormeaux
54639,Châteauneuf / Rondeau
54724,Rondeau / Georges
54735,Rondeau / De La Vérendrye
54738,Rhéaume / Chaumont
54740,Chaumont / Guy
59343,Chaumont / Des Ormeaux
54742,Yves-Prévost / Azilda
54659,Des Ormeaux / Chaumont
