54659,Des Ormeaux / Chaumont
54737,de La Vérendrye / Rondeau
54723,Rondeau / Yvette-Naubert
54720,Rondeau / Châteauneuf
54622,Châteauneuf / Des Ormeaux
54613,Châteauneuf / Roi-René
54614,Châteauneuf / de Fougeray
54611,Châteauneuf / de la Loire
54608,Châteauneuf / de Vaujours
54607,Joseph-Renaud / Châteauneuf
54630,Joseph-Renaud / Wilfrid-Pelletier
54647,Joseph-Renaud / Châtillon
54652,Joseph-Renaud / des Vendéens
54662,Joseph-Renaud / Yves-Prévost
54669,Chénier / Saint-Donat
54673,Saint-Donat / des Réaux
54675,Saint-Donat / Roi-René
54677,Saint-Donat / De Grosbois
53266,Saint-Donat / De Forbin-Janson
53288,Saint-Donat / Sherbrooke
54237,Station Honoré-Beaugrand / Terminus Sud
53307,Honoré-Beaugrand / de Marseille
53336,Honoré-Beaugrand / Sainte-Claire
53347,Honoré-Beaugrand / Pierre-de-Coubertin
53360,Honoré-Beaugrand / Hochelaga
53355,Hochelaga / Curatteau
53980,Hôpital Louis-H.-La Fontaine (Hochelaga/No 7401)
54326,Hochelaga / Centre Fernand-Séguin
53328,Hochelaga / Beauclerk
53318,Hochelaga / Haig
53304,Hochelaga / Desautels
53297,Hochelaga / de Granby
54002,Hochelaga / Garnison Montréal
53981,Polyvalente Édouard-Montpetit
53255,Hochelaga / De Cadillac
53239,Hochelaga / Louis-Veuillot
53228,Hochelaga / Dickson
53202,Hochelaga / de l'Assomption
53982,Hochelaga / Vimont
53167,Hochelaga / Viau
53162,Hochelaga / Saint-Clément
53147,Hochelaga / Leclaire
53128,Hochelaga / Aird
53106,Hochelaga / Letourneux
53086,Hochelaga / Pie-IX
53071,Hochelaga / d'Orléans
53052,Hochelaga / Nicolet
53038,Station Joliette (Hochelaga / Aylwin)
53011,Hochelaga / Davidson
52999,Hochelaga / Saint-Germain
52966,Station Préfontaine Nord (Hochelaga / Moreau)
52917,Hochelaga / Wurtele
52888,Hochelaga / Hogan
52864,du Havre / Hochelaga
52946,du Havre / de Rouen
54040,Station Frontenac (du Havre / Ontario)
53075,du Havre / La Fontaine
