58801,Maurice-Duplessis / de la Rivière-des-Prairies
52656,Rivière-des-Prairies / Maurice-Duplessis
52759,Rivière-des-Prairies / 7e Rue
52853,Rivière-des-Prairies / La Martinière
52908,Rivière-des-Prairies / Henri-Bourassa
54406,Henri-Bourassa / No 9850
54409,Henri-Bourassa / Marien
54505,Place Marien (nord) / Marien
54492,Place Marien / No 8802
54493,Place Marien / Brault-Martineau Nord
54503,Place Marien / Brault-Martineau Sud
54506,Place Marien / No 8381
54507,Place Marien / No 8201
54410,Marien / Métropolitain
60649,Marien / No 7000
60641,Marien / Sherbrooke
60544,Laurendeau / Forsyth
54497,Broadway / des Vétérans
54430,Broadway / de Montigny
54440,Broadway / Sainte-Catherine
54498,Broadway / Dorchester
54499,Broadway / Victoria
60597,Broadway / No 13
54466,Notre-Dame / Marien
53609,Notre-Dame / 1re Avenue
53625,Notre-Dame / 3e Avenue
53633,Notre-Dame / 6e Avenue
53639,Notre-Dame / 8e Avenue
60546,Saint-Jean-Baptiste / Notre-Dame
53622,Saint-Jean-Baptiste / Victoria
54132,Saint-Jean-Baptiste / No 850
53581,Saint-Jean-Baptiste / De La Gauchetière
53553,Saint-Jean-Baptiste / René-Lévesque
53730,Saint-Jean-Baptiste / Place Pointe-aux-Trembles
53503,Saint-Jean-Baptiste / De Montigny
53480,Saint-Jean-Baptiste / Ontario
53438,Saint-Jean-Baptiste / Forsyth
53427,Saint-Jean-Baptiste / Sherbrooke
53382,Industriel / Saint-Jean-Baptiste
53390,Industriel / Jean-Viel
53759,Industriel / Dollard-Desjardins
53687,Industriel / Jean-Sicard
53406,Industriel / du Tricentenaire
60605,Industriel / No 12755
53884,Industriel / Jean-Grou
53403,Cherrier / 32e Avenue
60606,32e Avenue / Prince-Arthur
60607,32e Avenue / No 3555
60608,32e Avenue / Sherbrooke
53713,Sherbrooke / No 13092
53469,Sherbrooke / Robert-Chevalier
53456,Sherbrooke / du Tricentenaire
53491,du Tricentenaire / Forsyth
53711,du Tricentenaire / No 1735
53540,du Tricentenaire / De Montigny
53547,École Daniel-Johnson
53589,du Tricentenaire / René-Lévesque
53620,du Tricentenaire / Victoria
53665,du Tricentenaire / Notre-Dame
53659,Notre-Dame / 26e Avenue
53646,Notre-Dame / Place Saint-Georges
53630,Notre-Dame / 32e Avenue
53631,Notre-Dame / No 13280
53616,Notre-Dame / 36e Avenue
53606,Notre-Dame / 39e Avenue
53614,Notre-Dame / 41e Avenue
53603,Notre-Dame / 43e Avenue
53592,Notre-Dame / No 13926
60547,De La Rousselière / Victoria
53587,De La Rousselière / Victoria
53557,De La Rousselière / De Montigny
53520,De La Rousselière / Forsyth
60548,De La Rousselière / Sherbrooke
60596,De La Rousselière / No 3000
60549,De La Rousselière / Prince-Arthur
53718,Prince-Arthur / No 14135
53719,52e Avenue / Prince-Arthur
53513,Sherbrooke / 53e Avenue
61582,Gare Pointe-aux-Trembles
53526,Sherbrooke / Réal-Benoit
50119,Sherbrooke / Yves-Thériault
50120,Sherbrooke / Arthur-Généreux
53550,Cimetière Hawthorn-Dale
59316,Sherbrooke / Damien-Gauthier
53570,Sherbrooke / Polyvalente Pointe-aux-Trembles
53565,Sherbrooke / No 15400
53574,Sherbrooke / 81e Avenue
53583,81e Avenue / Forsyth
53635,81e Avenue / Victoria
53643,81e Avenue / Notre-Dame
54379,Notre-Dame / Antoine-Chaudillon
53655,Notre-Dame / Antoine-Chaudillon
53846,Notre-Dame / Raoul-Jobin
53880,Sainte-Maria-Goretti / 93e Avenue
53671,Sainte-Maria-Goretti / 96e Avenue
53715,Sainte-Maria-Goretti / 100e Avenue
53736,100e Avenue / Bureau
