53736,100e Avenue / Bureau
53716,Sainte-Maria-Goretti / 100e Avenue
53670,Sainte-Maria-Goretti / 96e Avenue
53879,Sainte-Maria-Goretti / 93e Avenue
53660,Sainte-Maria-Goretti / Terrasse Maria-Goretti
53654,Notre-Dame / 86e Avenue
54378,Notre-Dame / 83e Avenue
53642,Notre-Dame / 81e Avenue
54384,81e Avenue / Victoria
54383,81e Avenue / Forsyth
54375,81e Avenue / Sherbrooke
53737,Sherbrooke / No 15400
53733,Polyvalente Pointe-aux-Trembles
59315,Sherbrooke / Damien-Gauthier
53732,Cimetière Hawthorn-Dale
50121,Sherbrooke / Arthur-Généreux
53989,Sherbrooke / Yves-Thériault
53731,Sherbrooke / Réal-Benoit
61581,Gare Pointe-aux-Trembles
53512,Sherbrooke / 53e Avenue
53720,52e Avenue / Prince-Arthur
53717,Prince-Arthur / No 14135
60579,Prince-Arthur / De La Rousselière
60598,De La Rousselière / No 3000
60542,De La Rousselière / Sherbrooke
60543,De La Rousselière / Forsyth
53559,De La Rousselière / De Montigny
53586,De La Rousselière / Victoria
53729,CLSC de Pointe-aux-Trembles
53602,Notre-Dame / 43e Avenue
53604,Notre-Dame / 41e Avenue
53607,Notre-Dame / 39e Avenue
53615,Notre-Dame / 36e Avenue
53626,Notre-Dame / No 13295
53629,Notre-Dame / 32e Avenue
53645,Notre-Dame / Place Saint-Georges
53658,Notre-Dame / 26e Avenue
53668,Notre-Dame / 24e Avenue
53667,du Tricentenaire / Notre-Dame
53619,du Tricentenaire / Victoria
53588,du Tricentenaire / René-Lévesque
53710,du Tricentenaire / Joseph-Dargent
53538,du Tricentenaire / De Montigny
53493,du Tricentenaire / No 1735
53490,du Tricentenaire / Forsyth
53455,du Tricentenaire / Sherbrooke
53470,Sherbrooke / Robert-Chevalier
53712,Sherbrooke / No 13092
60609,32e Avenue / Beaudry
60611,32e Avenue / Prince-Arthur
53404,Cherrier / 32e Avenue
53883,Jean-Grou / Industriel
60612,Industriel / No 12755
53405,Industriel / du Tricentenaire
54251,Industriel / Jean-Sicard
53885,Industriel / Dollard-Desjardins
53389,Industriel / Jean-Viel
53381,Industriel / Saint-Jean-Baptiste
53425,Saint-Jean-Baptiste / Sherbrooke
53481,Saint-Jean-Baptiste / Ontario
53504,Saint-Jean-Baptiste / De Montigny
53516,Saint-Jean-Baptiste / Place Pointe-aux-Trembles
53555,Saint-Jean-Baptiste / René-Lévesque
53582,Saint-Jean-Baptiste / De La Gauchetière
54131,Saint-Jean-Baptiste / No 850
53621,Saint-Jean-Baptiste / Victoria
53650,Saint-Jean-Baptiste / Prince-Albert
53638,Notre-Dame / 8e Avenue
53632,Notre-Dame / 6e Avenue
53624,Notre-Dame / 3e Avenue
53608,Notre-Dame / 1re Avenue
54464,Notre-Dame / Marien
54462,Notre-Dame / Broadway
60396,Broadway / Prince-Albert
54452,Broadway / De La Gauchetière
54446,Broadway / Dorchester
54438,Broadway / Sainte-Catherine
54429,Broadway / de Montigny
54424,Broadway / Ontario
60314,Broadway / Forsyth
60643,Sherbrooke / Laurendeau
60653,Marien / No 7000
54486,Marien / Métropolitain
54508,Marien / No 8201
54494,Place Marien / No 8381
54502,Place Marien / Brault-Martineau Sud
54491,Place Marien / No 8801
54504,Place Marien (nord) / Marien
54407,Marien / Henri-Bourassa
50122,Henri-Bourassa / No 9875
52910,Rivière-des-Prairies / Henri-Bourassa
52852,Rivière-des-Prairies / La Martinière
52758,Rivière-des-Prairies / 7e Rue
52654,Rivière-des-Prairies / 6e Rue
54271,Maurice-Duplessis / 62e Avenue
61201,Maurice-Duplessis / No 10000
54313,6e Rue / 71e Avenue
