57356,École Dalbé-Viau (Esther-Blondin / No 745)
57222,Esther-Blondin / Provost
57231,Provost / 16e Avenue
57237,Provost / 12e Avenue
57244,Provost / 10e Avenue
57256,Provost / 7e Avenue
57265,Provost / 5e Avenue
57267,Provost / 3e Avenue
57271,Provost / 1re Avenue
57276,1re Avenue / Saint-Antoine
57273,1re Avenue / Victoria
57278,William-Macdonald / George-V
57280,George-V / Saint-Joseph
57301,Saint-Joseph / George-V
57307,Saint-Joseph / No 160
57310,Saint-Joseph / No 130
61647,Gare du Canal (Saint-Joseph / Victoria)
57333,Saint-Joseph / No 56
57303,Saint-Joseph / No 31
57304,Saint-Joseph / Victoria
56488,Gowans / des Érables
60685,des Érables / Richardson
56458,des Érables / Saint-Pierre
56469,Saint-Jacques / Boyer
56479,Saint-Jacques / Duranceau
56487,Saint-Jacques / No 92
56444,Avon / Ronald
56448,Avon / Brynmor
50851,Saint-Jacques / Elmhurst
50919,Saint-Jacques / West Broadway
53938,Saint-Jacques / Saint-Jacques
54194,Sainte-Anne-de-Bellevue / Saint-Jacques
51099,Saint-Jacques / No 6910
50103,Saint-Jacques / No 6710
50102,Saint-Jacques / No 6640
51152,Saint-Jacques / Cavendish
51404,Saint-Jacques / No 6360
51273,Saint-Jacques / Madison
53815,Saint-Jacques / Hingston
51379,Upper-Lachine / de Clifton
51410,Upper-Lachine / de Melrose
51447,Upper-Lachine / Oxford
51490,Upper-Lachine / Girouard
53935,Station Vendôme
51594,De Maisonneuve / Bulmer
56272,Sainte-Catherine / Victoria
56275,Sainte-Catherine / Béthune
56282,Sainte-Catherine / Irvine
56284,Sainte-Catherine / Metcalfe
56287,Sainte-Catherine / Hillside Lane
56291,Sainte-Catherine / Dorchester
56294,Sainte-Catherine / Greene
56295,Sainte-Catherine / Gladstone
56300,Sainte-Catherine / Atwater
