60238,Station Atwater (Tupper / Atwater)
56302,Place Alexis-Nihon (Ste-Catherine/No 4026)
56296,Sainte-Catherine / Wood
56293,Sainte-Catherine / Greene
56292,Sainte-Catherine / Clarke
56288,Sainte-Catherine / Redfern
56283,Sainte-Catherine / Metcalfe
56280,Sainte-Catherine / Park
56276,Sainte-Catherine / Lansdowne
56270,Sainte-Catherine / Victoria
53764,Station Vendôme / Terminus
51516,Upper-Lachine / Girouard
61603,Upper-Lachine / Oxford
61594,Upper-Lachine / Harvard
51409,Upper-Lachine / de Melrose
51378,Upper-Lachine / de Clifton
53814,Saint-Jacques / Beaconsfield
51272,Saint-Jacques / Madison
51405,Saint-Jacques / No 6340
51151,Saint-Jacques / Cavendish
53933,Saint-Jacques / No 6665
53932,Saint-Jacques / No 6705
53934,Saint-Jacques / No 6945
53937,Saint-Jacques / Helen-Rochester
50918,Saint-Jacques / West Broadway
50849,Saint-Jacques / Elmhurst
56447,Avon / Brynmor
56445,Saint-Jacques / Avon
56478,Saint-Jacques / Ouellette
56467,Saint-Jacques / Boyer
56459,des Érables / Rolland
56457,des Érables / Richardson
56462,Richardson / Saint-Jacques
57305,Saint-Joseph / No 23
57281,Saint-Joseph / No 56
61648,Gare du Canal (Saint-Joseph / Victoria)
57309,Saint-Joseph / No 130
57308,Saint-Joseph / No 160
57279,Saint-Joseph / George-V
57277,George-V / William-Macdonald
57272,Victoria / 1re Avenue
57275,1re Avenue / Saint-Antoine
57270,1re Avenue / Provost
57266,Provost / 3e Avenue
57264,Provost / 5e Avenue
57255,Provost / 7e Avenue
57243,Provost / 10e Avenue
57240,Sherbrooke / 11e Avenue
57234,Sherbrooke / 14e Avenue
57233,Duff Court / Roy
60425,Esther-Blondin / Duff Court
57356,École Dalbé-Viau (Esther-Blondin / No 745)
