61271,des Jockeys / Clanranald
54361,Jean-Talon / Jean-Louis-Lévesque
50510,Station Namur (Décarie / Jean-Talon)
54224,Buchan / Mountain Sights
50532,Mountain Sights / Jean-Talon
53776,Jean-Talon / No 5000
50583,Jean-Talon / Victoria
50609,Jean-Talon / de la Savane
54318,Jean-Talon / Lucerne
54068,Jean-Talon / de Nancy
50694,Jean-Talon / Côte-des-Neiges
50746,Jean-Talon / Frobisher
50822,Jean-Talon / de Dieppe
50104,Gare Canora (Jean-Talon / Wilderton)
56093,Dresden / Aberdare
56121,Dresden / Clyde
56122,Dresden / Rockland
56095,Graham / Rockland
56100,Graham / Markham
51064,Station Acadie (Jean-Talon / de l'Acadie)
51085,Jean-Talon / Wiseman
51114,Jean-Talon / Bloomfield
51127,Jean-Talon / Querbes
51140,Station Parc (Jean-Talon / Hutchison)
51199,Jean-Talon / Alexandra
51227,Jean-Talon / Clark
51266,Jean-Talon / Saint-Dominique
53774,Jean-Talon / Drolet
51322,Station Jean-Talon Sud / De Saint-Vallier
51288,De Castelnau / Saint-Hubert
51311,Station Jean-Talon Nord / Saint-Denis
