51311,Station Jean-Talon Nord / Saint-Denis
51296,Jean-Talon / Henri-Julien
51269,Jean-Talon / Casgrain
51226,Jean-Talon / Clark
51198,Jean-Talon / Alexandra
54170,Station Parc (Jean-Talon / du Parc)
51125,Jean-Talon / Querbes
51113,Jean-Talon / Bloomfield
51084,Jean-Talon / Wiseman
51063,Station Acadie (Jean-Talon / de l'Acadie)
56123,Graham / Markham
56124,Graham / Rockland
56125,Dresden / Rockland
56126,Dresden / Clyde
56127,Dresden / Aberdare
50933,Gare Canora (Jean-Talon / Wilderton)
50922,Jean-Talon / de Dunkirk
50821,Jean-Talon / de Dieppe
50735,Jean-Talon / Mulberry
50693,Jean-Talon / Laird
54067,Jean-Talon / de Nancy
56104,Jean-Talon / Lucerne
50608,Jean-Talon / de la Savane
50581,Jean-Talon / Victoria
53892,Jean-Talon / No 5005
50531,Jean-Talon / Mountain Sights
50507,Station Namur (Jean-Talon / Décarie)
54362,Jean-Talon / Jean-Louis-Lévesque
61271,des Jockeys / Clanranald
