51096,Station Parc (Hutchison / Ogilvy)
51140,Station Parc (Jean-Talon / Hutchison)
51199,Jean-Talon / Alexandra
51227,Jean-Talon / Clark
51266,Jean-Talon / Saint-Dominique
53774,Jean-Talon / Drolet
51322,Station Jean-Talon Sud / De Saint-Vallier
51337,Station Jean-Talon Est / Saint-Hubert
51358,Jean-Talon / Christophe-Colomb
51386,Jean-Talon / De Normanville
51413,Jean-Talon / De Lanaudière
51436,Station Fabre (Jean-Talon / Fabre)
51453,Station Fabre (Jean-Talon / Papineau)
51478,Jean-Talon / Chabot
51500,Jean-Talon / De Lorimier
51528,Jean-Talon / Louis-Hémon
51554,Station D'Iberville (Jean-Talon / Louis-Hébert)
51566,Station D'Iberville (Jean-Talon / D'Iberville)
51588,Jean-Talon / 1re Avenue
51609,Jean-Talon / 8e Avenue
51633,Jean-Talon / Saint-Michel
51663,Jean-Talon / 13e Avenue
51693,Jean-Talon / 15e Avenue
51707,Jean-Talon / 17e Avenue
51749,Jean-Talon / 19e Avenue
51759,20e Avenue / Jean-Talon
54094,20e Avenue / Everett
51737,Everett / Pie-IX
