51737,Everett / Pie-IX
54298,Pie-IX / Jean-Talon
51757,Jean-Talon / 20e Avenue
51706,Jean-Talon / 17e Avenue
51692,Jean-Talon / 15e Avenue
51662,Jean-Talon / 13e Avenue
51631,Jean-Talon / Saint-Michel
51608,Jean-Talon / 8e Avenue
51587,Jean-Talon / 1re Avenue
51564,Station D'Iberville (Jean-Talon / D'Iberville)
51527,Jean-Talon / Louis-Hémon
51498,Jean-Talon / De Lorimier
51477,Jean-Talon / Chabot
51454,Station Fabre (Jean-Talon / Papineau)
51435,Station Fabre (Jean-Talon / Fabre)
51412,Jean-Talon / Garnier
51385,Jean-Talon / De Normanville
51356,Jean-Talon / Christophe-Colomb
51336,Station Jean-Talon Est / Saint-Hubert
51330,Jean-Talon / De Chateaubriand
54095,Station Jean-Talon Nord (Jean-Talon / Berri)
51296,Jean-Talon / Henri-Julien
51269,Jean-Talon / Casgrain
51226,Jean-Talon / Clark
51198,Jean-Talon / Alexandra
51096,Station Parc (Hutchison / Ogilvy)
