53136,du Havre / Sainte-Catherine
54071,Frontenac / Mondelet
53092,Frontenac / Logan
53067,Frontenac / La Fontaine
54038,Station Frontenac (Frontenac / Ontario)
52934,Frontenac / de Rouen
52857,Frontenac / Hochelaga
52770,Frontenac / Sherbrooke
52712,Frontenac / Rachel
52616,Frontenac / Marie-Anne
52502,Frontenac / du Mont-Royal
52387,D'Iberville / Frontenac
52343,D'Iberville / Saint-Joseph
52187,D'Iberville / Masson
54130,D'Iberville / No 5455
52098,D'Iberville / Dandurand
52037,D'Iberville / Holt
51955,D'Iberville / Rosemont
51897,D'Iberville / de Bellechasse
51802,D'Iberville / Beaubien
51717,D'Iberville / Saint-Zotique
51635,D'Iberville / Bélanger
51567,Station D'Iberville (D'Iberville / Jean-Talon)
51512,D'Iberville / Everett
51457,D'Iberville / L.-O.-David
51414,D'Iberville / Villeray
51364,D'Iberville / Tillemont
53772,D'Iberville / Crémazie
51315,D'Iberville / Jarry
51340,2e Avenue / Jarry
54303,Cirque du Soleil
