54303,Cirque du Soleil
51338,2e Avenue / Jarry
53773,D'Iberville / Crémazie
51365,D'Iberville / Tillemont
51416,D'Iberville / Villeray
51458,D'Iberville / L.-O.-David
51513,D'Iberville / Everett
51565,Station D'Iberville (D'Iberville / Jean-Talon)
51638,D'Iberville / Bélanger
51718,D'Iberville / Saint-Zotique
51804,D'Iberville / Beaubien
51898,D'Iberville / de Bellechasse
51957,D'Iberville / Rosemont
52038,D'Iberville / Holt
52099,D'Iberville / Dandurand
52189,D'Iberville / Masson
52192,D'Iberville / Masson
52345,D'Iberville / Saint-Joseph
52367,D'Iberville / Voie ferrée
52503,D'Iberville / du Mont-Royal
52586,D'Iberville / Marie-Anne
52687,D'Iberville / Rachel
52764,D'Iberville / Sherbrooke
52858,Hochelaga / Frontenac
52864,du Havre / Hochelaga
52946,du Havre / de Rouen
53016,Station Frontenac (du Havre / Ontario)
53075,du Havre / La Fontaine
53112,du Havre / De Maisonneuve
53136,du Havre / Sainte-Catherine
