54212,Station Jean-Talon Sud / De Chateaubriand
51403,Bélanger / Saint-Hubert
51434,Bélanger / Christophe-Colomb
51456,Bélanger / De Normanville
51485,Bélanger / De Lanaudière
51515,Bélanger / Fabre
51537,Bélanger / Papineau
51561,Bélanger / Chabot
51582,Bélanger / De Lorimier
51600,Bélanger / Louis-Hémon
51637,Bélanger / D'Iberville
51683,Bélanger / 6e Avenue
51704,Bélanger / 9e Avenue
51746,Bélanger / Saint-Michel
51773,Bélanger / 13e Avenue
51796,Bélanger / 15e Avenue
51830,Bélanger / 17e Avenue
51854,Bélanger / 19e Avenue
51913,Bélanger / Pie-IX
51941,Bélanger / 24e Avenue
51968,Bélanger / 26e Avenue
51999,Bélanger / 28e Avenue
52016,Bélanger / 30e Avenue
52064,Bélanger / 33e Avenue
52092,Bélanger / 35e Avenue
52119,Bélanger / Viau
52164,Bélanger / 40e Avenue
52225,Bélanger / 43e Avenue
52256,Bélanger / de l'Assomption
52280,Bélanger / Châtelain
52319,Bélanger / de Pontoise
52342,Bélanger / Lacordaire
55002,Bélanger / Valdombre
55003,Bélanger / d'Avila
55005,Bélanger / Dumesnil
55008,Bélanger / Daveluy
52492,Bélanger / Langelier
52555,Bélanger / Jean-Milot
52584,Bélanger / Étienne-Bouchard
54697,des Halles / Bélanger
54578,des Halles / Jean-Talon
54582,Jean-Talon / des Galeries-d'Anjou
54719,des Galeries d'Anjou / Halles d'Anjou
