54719,des Galeries d'Anjou / Halles d'Anjou
54728,des Galeries-d'Anjou / Bélanger
54376,Bélanger / des Halles
52583,Bélanger / Étienne-Bouchard
52554,Bélanger / Jean-Milot
52490,Bélanger / Langelier
55007,Bélanger / Daveluy
55006,Bélanger / Dumesnil
55004,Bélanger / Liénart
55001,Bélanger / Valdombre
52340,Bélanger / Lacordaire
52318,Bélanger / de Pontoise
52279,Bélanger / Châtelain
52254,Bélanger / de l'Assomption
52224,Bélanger / Sagamo
52163,Bélanger / 40e Avenue
52117,Institut de cardiologie (Viau / Bélanger)
52091,Bélanger / 35e Avenue
52063,Bélanger / 33e Avenue
52030,Bélanger / 31e Avenue
51998,Bélanger / 28e Avenue
51967,Bélanger / 26e Avenue
51940,Bélanger / 24e Avenue
51911,Bélanger / Pie-IX
51853,Bélanger / 19e Avenue
51812,Bélanger / 16e Avenue
51772,Bélanger / 13e Avenue
51744,Bélanger / Saint-Michel
51703,Bélanger / 9e Avenue
51682,Bélanger / 6e Avenue
51636,Bélanger / D'Iberville
51599,Bélanger / Louis-Hémon
51580,Bélanger / De Lorimier
51560,Bélanger / Chabot
51535,Bélanger / Papineau
51514,Bélanger / Fabre
51484,Bélanger / De Lanaudière
51455,Bélanger / De Normanville
51432,Bélanger / Christophe-Colomb
51402,Bélanger / Saint-Hubert
51362,Bélanger / Saint-Denis
51310,Saint-Denis / Jean-Talon
54211,Jean-Talon / De Saint-Vallier
