54010,Parc du Mont-Royal
51883,du Mont-Royal / du Parc
51884,du Mont-Royal / Jeanne-Mance
51939,du Mont-Royal / Saint-Urbain
51966,du Mont-Royal / Saint-Laurent
52006,du Mont-Royal / De Bullion
52036,du Mont-Royal / Henri-Julien
52057,du Mont-Royal / Saint-Denis
52084,Station Mont-Royal (du Mont-Royal / Berri)
52101,du Mont-Royal / Resther
52138,du Mont-Royal / de Mentana
52162,du Mont-Royal / Christophe-Colomb
52185,du Mont-Royal / De La Roche
52230,du Mont-Royal / De Lanaudière
52274,du Mont-Royal / Fabre
52308,du Mont-Royal / Papineau
52352,du Mont-Royal / Chabot
52383,du Mont-Royal / De Lorimier
52418,du Mont-Royal / Parthenais
52468,du Mont-Royal / Fullum
52524,du Mont-Royal / D'Iberville
52586,D'Iberville / Marie-Anne
52714,Rachel / Frontenac
52756,Rachel / Montgomery
60657,Rachel / Molson
50113,Rachel / André-Laurendeau
52769,Rachel / Dézéry
52823,Rachel / Saint-Michel
53825,Saint-Michel / William-Tremblay
54052,Saint-Michel / du Mont-Royal
52699,du Mont-Royal / Moïse-Picard
52738,du Mont-Royal / De Chambly
52773,du Mont-Royal / Bourbonnière
52833,du Mont-Royal / Pie-IX
52951,Pie-IX / Rachel
53020,Station Pie-IX (Pierre-de-Coubertin / Pie-IX)
