53020,Station Pie-IX (Pierre-de-Coubertin / Pie-IX)
54096,Pierre-De Coubertin / Charlemagne
53001,Pierre-De Coubertin / Bourbonnière
52956,Bourbonnière / Sherbrooke
54009,Bourbonnière / Rachel
52774,du Mont-Royal / Bourbonnière
52734,du Mont-Royal / De Chambly
52684,du Mont-Royal / Moïse-Picard
52638,du Mont-Royal / Euclide-Brien
53826,Saint-Michel / William-Tremblay
52810,Rachel / Saint-Michel
52768,Rachel / Midway
53791,Rachel / André-Laurendeau
60658,Rachel / Molson
52755,Rachel / Bercy
52713,Rachel / Frontenac
52616,Frontenac / Marie-Anne
52504,du Mont-Royal / Frontenac
52453,du Mont-Royal / Fullum
52417,du Mont-Royal / Parthenais
52381,du Mont-Royal / De Lorimier
52351,du Mont-Royal / Chabot
52306,du Mont-Royal / Papineau
52273,du Mont-Royal / Fabre
52232,du Mont-Royal / De Lanaudière
52184,du Mont-Royal / De La Roche
52160,du Mont-Royal / Christophe-Colomb
52137,du Mont-Royal / de Mentana
52100,du Mont-Royal / Saint-Hubert
54005,Station Mont-Royal
52055,du Mont-Royal / Saint-Denis
52035,du Mont-Royal / Henri-Julien
52005,du Mont-Royal / De Bullion
51972,du Mont-Royal / Saint-Laurent
51937,du Mont-Royal / Saint-Urbain
54079,du Mont-Royal / Jeanne-Mance
54010,Parc du Mont-Royal
