54172,Station Jean-Talon Nord / Lajeunesse
54145,Lajeunesse / De Castelnau
54146,Lajeunesse / Faillon
51141,Lajeunesse / Villeray
51159,Villeray / Foucher
51174,Villeray / Saint-Hubert
51210,Villeray / Christophe-Colomb
51256,Villeray / Chambord
54239,Villeray / Garnier
51304,Villeray / Papineau
51329,Villeray / Chabot
51354,Villeray / De Lorimier
51380,Villeray / Louis-Hémon
51417,Villeray / D'Iberville
51437,Villeray / 1re Avenue
51450,Villeray / 6e Avenue
51483,Villeray / 8e Avenue
51520,Villeray / Saint-Michel
51625,François-Perrault / 13e Avenue
51575,François-Perrault / 14e Avenue
51597,Villeray / Léonard-De Vinci
51618,Villeray / 19e Avenue
61553,Villeray / 20e Avenue
51659,Villeray / Pie-IX
51666,Villeray / 23e Avenue
53784,Villeray / Villeray
51753,Everett / Buies
