51753,Everett / Buies
51657,Villeray / Pie-IX
51650,Villeray / 22e Avenue
51617,Villeray / 19e Avenue
51596,Villeray / Léonard-De Vinci
51592,Shaughnessy / François-Perrault
53990,François-Perrault / Michel-Ange
51518,Villeray / Saint-Michel
51492,Villeray / 9e Avenue
53783,Villeray / 6e Avenue
51444,Villeray / 2e Avenue
51415,Villeray / D'Iberville
51381,Villeray / Sagard
51352,Villeray / De Lorimier
51328,Villeray / Chabot
51302,Villeray / Papineau
54240,Villeray / Garnier
51255,Villeray / Chambord
51208,Villeray / Christophe-Colomb
51173,Villeray / Saint-Hubert
53781,De Chateaubriand / Villeray
53782,De Chateaubriand / Faillon
51289,De Chateaubriand / De Castelnau
54172,Station Jean-Talon Nord / Lajeunesse
