10118,Station Angrignon
10120,Station Monk
10122,Station Jolicoeur
10124,Station Verdun
10126,Station De l'Église
10128,Station LaSalle
10130,Station Charlevoix
10132,Station Lionel-Groulx
10134,Station Atwater
10136,Station Guy-Concordia
10138,Station Peel
10140,Station McGill
10142,Station Place-des-Arts
10144,Station Saint-Laurent
10146,Station Berri-UQAM
10148,Station Beaudry
10150,Station Papineau
10152,Station Frontenac
10154,Station Préfontaine
10156,Station Joliette
10158,Station Pie-IX
10160,Station Viau
10162,Station Assomption
10164,Station Cadillac
10166,Station Langelier
10168,Station Radisson
10170,Station Honoré-Beaugrand
