10222,Station Côte-Vertu
10224,Station Du Collège
10228,Station De la Savane
10230,Station Namur
10232,Station Plamondon
10234,Station Côte-Sainte-Catherine
10236,Station Snowdon
10238,Station Villa-Maria
10242,Station Vendôme
10244,Station Place-Saint-Henri
10132,Station Lionel-Groulx
10248,Station Georges-Vanier
10250,Station Lucien-L'Allier
10252,Station Bonaventure
10254,Station Square-Victoria–OACI
10256,Station Place-d'Armes
10258,Station Champ-de-Mars
10146,Station Berri-UQAM
10262,Station Sherbrooke
10264,Station Mont-Royal
10266,Station Laurier
10268,Station Rosemont
10270,Station Beaubien
10272,Station Jean-Talon
10274,Station Jarry
10276,Station Crémazie
10278,Station Sauvé
10280,Station Henri-Bourassa
10282,Station Cartier
10286,Station De la Concorde
10288,Station Montmorency
