10288,Station Montmorency
10286,Station De la Concorde
10282,Station Cartier
10280,Station Henri-Bourassa
10278,Station Sauvé
10276,Station Crémazie
10274,Station Jarry
10272,Station Jean-Talon
10270,Station Beaubien
10268,Station Rosemont
10266,Station Laurier
10264,Station Mont-Royal
10262,Station Sherbrooke
10146,Station Berri-UQAM
10258,Station Champ-de-Mars
10256,Station Place-d'Armes
10254,Station Square-Victoria–OACI
10252,Station Bonaventure
10250,Station Lucien-L'Allier
10248,Station Georges-Vanier
10132,Station Lionel-Groulx
10244,Station Place-Saint-Henri
10242,Station Vendôme
10238,Station Villa-Maria
10236,Station Snowdon
10234,Station Côte-Sainte-Catherine
10232,Station Plamondon
10230,Station Namur
10228,Station De la Savane
10224,Station Du Collège
10222,Station Côte-Vertu
