10170,Station Honoré-Beaugrand
10168,Station Radisson
10166,Station Langelier
10164,Station Cadillac
10162,Station Assomption
10160,Station Viau
10158,Station Pie-IX
10156,Station Joliette
10154,Station Préfontaine
10152,Station Frontenac
10150,Station Papineau
10148,Station Beaudry
10146,Station Berri-UQAM
10144,Station Saint-Laurent
10142,Station Place-des-Arts
10140,Station McGill
10138,Station Peel
10136,Station Guy-Concordia
10134,Station Atwater
10132,Station Lionel-Groulx
10130,Station Charlevoix
10128,Station LaSalle
10126,Station De l'Église
10124,Station Verdun
10122,Station Jolicoeur
10120,Station Monk
10118,Station Angrignon
