10,De Lorimier
11,Parc-du-Mont-Royal / Ridgewood
12,Île-des-Soeurs
13,Christophe-Colomb
14,Amherst
15,Sainte-Catherine
16,Graham
17,Décarie
18,Beaubien
19,Chabanel / Marché Central
21,Place du Commerce
22,Notre-Dame
24,Sherbrooke
25,Angus
26,Mercier-Est
27,Boulevard Saint-Joseph
28,Honoré-Beaugrand
29,Rachel
30,Saint-Denis / Saint-Hubert
31,Saint-Denis
32,Lacordaire
33,Langelier
34,Sainte-Catherine
36,Monk
37,Jolicoeur
39,Des Grandes-Prairies
40,Henri-Bourassa-Est
41,Quartier Saint-Michel / Ahuntsic
43,Monselet
44,Armand-Bombardier
45,Papineau
46,Casgrain
47,Masson
48,Perras
49,Maurice-Duplessis
51,Édouard-Montpetit
52,de Liège
53,Boulevard Saint-Laurent
54,Charland / Chabanel
55,Boulevard Saint-Laurent
56,Saint-Hubert
57,Pointe-Saint-Charles
58,Wellington
61,Wellington
63,Girouard
64,Grenet
66,The Boulevard
67,Saint-Michel
68,Pierrefonds
69,Gouin
70,Bois-Franc
71,Du Centre
72,Alfred-Nobel
73,Dalton
74,Bridge
75,De la Commune
76,McArthur
77,Station Lionel-Groulx / CUSM
78,Laurendeau
80,Avenue du Parc
85,Hochelaga
86,Pointe-aux-Trembles
90,Saint-Jacques
92,Jean-Talon Ouest
93,Jean-Talon
94,D'Iberville
95,Bélanger
97,Avenue-du-Mont-Royal
99,Villeray
100,Crémazie
101,Saint-Patrick
102,Somerled
103,Monkland
104,Cavendish
105,Sherbrooke
106,Newman
107,Verdun
108,Bannantyne
109,Boulevard Shevchenko
110,Centrale
112,Airlie
113,Lapierre
115,Paré
116,Lafleur / Norman
117,O'Brien
119,Rockland
121,Sauvé / Côte-Vertu
123,Dollard
124,Victoria
125,Ontario
126,Polyvalente Émile-Legault
128,Ville-Saint-Laurent
129,Côte-Sainte-Catherine
131,De l'Assomption
135,De l'Esplanade
136,Viau
138,Notre-Dame-de-Grâce
139,Pie-IX
140,Fleury
141,Jean-Talon Est
144,Avenue des Pins
146,Christophe-Colomb / Meilleur
150,René-Lévesque
160,Barclay
161,Van Horne
162,Westminster
164,Dudemaine
165,Côte-des-Neiges
166,Queen-Mary
168,Cité-du-Havre
170,Keller
171,Henri-Bourassa
174,Côte-Vertu-Ouest
175,Griffith / Saint-François
177,Thimens
178,Pointe-Nord / Île-des-Soeurs
179,De l'Acadie
180,De Salaberry
183,Gouin Est
185,Sherbrooke
186,Sherbrooke-Est
187,René-Lévesque
188,Couture
189,Notre-Dame
191,Broadway / Provost
192,Robert
193,Jarry
195,Sherbrooke / Notre-Dame
196,Parc-Industriel-Lachine
197,Rosemont
200,Sainte-Anne-de-Bellevue
201,Saint-Charles / Saint-Jean
202,Dawson
203,Carson
204,Cardinal
205,Gouin
206,Roger-Pilon
207,Jacques-Bizard
208,Brunswick
209,Des Sources
211,Bord-du-Lac
212,Sainte-Anne
213,Parc-Industriel-Saint-Laurent
215,Henri-Bourassa
216,Transcanadienne
217,Anse-à-l'Orme
218,Antoine-Faucon
219,Chemin Sainte-Marie
220,Kieran
225,Hymus
252,Navette Or Montréal-Nord
253,Navette Or Saint-Michel
254,Navette Or Rosemont
256,Navette Or LaSalle
257,Navette Or Rivière-des-Prairies
258,Navette Or Hochelaga-Maisonneuve
259,Navette Or Mercier-Ouest
260,Navette Or Anjou
262,Navette Or Côte-Saint-Luc
263,Navette Or Bordeaux-Cartierville
350,Verdun / LaSalle
353,Lacordaire / Maurice-Duplessis
354,Sainte-Anne-de-Bellevue / Centre-ville
355,Pie-IX
356,Lachine / Montréal-Trudeau / Des Sources
357,Saint-Michel
358,Sainte-Catherine
359,Papineau
360,Avenue des Pins
361,Saint-Denis
362,Hochelaga / Notre-Dame
363,Boulevard Saint-Laurent
364,Sherbrooke / Joseph-Renaud
365,Avenue du Parc
368,Avenue-du-Mont-Royal
369,Côte-des-Neiges
370,Rosemont
371,Décarie
372,Jean-Talon
376,Pierrefonds / Centre-ville
378,Sauvé / Montréal-Trudeau
380,Henri-Bourassa
382,Pierrefonds / Saint-Charles
401,Express Saint-Charles
405,Express Bord-du-Lac
406,Express Newman
407,Express Île-Bizard
409,Express Des Sources
410,Express Notre-Dame
411,Express Lionel-Groulx
419,Express John Abbott
420,Express Notre-Dame-de-Grâce
425,Express Anse-à-l'Orme
427,Express Saint-Joseph
430,Express Pointe-aux-Trembles
432,Express Lacordaire
435,Express Du Parc / Côte-des-Neiges
439,Express Pie-IX
440,Express Charleroi
444,Express Cégep Marie-Victorin
448,Express Maurice-Duplessis
449,Express Rivière-des-Prairies
460,Express Métropolitaine
467,Express Saint-Michel
468,Express Pierrefonds / Gouin
469,Express Henri-Bourassa
470,Express Pierrefonds
475,Express Dollard-des-Ormeaux
485,Express Antoine-Faucon
486,Express Sherbrooke
487,Express Bout-de-l'Île
491,Express Lachine
495,Express Lachine / LaSalle
496,Express Victoria
711,Parc-du-Mont-Royal / Oratoire
715,Vieux-Montréal / Vieux-Port
747,Aéroport P.-E.-Trudeau / Centre-ville
767,La Ronde / La Plage
769,La Ronde
777,Le Casino
804,Navette
